term,estimate,std.error,lower,upper,Experiment,Year,Trait
b_Intercept,0.008480753112718327,0.7374069545890775,-1.163603160710491,1.1720574503458419,Wind,2012,Trait.PC1
sd_Block__Intercept,0.15147123204620874,0.12052382784155223,0.011537335314695425,0.3770934872430908,Wind,2012,Trait.PC1
sd_Genotype__Intercept,0.5026780282289689,0.2269399937271473,0.14814316019176238,0.8977920641522776,Wind,2012,Trait.PC1
sd_Genotype:Wind.Exposure__Intercept,0.34635459490310694,0.19004277652556315,0.05266274742812047,0.6764927443413704,Wind,2012,Trait.PC1
sd_Plot_code__Intercept,0.2767438158572113,0.14187309336803183,0.04400201165875216,0.523973839015823,Wind,2012,Trait.PC1
sd_Wind.Exposure__Intercept,0.8570737399818352,0.4929417421120285,0.25557775539599736,1.80561830724991,Wind,2012,Trait.PC1
sigma,1.1231892707904354,0.06259814888242611,1.024168295962427,1.2299159193106675,Wind,2012,Trait.PC1
"r_Block[1,Intercept]",0.025863060335948006,0.15266317158112627,-0.19513324624559775,0.29458129631203156,Wind,2012,Trait.PC1
"r_Block[2,Intercept]",-0.05034598848149156,0.15361716462453073,-0.3318996926479136,0.1646184896214342,Wind,2012,Trait.PC1
"r_Block[3,Intercept]",0.023341206582039305,0.14714883227188577,-0.18887053050323593,0.2885037256825021,Wind,2012,Trait.PC1
"r_Block[4,Intercept]",0.03791445193429052,0.15798640546806356,-0.1857496530829522,0.32008115582423297,Wind,2012,Trait.PC1
"r_Block[5,Intercept]",0.017587862222223295,0.14412958996119163,-0.20854065294410734,0.26131211163795354,Wind,2012,Trait.PC1
"r_Block[6,Intercept]",-0.09819675504893717,0.17693552049616698,-0.44284253928167705,0.10493214331277298,Wind,2012,Trait.PC1
"r_Block[7,Intercept]",0.03945941298910189,0.15305190891666418,-0.17035990526845812,0.3250650746588239,Wind,2012,Trait.PC1
"r_Block[8,Intercept]",0.06651117929080569,0.15988099894517777,-0.13931380221862913,0.37951602066436946,Wind,2012,Trait.PC1
"r_Block[9,Intercept]",-0.044624929791222706,0.15707252244995443,-0.33310348452184496,0.18824065959465971,Wind,2012,Trait.PC1
"r_Block[10,Intercept]",-0.006239440551969518,0.14712596304633505,-0.2470820743622609,0.22993814261042755,Wind,2012,Trait.PC1
"r_Genotype[F,Intercept]",-0.05538380565442471,0.30992684519867275,-0.5718136245125541,0.440575121426907,Wind,2012,Trait.PC1
"r_Genotype[G,Intercept]",-0.8408816303722351,0.45889220026317573,-1.5578858346865756,-0.03815679171226416,Wind,2012,Trait.PC1
"r_Genotype[I,Intercept]",-0.12052786749774433,0.3160043937247954,-0.6597589057181437,0.38520524190513455,Wind,2012,Trait.PC1
"r_Genotype[J,Intercept]",0.04144931712604127,0.3143604424621707,-0.465994627148904,0.5590280296561015,Wind,2012,Trait.PC1
"r_Genotype[L,Intercept]",0.5026172948430712,0.37014364075851774,-0.05608396866489371,1.1349252376194157,Wind,2012,Trait.PC1
"r_Genotype[S,Intercept]",0.08363080528889523,0.3081808893062372,-0.4032993577323841,0.6061946821087466,Wind,2012,Trait.PC1
"r_Genotype[T,Intercept]",0.16556180141966967,0.30961845701174306,-0.3096573273045871,0.6845471868907592,Wind,2012,Trait.PC1
"r_Genotype[U,Intercept]",-0.13273246934114974,0.31919870823035423,-0.6705913633830485,0.36333573842136097,Wind,2012,Trait.PC1
"r_Genotype[W,Intercept]",0.353403254470158,0.3373201631353709,-0.15340723088421263,0.9065495808929831,Wind,2012,Trait.PC1
"r_Genotype[X,Intercept]",-0.020326314932333292,0.3092372466792699,-0.5449969126079464,0.4646568651568013,Wind,2012,Trait.PC1
"r_Genotype:Wind.Exposure[F_Exposed,Intercept]",0.026378190172370645,0.28842458648589464,-0.45056419708941536,0.5211611019005828,Wind,2012,Trait.PC1
"r_Genotype:Wind.Exposure[F_Unexposed,Intercept]",-0.07399306950885515,0.2851792072148501,-0.5555919346823553,0.3865724348789878,Wind,2012,Trait.PC1
"r_Genotype:Wind.Exposure[G_Exposed,Intercept]",-0.18718627128937554,0.38870300507825944,-0.9724474175971229,0.3327818658430317,Wind,2012,Trait.PC1
"r_Genotype:Wind.Exposure[G_Unexposed,Intercept]",-0.4004673462455085,0.4355821557661883,-1.2535699148917896,0.12025513086152767,Wind,2012,Trait.PC1
"r_Genotype:Wind.Exposure[I_Exposed,Intercept]",0.003323527822655764,0.2909314246071195,-0.4946538840990982,0.48355312679485657,Wind,2012,Trait.PC1
"r_Genotype:Wind.Exposure[I_Unexposed,Intercept]",-0.06894513408957302,0.29242553076971073,-0.5818281409883724,0.41192127520264465,Wind,2012,Trait.PC1
"r_Genotype:Wind.Exposure[J_Exposed,Intercept]",-0.29473057368163547,0.3249987884774633,-0.8920391908243903,0.12072757590177183,Wind,2012,Trait.PC1
"r_Genotype:Wind.Exposure[J_Unexposed,Intercept]",0.3313942097450896,0.354755504750506,-0.11849491924709263,0.9837242608632408,Wind,2012,Trait.PC1
"r_Genotype:Wind.Exposure[L_Exposed,Intercept]",0.04983285762622391,0.3079125682687259,-0.4311582029307327,0.6104598134366357,Wind,2012,Trait.PC1
"r_Genotype:Wind.Exposure[L_Unexposed,Intercept]",0.3094474090505603,0.38079220345359205,-0.1783202283206351,1.0458878534391445,Wind,2012,Trait.PC1
"r_Genotype:Wind.Exposure[S_Exposed,Intercept]",-0.028134323729836673,0.29767663165989994,-0.5293617035750848,0.46838560984988165,Wind,2012,Trait.PC1
"r_Genotype:Wind.Exposure[S_Unexposed,Intercept]",0.07579512937253752,0.2889028325286897,-0.3739147148968426,0.591809666160536,Wind,2012,Trait.PC1
"r_Genotype:Wind.Exposure[T_Exposed,Intercept]",0.2793827129958753,0.32473837384002213,-0.14454229860708606,0.8955688981105482,Wind,2012,Trait.PC1
"r_Genotype:Wind.Exposure[T_Unexposed,Intercept]",-0.16034606340791496,0.29763409001876895,-0.6985298456783533,0.27078112652142805,Wind,2012,Trait.PC1
"r_Genotype:Wind.Exposure[U_Exposed,Intercept]",-0.07278880703313101,0.2997589150852996,-0.6039132473393428,0.3864193312654983,Wind,2012,Trait.PC1
"r_Genotype:Wind.Exposure[U_Unexposed,Intercept]",-0.013069995368303182,0.29956942078744936,-0.5186221094686083,0.4795259320807369,Wind,2012,Trait.PC1
"r_Genotype:Wind.Exposure[W_Exposed,Intercept]",0.05287279688469304,0.29801053551411494,-0.41185236489222676,0.588723666004207,Wind,2012,Trait.PC1
"r_Genotype:Wind.Exposure[W_Unexposed,Intercept]",0.20374750848749398,0.3286366051930627,-0.2397129177772112,0.8222085187682159,Wind,2012,Trait.PC1
"r_Genotype:Wind.Exposure[X_Exposed,Intercept]",-0.0026077013795845986,0.2879132796055151,-0.49356862644231436,0.46675701767462185,Wind,2012,Trait.PC1
"r_Genotype:Wind.Exposure[X_Unexposed,Intercept]",-0.006758781813211362,0.2884010018456265,-0.47625356434353733,0.48086162242651476,Wind,2012,Trait.PC1
"r_Plot_code[10_Exposed,Intercept]",-0.1146280354266516,0.2326270363727456,-0.5239556252264023,0.22183768364946932,Wind,2012,Trait.PC1
"r_Plot_code[10_Unexposed,Intercept]",0.10572314279307374,0.2408929689484638,-0.2527273833882125,0.5433644430556066,Wind,2012,Trait.PC1
"r_Plot_code[1_Exposed,Intercept]",0.1564007870165476,0.23814970246942058,-0.18206310517538946,0.5857909061435683,Wind,2012,Trait.PC1
"r_Plot_code[1_Unexposed,Intercept]",-0.07892269331092724,0.2336539383020162,-0.48909950600459423,0.28669975862862207,Wind,2012,Trait.PC1
"r_Plot_code[2_Exposed,Intercept]",0.12515548937400206,0.2419525376058054,-0.23072646376171493,0.5566494107240062,Wind,2012,Trait.PC1
"r_Plot_code[2_Unexposed,Intercept]",-0.2839070120377325,0.285117875331511,-0.7987678869766884,0.09492924397835249,Wind,2012,Trait.PC1
"r_Plot_code[3_Exposed,Intercept]",0.0027676717652933983,0.23228758213290415,-0.3859368222853066,0.38958947285548984,Wind,2012,Trait.PC1
"r_Plot_code[3_Unexposed,Intercept]",0.06224811918414801,0.23527604956540085,-0.2900464279778655,0.46617923150619506,Wind,2012,Trait.PC1
"r_Plot_code[4_Exposed,Intercept]",0.070730806769783,0.23640572839666904,-0.2953131695179339,0.4904385408129691,Wind,2012,Trait.PC1
"r_Plot_code[4_Unexposed,Intercept]",0.0464810084340869,0.2342482114774052,-0.3180426235602353,0.44855957881792774,Wind,2012,Trait.PC1
"r_Plot_code[5_Exposed,Intercept]",-0.062009020727640383,0.24168353352763028,-0.49222332454774254,0.31465861137798007,Wind,2012,Trait.PC1
"r_Plot_code[5_Unexposed,Intercept]",0.10640191632973686,0.23969001325081318,-0.26647406848628324,0.529021713755916,Wind,2012,Trait.PC1
"r_Plot_code[6_Exposed,Intercept]",-0.2108730104635752,0.2667325111854713,-0.697383383229876,0.15002284114020684,Wind,2012,Trait.PC1
"r_Plot_code[6_Unexposed,Intercept]",-0.09298129715820277,0.24280289193334398,-0.5262794435031515,0.2811450823633614,Wind,2012,Trait.PC1
"r_Plot_code[7_Exposed,Intercept]",0.19330801074312504,0.2580179364835705,-0.15308791919015372,0.674549384673613,Wind,2012,Trait.PC1
"r_Plot_code[7_Unexposed,Intercept]",-0.06485627678437728,0.23313027508729406,-0.4644216250388421,0.3029742610232645,Wind,2012,Trait.PC1
"r_Plot_code[8_Exposed,Intercept]",0.048605212953154765,0.23381865179948755,-0.33485294739452764,0.45218675038980455,Wind,2012,Trait.PC1
"r_Plot_code[8_Unexposed,Intercept]",0.1478203316336723,0.25238264150439577,-0.21822764822267698,0.6016191192501023,Wind,2012,Trait.PC1
"r_Plot_code[9_Exposed,Intercept]",-0.3352825176116157,0.3071488028387177,-0.9150796816650381,0.054011641808871955,Wind,2012,Trait.PC1
"r_Plot_code[9_Unexposed,Intercept]",0.1893858446725005,0.26090755871238097,-0.16958598846410108,0.6655318735417677,Wind,2012,Trait.PC1
"r_Wind.Exposure[Exposed,Intercept]",-0.40758776136126823,0.7208087168615727,-1.572514410729088,0.6816258898994756,Wind,2012,Trait.PC1
"r_Wind.Exposure[Unexposed,Intercept]",0.39146233621560333,0.7167811781468217,-0.7052377226598467,1.5544207677926138,Wind,2012,Trait.PC1
lp__,-403.3237482971762,7.845434743159105,-416.7244066181804,-390.7078053048537,Wind,2012,Trait.PC1
b_Intercept,0.022502967368512854,0.48076600289490273,-0.6441147324911894,0.7566832858790246,Wind,2012,Trait.PC2
sd_Block__Intercept,0.1918747351546017,0.13085526953278626,0.02023061633385575,0.4360257073222609,Wind,2012,Trait.PC2
sd_Genotype__Intercept,0.5333725843163653,0.18054443942011456,0.29154288343482093,0.8580895508100433,Wind,2012,Trait.PC2
sd_Genotype:Wind.Exposure__Intercept,0.1507211765056054,0.11964917648640658,0.012346536626531493,0.37823281214380683,Wind,2012,Trait.PC2
sd_Plot_code__Intercept,0.2387303228718849,0.12405308402385255,0.037491670112266874,0.4491382074559835,Wind,2012,Trait.PC2
sd_Wind.Exposure__Intercept,0.428534529123977,0.43818642217647935,0.01796250421592102,1.3469841660390798,Wind,2012,Trait.PC2
sigma,0.9574117351153819,0.05200738901158597,0.8726511807688654,1.0480005018199534,Wind,2012,Trait.PC2
"r_Block[1,Intercept]",-0.20000158491268033,0.22348090025136805,-0.630625521930933,0.05676205749996624,Wind,2012,Trait.PC2
"r_Block[2,Intercept]",0.07241262713870433,0.17670244897211704,-0.17998242480624901,0.40067636986837374,Wind,2012,Trait.PC2
"r_Block[3,Intercept]",0.03359668509537521,0.16450136042265087,-0.22165058428529613,0.31627327819786305,Wind,2012,Trait.PC2
"r_Block[4,Intercept]",0.002831877453455777,0.16218397847695282,-0.27107999210675937,0.27062921979268817,Wind,2012,Trait.PC2
"r_Block[5,Intercept]",0.10212448077745033,0.18331052191142222,-0.13644344795785687,0.45958116433573915,Wind,2012,Trait.PC2
"r_Block[6,Intercept]",0.07810160544446366,0.17239725101755815,-0.15830158722740612,0.4065814196572432,Wind,2012,Trait.PC2
"r_Block[7,Intercept]",0.10036372967836502,0.18317871855017845,-0.13973487465094914,0.44939320158281737,Wind,2012,Trait.PC2
"r_Block[8,Intercept]",-0.04718600055841959,0.16656031084671366,-0.3420737278713684,0.2016165647465235,Wind,2012,Trait.PC2
"r_Block[9,Intercept]",-0.06819176759780028,0.17136137274345598,-0.38036981539558606,0.17700240296333786,Wind,2012,Trait.PC2
"r_Block[10,Intercept]",-0.0710676369990097,0.17308849229586198,-0.3865021071625939,0.16705701797092018,Wind,2012,Trait.PC2
"r_Genotype[F,Intercept]",-0.47141351131504133,0.284793406617307,-0.9336299840559009,-0.006146569426757601,Wind,2012,Trait.PC2
"r_Genotype[G,Intercept]",-0.09736468165647978,0.2749978169875688,-0.5607522801801756,0.3459589700542715,Wind,2012,Trait.PC2
"r_Genotype[I,Intercept]",-0.045576965285900835,0.2730516163807189,-0.490749737197141,0.4011451655520424,Wind,2012,Trait.PC2
"r_Genotype[J,Intercept]",0.15543506666804927,0.27417879825596925,-0.2830321910506279,0.6028819295865545,Wind,2012,Trait.PC2
"r_Genotype[L,Intercept]",0.5786565913751434,0.29192753578587466,0.08765457929096837,1.0698521829885987,Wind,2012,Trait.PC2
"r_Genotype[S,Intercept]",-0.2679874305059779,0.2770208014265358,-0.7348189324736984,0.1708687793558608,Wind,2012,Trait.PC2
"r_Genotype[T,Intercept]",-0.46314319590522507,0.2833247108893254,-0.9341462228511165,3.629754701192853e-4,Wind,2012,Trait.PC2
"r_Genotype[U,Intercept]",-0.1930566458224369,0.28041467891471694,-0.653588007767803,0.2786172557171099,Wind,2012,Trait.PC2
"r_Genotype[W,Intercept]",-0.05828723383350789,0.2726220865022788,-0.5085788846140672,0.37887889906880085,Wind,2012,Trait.PC2
"r_Genotype[X,Intercept]",0.8258434346143269,0.3107601969079282,0.31417823630493996,1.3374712907658173,Wind,2012,Trait.PC2
"r_Genotype:Wind.Exposure[F_Exposed,Intercept]",-0.052579625020118176,0.17249204935467516,-0.3808483754957786,0.1766947115566197,Wind,2012,Trait.PC2
"r_Genotype:Wind.Exposure[F_Unexposed,Intercept]",-0.021184535440596557,0.16327824098180255,-0.3214283347578081,0.21676148208336082,Wind,2012,Trait.PC2
"r_Genotype:Wind.Exposure[G_Exposed,Intercept]",0.01900853643666544,0.1607309532701261,-0.22824580628779476,0.3040421668222394,Wind,2012,Trait.PC2
"r_Genotype:Wind.Exposure[G_Unexposed,Intercept]",-0.03101975473253876,0.15890603848845408,-0.3215779096208474,0.19788099156649264,Wind,2012,Trait.PC2
"r_Genotype:Wind.Exposure[I_Exposed,Intercept]",0.04832632847914443,0.16405385333124473,-0.17623379241007356,0.3565985378853802,Wind,2012,Trait.PC2
"r_Genotype:Wind.Exposure[I_Unexposed,Intercept]",-0.05305178695194211,0.16567055615746965,-0.37043517106787777,0.17363627354119102,Wind,2012,Trait.PC2
"r_Genotype:Wind.Exposure[J_Exposed,Intercept]",0.03533300506304421,0.16698715221945296,-0.19937645113142624,0.34020485310581894,Wind,2012,Trait.PC2
"r_Genotype:Wind.Exposure[J_Unexposed,Intercept]",-0.012133034933724928,0.1582210134120977,-0.2746307747401824,0.24511679276524803,Wind,2012,Trait.PC2
"r_Genotype:Wind.Exposure[L_Exposed,Intercept]",-0.0044787456997316824,0.1594742976823816,-0.2631680611052586,0.2526700199107563,Wind,2012,Trait.PC2
"r_Genotype:Wind.Exposure[L_Unexposed,Intercept]",0.09988842344857857,0.20356766347541583,-0.12614754681761434,0.49923085240147785,Wind,2012,Trait.PC2
"r_Genotype:Wind.Exposure[S_Exposed,Intercept]",-0.06175488577052537,0.1763564012432031,-0.3968200907423771,0.15975439731359195,Wind,2012,Trait.PC2
"r_Genotype:Wind.Exposure[S_Unexposed,Intercept]",0.016614779837937018,0.16053098518926703,-0.2324801083731117,0.2892240996064549,Wind,2012,Trait.PC2
"r_Genotype:Wind.Exposure[T_Exposed,Intercept]",-0.014585811024169969,0.16362853867865682,-0.3006650698653566,0.2384331147889848,Wind,2012,Trait.PC2
"r_Genotype:Wind.Exposure[T_Unexposed,Intercept]",-0.05444906677430079,0.17526521145550558,-0.38326294288720614,0.17021963196889225,Wind,2012,Trait.PC2
"r_Genotype:Wind.Exposure[U_Exposed,Intercept]",0.04270807112255753,0.1671142367497489,-0.1903408579841661,0.34921703889688993,Wind,2012,Trait.PC2
"r_Genotype:Wind.Exposure[U_Unexposed,Intercept]",-0.06817075766980404,0.1750001740370236,-0.4166421852033885,0.15723812548334648,Wind,2012,Trait.PC2
"r_Genotype:Wind.Exposure[W_Exposed,Intercept]",-0.04137814453089548,0.1593702227395376,-0.32830616459737394,0.18082181725581373,Wind,2012,Trait.PC2
"r_Genotype:Wind.Exposure[W_Unexposed,Intercept]",0.036667105158251306,0.16107342446397763,-0.1937425269399533,0.32845388363055056,Wind,2012,Trait.PC2
"r_Genotype:Wind.Exposure[X_Exposed,Intercept]",0.07010811446541938,0.20161691994926925,-0.16792728145097896,0.45866341710647957,Wind,2012,Trait.PC2
"r_Genotype:Wind.Exposure[X_Unexposed,Intercept]",0.06260908801973893,0.19771738187361507,-0.1701244752777266,0.4324073839237142,Wind,2012,Trait.PC2
"r_Plot_code[10_Exposed,Intercept]",-0.09688057407865695,0.21050414809659673,-0.48559346130344533,0.20786321768792426,Wind,2012,Trait.PC2
"r_Plot_code[10_Unexposed,Intercept]",-0.022382096639682623,0.1999706870021969,-0.3621513549068729,0.3005504945404963,Wind,2012,Trait.PC2
"r_Plot_code[1_Exposed,Intercept]",-0.10858587982999496,0.2282255015896068,-0.5195360505593712,0.2216925460742646,Wind,2012,Trait.PC2
"r_Plot_code[1_Unexposed,Intercept]",-0.23842594100754627,0.2599606406310354,-0.7301336599025104,0.08829286554398368,Wind,2012,Trait.PC2
"r_Plot_code[2_Exposed,Intercept]",-0.18570913933024547,0.2283298889430112,-0.5990263294345972,0.11855483593853831,Wind,2012,Trait.PC2
"r_Plot_code[2_Unexposed,Intercept]",0.313107264532515,0.27537970019889624,-0.03845113679818989,0.8141811585430105,Wind,2012,Trait.PC2
"r_Plot_code[3_Exposed,Intercept]",0.008882427725930576,0.1999806854838676,-0.31607969661412266,0.35281133053708236,Wind,2012,Trait.PC2
"r_Plot_code[3_Unexposed,Intercept]",0.04102682934448326,0.2032771564086535,-0.2872820794930461,0.39540864546828786,Wind,2012,Trait.PC2
"r_Plot_code[4_Exposed,Intercept]",0.03961675279792548,0.20721622136364679,-0.29807352524531044,0.3905666580590056,Wind,2012,Trait.PC2
"r_Plot_code[4_Unexposed,Intercept]",-0.0383755124593211,0.20026255659311915,-0.3919242491992237,0.27925849694279087,Wind,2012,Trait.PC2
"r_Plot_code[5_Exposed,Intercept]",0.11035718563948688,0.2127371073817077,-0.20069718816690144,0.5030320821210476,Wind,2012,Trait.PC2
"r_Plot_code[5_Unexposed,Intercept]",0.053337170489753574,0.20716443002023116,-0.2579127433393988,0.4174966533320344,Wind,2012,Trait.PC2
"r_Plot_code[6_Exposed,Intercept]",0.09632833009606999,0.21222197683036798,-0.21496168284533287,0.4965811829239156,Wind,2012,Trait.PC2
"r_Plot_code[6_Unexposed,Intercept]",0.03918929040216542,0.2049511615728213,-0.28869868771431256,0.39981448409223674,Wind,2012,Trait.PC2
"r_Plot_code[7_Exposed,Intercept]",0.22467626377839015,0.24388455874991136,-0.08455921067933074,0.6729842538639363,Wind,2012,Trait.PC2
"r_Plot_code[7_Unexposed,Intercept]",-0.06123347594654183,0.21099078708886726,-0.4376602128061968,0.2610346908315966,Wind,2012,Trait.PC2
"r_Plot_code[8_Exposed,Intercept]",0.04572937500518887,0.20105296319177218,-0.27638169257508177,0.39192968253380617,Wind,2012,Trait.PC2
"r_Plot_code[8_Unexposed,Intercept]",-0.12356420703687827,0.21641309361011943,-0.5111185224705374,0.1878291320649374,Wind,2012,Trait.PC2
"r_Plot_code[9_Exposed,Intercept]",-0.06186451488242651,0.20252735260778884,-0.42119224025918467,0.2426296737915935,Wind,2012,Trait.PC2
"r_Plot_code[9_Unexposed,Intercept]",-0.06137163813030822,0.20966623769270465,-0.43538998265215656,0.26634384014911977,Wind,2012,Trait.PC2
"r_Wind.Exposure[Exposed,Intercept]",0.030897301589748818,0.4434190541372061,-0.6067818114334613,0.6611700074690169,Wind,2012,Trait.PC2
"r_Wind.Exposure[Unexposed,Intercept]",-0.06792943537131292,0.44823419642537254,-0.7512880256661061,0.5318056215731471,Wind,2012,Trait.PC2
lp__,-372.9272111455284,7.678054925487148,-386.18017883044075,-360.73467117135067,Wind,2012,Trait.PC2
b_Intercept,0.009594563382461167,0.7124245590662092,-1.1016441710578513,1.0512171038320497,Ant-Aphid,2012,Trait.PC1
sd_Ant.mound.dist__Intercept,0.3895241449922904,0.36545912732029934,0.026608540008561624,1.105596206293368,Ant-Aphid,2012,Trait.PC1
sd_Aphid.treatment__Intercept,0.45363059404289136,0.45595358543935993,0.02291478411772853,1.4104517369246696,Ant-Aphid,2012,Trait.PC1
sd_Aphid.treatment:Ant.mound.dist__Intercept,0.1718743416569927,0.1727247747025846,0.01217395692487269,0.5067654630535511,Ant-Aphid,2012,Trait.PC1
sd_Block__Intercept,0.5239524424604587,0.3610100246697058,0.05431284031086518,1.1905547157194936,Ant-Aphid,2012,Trait.PC1
sd_Genotype__Intercept,0.4774341247444215,0.19286328045011164,0.17448322478705758,0.81055596528768,Ant-Aphid,2012,Trait.PC1
sd_Genotype:Ant.mound.dist__Intercept,0.11140946205699963,0.08466981384764803,0.009721921860486534,0.27546645023488703,Ant-Aphid,2012,Trait.PC1
sd_Genotype:Aphid.treatment__Intercept,0.21266324142645934,0.14484752010478766,0.022580350794644724,0.4858362538497698,Ant-Aphid,2012,Trait.PC1
sd_Genotype:Aphid.treatment:Ant.mound.dist__Intercept,0.10562399106568643,0.07761197798896645,0.00946596435871456,0.2534295003785259,Ant-Aphid,2012,Trait.PC1
sd_Plot_code__Intercept,0.7741633537356957,0.19820288688732113,0.5025137672747763,1.1467960595472009,Ant-Aphid,2012,Trait.PC1
sigma,1.0653837544319735,0.04638842431940744,0.9937283263426537,1.1452255253330987,Ant-Aphid,2012,Trait.PC1
"r_Ant.mound.dist[1,Intercept]",0.02726401380714043,0.37882472366152115,-0.5256283166779726,0.6404546680512007,Ant-Aphid,2012,Trait.PC1
"r_Ant.mound.dist[6,Intercept]",-0.07445625868690584,0.3760143624285559,-0.6886002927234474,0.4584839956221744,Ant-Aphid,2012,Trait.PC1
"r_Ant.mound.dist[12,Intercept]",0.043483438020272935,0.38120714313777876,-0.5163058767286587,0.6363968638859552,Ant-Aphid,2012,Trait.PC1
"r_Aphid.treatment[aphid,Intercept]",-0.043890103080816444,0.5001568327213503,-0.7624762044442236,0.6431460640119777,Ant-Aphid,2012,Trait.PC1
"r_Aphid.treatment[none,Intercept]",0.0405763303147746,0.5099455829848953,-0.6444894062671485,0.7701002695811455,Ant-Aphid,2012,Trait.PC1
"r_Aphid.treatment:Ant.mound.dist[aphid_1,Intercept]",0.018180921022306135,0.18012039683917969,-0.23113618166306077,0.29921504957126904,Ant-Aphid,2012,Trait.PC1
"r_Aphid.treatment:Ant.mound.dist[aphid_12,Intercept]",0.003434617154626004,0.1792482126673983,-0.2722929457023328,0.2728119133481123,Ant-Aphid,2012,Trait.PC1
"r_Aphid.treatment:Ant.mound.dist[aphid_6,Intercept]",-0.055751068828379505,0.1834813152652062,-0.3812262239651568,0.17286050126069172,Ant-Aphid,2012,Trait.PC1
"r_Aphid.treatment:Ant.mound.dist[none_1,Intercept]",-0.015719471693776542,0.18629677443480425,-0.3001487074887375,0.2421759928163224,Ant-Aphid,2012,Trait.PC1
"r_Aphid.treatment:Ant.mound.dist[none_12,Intercept]",0.005409493831808125,0.1862106778314572,-0.276696730047113,0.296415326639883,Ant-Aphid,2012,Trait.PC1
"r_Aphid.treatment:Ant.mound.dist[none_6,Intercept]",0.024343136646063135,0.17747216601718277,-0.2317357688939786,0.3029255667353707,Ant-Aphid,2012,Trait.PC1
"r_Block[1,Intercept]",-0.3048121207046963,0.4419361977703543,-1.0886710612832933,0.29427016491369257,Ant-Aphid,2012,Trait.PC1
"r_Block[2,Intercept]",0.33563930010900966,0.4389866445975056,-0.2406904678325204,1.1335705938307579,Ant-Aphid,2012,Trait.PC1
"r_Block[3,Intercept]",-0.2129855009269227,0.4250579305575634,-0.9720003795121797,0.3877428195827995,Ant-Aphid,2012,Trait.PC1
"r_Block[4,Intercept]",-0.12194828726718121,0.40681259141404247,-0.8280366650488987,0.4991880939588512,Ant-Aphid,2012,Trait.PC1
"r_Block[5,Intercept]",0.3027445791332061,0.4397683657975588,-0.2704637012317775,1.0987642661763843,Ant-Aphid,2012,Trait.PC1
"r_Genotype[F,Intercept]",-0.299276212539936,0.2813035039003854,-0.7818707109255306,0.13298515983897055,Ant-Aphid,2012,Trait.PC1
"r_Genotype[G,Intercept]",-0.6146679684137454,0.3237164766167978,-1.1432149838760388,-0.038750132677146436,Ant-Aphid,2012,Trait.PC1
"r_Genotype[I,Intercept]",-0.3281819554093665,0.2819350017487598,-0.7982652223874027,0.10995771660787454,Ant-Aphid,2012,Trait.PC1
"r_Genotype[J,Intercept]",0.2048379873018538,0.2728130916335859,-0.22075744838760558,0.6564231363946528,Ant-Aphid,2012,Trait.PC1
"r_Genotype[L,Intercept]",0.4199309849155083,0.2971003717400788,-0.061550250790484144,0.9070866077724237,Ant-Aphid,2012,Trait.PC1
"r_Genotype[S,Intercept]",0.1847760655623804,0.2692783313642635,-0.23766930923072252,0.6311691307711098,Ant-Aphid,2012,Trait.PC1
"r_Genotype[T,Intercept]",0.2531535671508955,0.27298632716095306,-0.1597030596852618,0.7202232317321368,Ant-Aphid,2012,Trait.PC1
"r_Genotype[U,Intercept]",-0.14228595766817223,0.268027849053642,-0.5906697473038456,0.28350234941474317,Ant-Aphid,2012,Trait.PC1
"r_Genotype[W,Intercept]",0.4651878707609838,0.29647541257438964,-0.014334592215829356,0.9515219609751203,Ant-Aphid,2012,Trait.PC1
"r_Genotype[X,Intercept]",-0.1673032076720146,0.26846739339062153,-0.613431282604485,0.2596853452333039,Ant-Aphid,2012,Trait.PC1
"r_Genotype:Ant.mound.dist[F_1,Intercept]",-0.014051934314551357,0.13187601452476072,-0.24637108739643185,0.1850501435570924,Ant-Aphid,2012,Trait.PC1
"r_Genotype:Ant.mound.dist[F_12,Intercept]",-0.019907196531063508,0.13382582372137525,-0.2547249792542678,0.17107358153598679,Ant-Aphid,2012,Trait.PC1
"r_Genotype:Ant.mound.dist[F_6,Intercept]",-0.002392454196005592,0.12551733989131114,-0.20534917721495774,0.19202903342679628,Ant-Aphid,2012,Trait.PC1
"r_Genotype:Ant.mound.dist[G_1,Intercept]",-0.07178009676900933,0.15167525970413231,-0.3742015206796334,0.0958119728938588,Ant-Aphid,2012,Trait.PC1
"r_Genotype:Ant.mound.dist[G_12,Intercept]",0.005585665477098332,0.12397832882374533,-0.18853942736973936,0.2087755647748259,Ant-Aphid,2012,Trait.PC1
"r_Genotype:Ant.mound.dist[G_6,Intercept]",1.3013069692391469e-4,0.12509678956476383,-0.19650058270756135,0.19414364239381707,Ant-Aphid,2012,Trait.PC1
"r_Genotype:Ant.mound.dist[I_1,Intercept]",-0.01303138988562025,0.1241677719051149,-0.22413703862799947,0.1756897140447751,Ant-Aphid,2012,Trait.PC1
"r_Genotype:Ant.mound.dist[I_12,Intercept]",0.008051524851166142,0.123653237084008,-0.18409799549759498,0.21508663074175943,Ant-Aphid,2012,Trait.PC1
"r_Genotype:Ant.mound.dist[I_6,Intercept]",-0.025530819417146005,0.13207646100718418,-0.25900856554122376,0.16570764816897288,Ant-Aphid,2012,Trait.PC1
"r_Genotype:Ant.mound.dist[J_1,Intercept]",-0.0038274117476768325,0.1260205148482481,-0.2051082313020563,0.19917913521150518,Ant-Aphid,2012,Trait.PC1
"r_Genotype:Ant.mound.dist[J_12,Intercept]",0.027910133877795975,0.13054402235287355,-0.14786895148705156,0.26932698563291363,Ant-Aphid,2012,Trait.PC1
"r_Genotype:Ant.mound.dist[J_6,Intercept]",-0.005304429524804801,0.12421185761231078,-0.2183764264216073,0.1960283269278773,Ant-Aphid,2012,Trait.PC1
"r_Genotype:Ant.mound.dist[L_1,Intercept]",0.053523035842782396,0.1406340296635955,-0.11736218014676669,0.32887923957435283,Ant-Aphid,2012,Trait.PC1
"r_Genotype:Ant.mound.dist[L_12,Intercept]",-0.02930424344301809,0.1331743592885337,-0.27012368044392415,0.1598067998536622,Ant-Aphid,2012,Trait.PC1
"r_Genotype:Ant.mound.dist[L_6,Intercept]",0.01832729791653268,0.13001461556790334,-0.16554149305396454,0.23882712482194482,Ant-Aphid,2012,Trait.PC1
"r_Genotype:Ant.mound.dist[S_1,Intercept]",-0.017096827983449605,0.12403776462441106,-0.23371835475271963,0.1691122546774615,Ant-Aphid,2012,Trait.PC1
"r_Genotype:Ant.mound.dist[S_12,Intercept]",0.02870278401311413,0.1296983091219297,-0.1511896859016966,0.25690747319205476,Ant-Aphid,2012,Trait.PC1
"r_Genotype:Ant.mound.dist[S_6,Intercept]",0.008714634295305158,0.1300021806131955,-0.19821407259523413,0.21855771632507548,Ant-Aphid,2012,Trait.PC1
"r_Genotype:Ant.mound.dist[T_1,Intercept]",-0.02441950155691333,0.1272505344349087,-0.25341113195930715,0.15615711993763415,Ant-Aphid,2012,Trait.PC1
"r_Genotype:Ant.mound.dist[T_12,Intercept]",0.02832739776116132,0.13216161619974728,-0.15617511808181297,0.256563172917348,Ant-Aphid,2012,Trait.PC1
"r_Genotype:Ant.mound.dist[T_6,Intercept]",0.01848520123596018,0.12698697782319138,-0.17340942171850296,0.2411731969883391,Ant-Aphid,2012,Trait.PC1
"r_Genotype:Ant.mound.dist[U_1,Intercept]",0.023534015188496907,0.1239265954764768,-0.15267742894828915,0.2411877799280123,Ant-Aphid,2012,Trait.PC1
"r_Genotype:Ant.mound.dist[U_12,Intercept]",-0.03453129132179861,0.1308219533569408,-0.27874651289399194,0.14113545712912506,Ant-Aphid,2012,Trait.PC1
"r_Genotype:Ant.mound.dist[U_6,Intercept]",-0.001229381035685609,0.12731681763734556,-0.2150471138792779,0.20070154879126129,Ant-Aphid,2012,Trait.PC1
"r_Genotype:Ant.mound.dist[W_1,Intercept]",0.02250834270039064,0.1254318096033153,-0.16511291863303373,0.25065629233392456,Ant-Aphid,2012,Trait.PC1
"r_Genotype:Ant.mound.dist[W_12,Intercept]",-0.005696783759715147,0.12207162456530248,-0.20679709809649602,0.191884033133889,Ant-Aphid,2012,Trait.PC1
"r_Genotype:Ant.mound.dist[W_6,Intercept]",0.027218391478138995,0.1312870441984455,-0.15751980266728446,0.2692762493956324,Ant-Aphid,2012,Trait.PC1
"r_Genotype:Ant.mound.dist[X_1,Intercept]",0.04949978872478647,0.132339836081838,-0.11637371789273211,0.30372534912241067,Ant-Aphid,2012,Trait.PC1
"r_Genotype:Ant.mound.dist[X_12,Intercept]",-9.592559656889261e-4,0.11979926291981177,-0.2004352284504282,0.19359852647879106,Ant-Aphid,2012,Trait.PC1
"r_Genotype:Ant.mound.dist[X_6,Intercept]",-0.060234824649130304,0.13860388205587368,-0.33070998039930344,0.1034396478358373,Ant-Aphid,2012,Trait.PC1
"r_Genotype:Aphid.treatment[F_aphid,Intercept]",-0.1113753649123332,0.23423068948013856,-0.5799766783441695,0.18975780654886432,Ant-Aphid,2012,Trait.PC1
"r_Genotype:Aphid.treatment[F_none,Intercept]",-0.003597471247616246,0.20193670003740263,-0.3429904347256912,0.33678791121402174,Ant-Aphid,2012,Trait.PC1
"r_Genotype:Aphid.treatment[G_aphid,Intercept]",-0.05746178304594779,0.2334101927265409,-0.511833084857379,0.2664620518646583,Ant-Aphid,2012,Trait.PC1
"r_Genotype:Aphid.treatment[G_none,Intercept]",-0.15407114902878305,0.2601260271315869,-0.6916381763073097,0.1426323152753657,Ant-Aphid,2012,Trait.PC1
"r_Genotype:Aphid.treatment[I_aphid,Intercept]",-0.022999050362192054,0.20370481424550993,-0.3869382309595941,0.2826380293874757,Ant-Aphid,2012,Trait.PC1
"r_Genotype:Aphid.treatment[I_none,Intercept]",-0.09569111674207748,0.21921763215509785,-0.5023694314390771,0.20138387765837465,Ant-Aphid,2012,Trait.PC1
"r_Genotype:Aphid.treatment[J_aphid,Intercept]",0.09652160860081238,0.21682434869891526,-0.19146873246917948,0.511870520109408,Ant-Aphid,2012,Trait.PC1
"r_Genotype:Aphid.treatment[J_none,Intercept]",-0.018459783167476422,0.19518286015590328,-0.344452338813662,0.30282563612341906,Ant-Aphid,2012,Trait.PC1
"r_Genotype:Aphid.treatment[L_aphid,Intercept]",-0.08908857364399238,0.20804635717045067,-0.4630174031375859,0.21409179181663412,Ant-Aphid,2012,Trait.PC1
"r_Genotype:Aphid.treatment[L_none,Intercept]",0.2367682418145057,0.28801682535075646,-0.0764290690059581,0.7989346332280244,Ant-Aphid,2012,Trait.PC1
"r_Genotype:Aphid.treatment[S_aphid,Intercept]",0.02543803463949209,0.20339093024386481,-0.2869228817940449,0.38098580474332416,Ant-Aphid,2012,Trait.PC1
"r_Genotype:Aphid.treatment[S_none,Intercept]",0.045588093225993255,0.20578468032946598,-0.2588009031901866,0.41085184217264104,Ant-Aphid,2012,Trait.PC1
"r_Genotype:Aphid.treatment[T_aphid,Intercept]",0.1142580716857142,0.22267553242478497,-0.17163260626392127,0.5348526960128837,Ant-Aphid,2012,Trait.PC1
"r_Genotype:Aphid.treatment[T_none,Intercept]",-0.014328758330881812,0.20211647029619625,-0.34107897528285663,0.3216868523442987,Ant-Aphid,2012,Trait.PC1
"r_Genotype:Aphid.treatment[U_aphid,Intercept]",-0.09777387521333927,0.21889750259939625,-0.5113067466320113,0.20786603670066392,Ant-Aphid,2012,Trait.PC1
"r_Genotype:Aphid.treatment[U_none,Intercept]",0.0574996463157934,0.20002846256512985,-0.24361073850399248,0.4126250209247499,Ant-Aphid,2012,Trait.PC1
"r_Genotype:Aphid.treatment[W_aphid,Intercept]",0.12013888330465894,0.24471677987711402,-0.1880913070475141,0.6092568064067153,Ant-Aphid,2012,Trait.PC1
"r_Genotype:Aphid.treatment[W_none,Intercept]",0.051257841963606436,0.2191228654354232,-0.26345759452587325,0.4667319534059621,Ant-Aphid,2012,Trait.PC1
"r_Genotype:Aphid.treatment[X_aphid,Intercept]",-0.023997068962148843,0.20077367526380488,-0.38708418564917946,0.2860686658258387,Ant-Aphid,2012,Trait.PC1
"r_Genotype:Aphid.treatment[X_none,Intercept]",-0.03846827379219163,0.19959731759831123,-0.40101638419487573,0.2555915483598855,Ant-Aphid,2012,Trait.PC1
"r_Genotype:Aphid.treatment:Ant.mound.dist[F_aphid_1,Intercept]",-0.01562697929490812,0.12180817326548106,-0.22295545031451655,0.17260133787830784,Ant-Aphid,2012,Trait.PC1
"r_Genotype:Aphid.treatment:Ant.mound.dist[F_aphid_12,Intercept]",-0.01165527260283556,0.12388428684750195,-0.23088353911975323,0.17336612303826512,Ant-Aphid,2012,Trait.PC1
"r_Genotype:Aphid.treatment:Ant.mound.dist[F_aphid_6,Intercept]",-0.00975392585163082,0.12143608200068166,-0.22191439008066924,0.1780386936329469,Ant-Aphid,2012,Trait.PC1
"r_Genotype:Aphid.treatment:Ant.mound.dist[F_none_1,Intercept]",0.007186065650694978,0.12317747296250971,-0.18426723044978832,0.21398574513578072,Ant-Aphid,2012,Trait.PC1
"r_Genotype:Aphid.treatment:Ant.mound.dist[F_none_12,Intercept]",-0.007940266275354562,0.12480298648734907,-0.2286529151418388,0.1873959717065512,Ant-Aphid,2012,Trait.PC1
"r_Genotype:Aphid.treatment:Ant.mound.dist[F_none_6,Intercept]",0.011787967798654738,0.12149597556059444,-0.17544101610815518,0.22893498190578526,Ant-Aphid,2012,Trait.PC1
"r_Genotype:Aphid.treatment:Ant.mound.dist[G_aphid_1,Intercept]",-0.037299593263799606,0.13053884869660679,-0.27541990860230103,0.13841003816722552,Ant-Aphid,2012,Trait.PC1
"r_Genotype:Aphid.treatment:Ant.mound.dist[G_aphid_12,Intercept]",0.01734111016142242,0.12047379043134278,-0.1605451922956192,0.23440137224378713,Ant-Aphid,2012,Trait.PC1
"r_Genotype:Aphid.treatment:Ant.mound.dist[G_aphid_6,Intercept]",0.009001159828082056,0.12005869614429925,-0.17513758905610727,0.21662584127430803,Ant-Aphid,2012,Trait.PC1
"r_Genotype:Aphid.treatment:Ant.mound.dist[G_none_1,Intercept]",-0.02862207345198362,0.13052442519595775,-0.2622011108660159,0.15052773579259784,Ant-Aphid,2012,Trait.PC1
"r_Genotype:Aphid.treatment:Ant.mound.dist[G_none_12,Intercept]",-0.015046012750951484,0.1248721848720025,-0.23362818028270588,0.1694572811735268,Ant-Aphid,2012,Trait.PC1
"r_Genotype:Aphid.treatment:Ant.mound.dist[G_none_6,Intercept]",-0.007681127604862603,0.1245500475674551,-0.2149804833041105,0.18946531318625937,Ant-Aphid,2012,Trait.PC1
"r_Genotype:Aphid.treatment:Ant.mound.dist[I_aphid_1,Intercept]",-0.002811677146278298,0.12376999566990766,-0.19946247100330536,0.18877727914278958,Ant-Aphid,2012,Trait.PC1
"r_Genotype:Aphid.treatment:Ant.mound.dist[I_aphid_12,Intercept]",-0.002230481694043107,0.12338121302874247,-0.20662594034615467,0.18753112220604143,Ant-Aphid,2012,Trait.PC1
"r_Genotype:Aphid.treatment:Ant.mound.dist[I_aphid_6,Intercept]",9.042914881766038e-5,0.1227832346966076,-0.19505304141278884,0.19607094702275896,Ant-Aphid,2012,Trait.PC1
"r_Genotype:Aphid.treatment:Ant.mound.dist[I_none_1,Intercept]",-0.01595833518661295,0.12650887654631954,-0.22452086540216848,0.17338185378891055,Ant-Aphid,2012,Trait.PC1
"r_Genotype:Aphid.treatment:Ant.mound.dist[I_none_12,Intercept]",0.006838808678894377,0.12083408083844822,-0.19714141831162818,0.21054195472900172,Ant-Aphid,2012,Trait.PC1
"r_Genotype:Aphid.treatment:Ant.mound.dist[I_none_6,Intercept]",-0.02016155238515292,0.13201904698377656,-0.2373023918163348,0.1749286822161112,Ant-Aphid,2012,Trait.PC1
"r_Genotype:Aphid.treatment:Ant.mound.dist[J_aphid_1,Intercept]",0.013774003034862462,0.12109861520575342,-0.167601444605421,0.22314563858302097,Ant-Aphid,2012,Trait.PC1
"r_Genotype:Aphid.treatment:Ant.mound.dist[J_aphid_12,Intercept]",-0.002667911444500837,0.12466489479655989,-0.2104501825404414,0.20446409359312775,Ant-Aphid,2012,Trait.PC1
"r_Genotype:Aphid.treatment:Ant.mound.dist[J_aphid_6,Intercept]",0.02143470187511397,0.12588084467451163,-0.16341542543299425,0.24360702986238833,Ant-Aphid,2012,Trait.PC1
"r_Genotype:Aphid.treatment:Ant.mound.dist[J_none_1,Intercept]",-0.020041685095157566,0.12346946939684635,-0.23382892409881875,0.1625015904020572,Ant-Aphid,2012,Trait.PC1
"r_Genotype:Aphid.treatment:Ant.mound.dist[J_none_12,Intercept]",0.03063851120617319,0.12442754972629591,-0.1396245139218784,0.25663121037210707,Ant-Aphid,2012,Trait.PC1
"r_Genotype:Aphid.treatment:Ant.mound.dist[J_none_6,Intercept]",-0.017510722385606255,0.12513330409570217,-0.23361730344413373,0.1773093864158129,Ant-Aphid,2012,Trait.PC1
"r_Genotype:Aphid.treatment:Ant.mound.dist[L_aphid_1,Intercept]",0.016384963671872886,0.12650859957960067,-0.1679413634162735,0.23219664658567726,Ant-Aphid,2012,Trait.PC1
"r_Genotype:Aphid.treatment:Ant.mound.dist[L_aphid_12,Intercept]",-0.0318256981208433,0.12885856196722228,-0.268307510823655,0.1462001402182571,Ant-Aphid,2012,Trait.PC1
"r_Genotype:Aphid.treatment:Ant.mound.dist[L_aphid_6,Intercept]",-0.028051279252622623,0.1293038172123439,-0.2600889716823667,0.16061720892619347,Ant-Aphid,2012,Trait.PC1
"r_Genotype:Aphid.treatment:Ant.mound.dist[L_none_1,Intercept]",0.03703834155288173,0.12450422114067304,-0.12563248621863315,0.26952330254957074,Ant-Aphid,2012,Trait.PC1
"r_Genotype:Aphid.treatment:Ant.mound.dist[L_none_12,Intercept]",-3.9044566502663273e-4,0.12408599950639125,-0.1992822502204407,0.20133091718281043,Ant-Aphid,2012,Trait.PC1
"r_Genotype:Aphid.treatment:Ant.mound.dist[L_none_6,Intercept]",0.04494106931355912,0.1372278028710267,-0.1288235610427936,0.3043666293864323,Ant-Aphid,2012,Trait.PC1
"r_Genotype:Aphid.treatment:Ant.mound.dist[S_aphid_1,Intercept]",-0.001654832156544477,0.12490699592383969,-0.20394192709568693,0.20008510507243646,Ant-Aphid,2012,Trait.PC1
"r_Genotype:Aphid.treatment:Ant.mound.dist[S_aphid_12,Intercept]",-0.009133781872252254,0.12587415368972207,-0.22171496868865126,0.187753529641349,Ant-Aphid,2012,Trait.PC1
"r_Genotype:Aphid.treatment:Ant.mound.dist[S_aphid_6,Intercept]",0.019734003756021933,0.12940463761589865,-0.16939647295280547,0.23314902494179593,Ant-Aphid,2012,Trait.PC1
"r_Genotype:Aphid.treatment:Ant.mound.dist[S_none_1,Intercept]",-0.012606109633389807,0.12094988094710288,-0.21181481329803098,0.1647503421680969,Ant-Aphid,2012,Trait.PC1
"r_Genotype:Aphid.treatment:Ant.mound.dist[S_none_12,Intercept]",0.03208160885627879,0.12633391650210252,-0.14053472344785534,0.26674673775459784,Ant-Aphid,2012,Trait.PC1
"r_Genotype:Aphid.treatment:Ant.mound.dist[S_none_6,Intercept]",-0.009259010843612877,0.12471478234796918,-0.21519787022828507,0.1820513108941593,Ant-Aphid,2012,Trait.PC1
"r_Genotype:Aphid.treatment:Ant.mound.dist[T_aphid_1,Intercept]",-0.036871563844941106,0.12800086775587746,-0.27101759754830157,0.13362219415368504,Ant-Aphid,2012,Trait.PC1
"r_Genotype:Aphid.treatment:Ant.mound.dist[T_aphid_12,Intercept]",0.046328870160467106,0.13994713979480347,-0.13132369101774893,0.3137567668973571,Ant-Aphid,2012,Trait.PC1
"r_Genotype:Aphid.treatment:Ant.mound.dist[T_aphid_6,Intercept]",0.028635158658918653,0.12551680340604157,-0.14001934156694548,0.2596574808116085,Ant-Aphid,2012,Trait.PC1
"r_Genotype:Aphid.treatment:Ant.mound.dist[T_none_1,Intercept]",0.011494817081235587,0.12543826894590493,-0.18245638588467333,0.22884979126471,Ant-Aphid,2012,Trait.PC1
"r_Genotype:Aphid.treatment:Ant.mound.dist[T_none_12,Intercept]",-0.014953117304657006,0.12656940529425198,-0.23719800562059828,0.1737745978069777,Ant-Aphid,2012,Trait.PC1
"r_Genotype:Aphid.treatment:Ant.mound.dist[T_none_6,Intercept]",-0.010449442776893426,0.1185805203949728,-0.21019237199834334,0.16774151514049923,Ant-Aphid,2012,Trait.PC1
"r_Genotype:Aphid.treatment:Ant.mound.dist[U_aphid_1,Intercept]",0.011578144073580137,0.12217961220030989,-0.17581629407259014,0.2161325728225736,Ant-Aphid,2012,Trait.PC1
"r_Genotype:Aphid.treatment:Ant.mound.dist[U_aphid_12,Intercept]",-0.023173718905826764,0.12679437721552206,-0.24580569124370963,0.15709528763888392,Ant-Aphid,2012,Trait.PC1
"r_Genotype:Aphid.treatment:Ant.mound.dist[U_aphid_6,Intercept]",-0.029728653236940978,0.1270160499256537,-0.2613526601936146,0.15465672866496263,Ant-Aphid,2012,Trait.PC1
"r_Genotype:Aphid.treatment:Ant.mound.dist[U_none_1,Intercept]",0.012312827074405076,0.12310227657494213,-0.17949001264640638,0.21588418547131527,Ant-Aphid,2012,Trait.PC1
"r_Genotype:Aphid.treatment:Ant.mound.dist[U_none_12,Intercept]",-0.012594005390305156,0.1270094190040799,-0.23364548790933304,0.1835949221033789,Ant-Aphid,2012,Trait.PC1
"r_Genotype:Aphid.treatment:Ant.mound.dist[U_none_6,Intercept]",0.026711424210047283,0.12455330867141624,-0.14604892635042951,0.2493771752246131,Ant-Aphid,2012,Trait.PC1
"r_Genotype:Aphid.treatment:Ant.mound.dist[W_aphid_1,Intercept]",0.03689063405240686,0.13238013116820815,-0.13232214291355593,0.2791978554120574,Ant-Aphid,2012,Trait.PC1
"r_Genotype:Aphid.treatment:Ant.mound.dist[W_aphid_12,Intercept]",1.314338143901715e-5,0.1234456491161463,-0.19459865930914721,0.1990956206288553,Ant-Aphid,2012,Trait.PC1
"r_Genotype:Aphid.treatment:Ant.mound.dist[W_aphid_6,Intercept]",-0.00484137725325638,0.12317492983654194,-0.20915727666646505,0.1869495362652955,Ant-Aphid,2012,Trait.PC1
"r_Genotype:Aphid.treatment:Ant.mound.dist[W_none_1,Intercept]",-0.0174840271103115,0.12333682792514535,-0.2391690175518944,0.17660018680959955,Ant-Aphid,2012,Trait.PC1
"r_Genotype:Aphid.treatment:Ant.mound.dist[W_none_12,Intercept]",-0.007647783062974216,0.12039411150881196,-0.21181027004459824,0.18337857603887764,Ant-Aphid,2012,Trait.PC1
"r_Genotype:Aphid.treatment:Ant.mound.dist[W_none_6,Intercept]",0.03333197576838096,0.128558004724831,-0.14226467492282774,0.26161246536370925,Ant-Aphid,2012,Trait.PC1
"r_Genotype:Aphid.treatment:Ant.mound.dist[X_aphid_1,Intercept]",0.031143430384960133,0.13063375061319302,-0.14365980776671028,0.2615856352516843,Ant-Aphid,2012,Trait.PC1
"r_Genotype:Aphid.treatment:Ant.mound.dist[X_aphid_12,Intercept]",0.014962540365213647,0.12511107029287577,-0.17364748567479488,0.2286702229302532,Ant-Aphid,2012,Trait.PC1
"r_Genotype:Aphid.treatment:Ant.mound.dist[X_aphid_6,Intercept]",-0.043356263306791556,0.1354021407324578,-0.30620524093534024,0.13212077148737686,Ant-Aphid,2012,Trait.PC1
"r_Genotype:Aphid.treatment:Ant.mound.dist[X_none_1,Intercept]",0.022147768825488304,0.13125374929867184,-0.1688537342752285,0.24383647540159717,Ant-Aphid,2012,Trait.PC1
"r_Genotype:Aphid.treatment:Ant.mound.dist[X_none_12,Intercept]",-0.014554140255175357,0.12515194016085007,-0.22787670685096728,0.178831009315566,Ant-Aphid,2012,Trait.PC1
"r_Genotype:Aphid.treatment:Ant.mound.dist[X_none_6,Intercept]",-0.014101817260007834,0.1288312914115062,-0.23433814707906778,0.18609219823969222,Ant-Aphid,2012,Trait.PC1
"r_Plot_code[1_1,Intercept]",0.72851104823115,0.46809521615693106,-0.03661094279042523,1.4985266012371763,Ant-Aphid,2012,Trait.PC1
"r_Plot_code[1_12,Intercept]",-0.6593523758579909,0.49397466817461566,-1.4518546836015291,0.1515630732707557,Ant-Aphid,2012,Trait.PC1
"r_Plot_code[1_6,Intercept]",-0.9751882317497175,0.48936614962761077,-1.7832391014517424,-0.18162951756688944,Ant-Aphid,2012,Trait.PC1
"r_Plot_code[2_1,Intercept]",0.4576380480108266,0.48556973939265885,-0.33408682288763597,1.2285580263985294,Ant-Aphid,2012,Trait.PC1
"r_Plot_code[2_12,Intercept]",0.2593629484038594,0.47953686740243157,-0.5251364901903517,1.0414760413496726,Ant-Aphid,2012,Trait.PC1
"r_Plot_code[2_6,Intercept]",0.31240671924968844,0.4722700698228257,-0.4630586277812541,1.1002155413143686,Ant-Aphid,2012,Trait.PC1
"r_Plot_code[3_1,Intercept]",-0.34114417186759766,0.4656242395406381,-1.0999373354380975,0.41503580065563667,Ant-Aphid,2012,Trait.PC1
"r_Plot_code[3_12,Intercept]",-0.8449145433029797,0.46301636282056385,-1.6258107999538964,-0.10450769139344365,Ant-Aphid,2012,Trait.PC1
"r_Plot_code[3_6,Intercept]",0.5475230704005706,0.45288316439483656,-0.16978525756986543,1.2859479867401722,Ant-Aphid,2012,Trait.PC1
"r_Plot_code[4_1,Intercept]",-0.4304118770472099,0.4420770838797628,-1.1359326938528347,0.29783034709516487,Ant-Aphid,2012,Trait.PC1
"r_Plot_code[4_12,Intercept]",0.27865903269919023,0.4415769888696056,-0.44334470077988386,1.0085407381561349,Ant-Aphid,2012,Trait.PC1
"r_Plot_code[4_6,Intercept]",-0.22409229185881108,0.44755640528625174,-0.9519136474556019,0.5016227142862925,Ant-Aphid,2012,Trait.PC1
"r_Plot_code[5_1,Intercept]",-0.21310617778984484,0.4800316249436415,-0.9872789196734522,0.5514944524151516,Ant-Aphid,2012,Trait.PC1
"r_Plot_code[5_12,Intercept]",1.1179612510766914,0.49486939809073394,0.3017338672000702,1.9192675582430194,Ant-Aphid,2012,Trait.PC1
"r_Plot_code[5_6,Intercept]",-0.031671346342126934,0.4675807749527234,-0.7995609602921153,0.7362288223546825,Ant-Aphid,2012,Trait.PC1
lp__,-674.6180121358343,10.4319658806643,-692.0855468675645,-658.6719786820915,Ant-Aphid,2012,Trait.PC1
b_Intercept,0.009582444989307538,0.5544421008755838,-0.864907426786544,0.9245638720801563,Ant-Aphid,2012,Trait.PC2
sd_Ant.mound.dist__Intercept,0.27340436993771455,0.3111370275306505,0.014116803841098547,0.929158088053569,Ant-Aphid,2012,Trait.PC2
sd_Aphid.treatment__Intercept,0.43922618673939084,0.4470515023444883,0.02195736835281095,1.368844147579387,Ant-Aphid,2012,Trait.PC2
sd_Aphid.treatment:Ant.mound.dist__Intercept,0.20875726601639974,0.1800533704327605,0.020817624693421955,0.5458248861211265,Ant-Aphid,2012,Trait.PC2
sd_Block__Intercept,0.19918703786867475,0.17535879346979477,0.018870621384236206,0.5136144038507048,Ant-Aphid,2012,Trait.PC2
sd_Genotype__Intercept,0.625606472916274,0.19953730818699864,0.37044027736465296,1.0052420691601263,Ant-Aphid,2012,Trait.PC2
sd_Genotype:Ant.mound.dist__Intercept,0.10595060864324288,0.07956479079598192,0.008311486879741934,0.2588383690018945,Ant-Aphid,2012,Trait.PC2
sd_Genotype:Aphid.treatment__Intercept,0.14716749521799452,0.11757412080095737,0.011934923550824966,0.36618204376660646,Ant-Aphid,2012,Trait.PC2
sd_Genotype:Aphid.treatment:Ant.mound.dist__Intercept,0.11209800012809869,0.0832012844859687,0.009256395586390683,0.27099808719278845,Ant-Aphid,2012,Trait.PC2
sd_Plot_code__Intercept,0.1788661906782013,0.11052584521790229,0.02307911408449766,0.37132401074495597,Ant-Aphid,2012,Trait.PC2
sigma,1.0681087171292767,0.04628773308712302,0.9932726402891956,1.1448094039044698,Ant-Aphid,2012,Trait.PC2
"r_Ant.mound.dist[1,Intercept]",-0.004178026093662679,0.2737776891012203,-0.3835369769223125,0.3790990983115683,Ant-Aphid,2012,Trait.PC2
"r_Ant.mound.dist[6,Intercept]",2.782638413006617e-4,0.2736965826233828,-0.39734055170971316,0.38287068634699684,Ant-Aphid,2012,Trait.PC2
"r_Ant.mound.dist[12,Intercept]",-0.009928699901195952,0.2660058756442668,-0.40536571957756556,0.35286856325402083,Ant-Aphid,2012,Trait.PC2
"r_Aphid.treatment[aphid,Intercept]",-0.018850716013046054,0.4392483765533744,-0.7245248622898866,0.6153202335150423,Ant-Aphid,2012,Trait.PC2
"r_Aphid.treatment[none,Intercept]",0.017424889540037854,0.4375921660269215,-0.6753873526196987,0.6675057343420878,Ant-Aphid,2012,Trait.PC2
"r_Aphid.treatment:Ant.mound.dist[aphid_1,Intercept]",0.04770671849309208,0.19144458223373273,-0.22087787770575937,0.3587048467580528,Ant-Aphid,2012,Trait.PC2
"r_Aphid.treatment:Ant.mound.dist[aphid_12,Intercept]",0.022809752186350722,0.19277307833231266,-0.26460941431739865,0.3315667431012457,Ant-Aphid,2012,Trait.PC2
"r_Aphid.treatment:Ant.mound.dist[aphid_6,Intercept]",-0.09695854188493938,0.19714523475433385,-0.44312592768138676,0.15225334243094046,Ant-Aphid,2012,Trait.PC2
"r_Aphid.treatment:Ant.mound.dist[none_1,Intercept]",-0.048081703684283834,0.19588154640083635,-0.3604865603389138,0.2293141498667809,Ant-Aphid,2012,Trait.PC2
"r_Aphid.treatment:Ant.mound.dist[none_12,Intercept]",-0.021230190119024574,0.18658476775733004,-0.3181908495710132,0.26667537422107535,Ant-Aphid,2012,Trait.PC2
"r_Aphid.treatment:Ant.mound.dist[none_6,Intercept]",0.10011361290551725,0.2039566307225474,-0.16402273598689404,0.4585306794652458,Ant-Aphid,2012,Trait.PC2
"r_Block[1,Intercept]",0.060559565136474335,0.15921403783267732,-0.15859291727734595,0.34212663559655443,Ant-Aphid,2012,Trait.PC2
"r_Block[2,Intercept]",-0.1071631952922736,0.1692233893966722,-0.4137734673032799,0.1029100379708854,Ant-Aphid,2012,Trait.PC2
"r_Block[3,Intercept]",0.059943238794109066,0.164875047554803,-0.16829615427984732,0.35461640059901933,Ant-Aphid,2012,Trait.PC2
"r_Block[4,Intercept]",-0.08344754480776129,0.16540553311411738,-0.39631561535362314,0.12802322031410363,Ant-Aphid,2012,Trait.PC2
"r_Block[5,Intercept]",0.06408124032492733,0.15931193757902187,-0.15340667887164772,0.3473143498726918,Ant-Aphid,2012,Trait.PC2
"r_Genotype[F,Intercept]",0.5716731709484886,0.3068337583592871,0.05670588904722284,1.0789356546354998,Ant-Aphid,2012,Trait.PC2
"r_Genotype[G,Intercept]",0.48107124925843464,0.30862225141970745,-0.021455921930046713,0.9965605822976373,Ant-Aphid,2012,Trait.PC2
"r_Genotype[I,Intercept]",0.619822598116241,0.3112927606730515,0.11421499571346472,1.1275393236136053,Ant-Aphid,2012,Trait.PC2
"r_Genotype[J,Intercept]",-0.0894723506975709,0.29598796615757766,-0.5759468347818256,0.3946356747404673,Ant-Aphid,2012,Trait.PC2
"r_Genotype[L,Intercept]",0.462743263236078,0.3090741269120236,-0.043654578286535184,0.9745658430997767,Ant-Aphid,2012,Trait.PC2
"r_Genotype[S,Intercept]",-0.1584490522063611,0.29882828475204404,-0.655249228197489,0.32443214963996164,Ant-Aphid,2012,Trait.PC2
"r_Genotype[T,Intercept]",-0.3578511942596607,0.3032098855040558,-0.8599589923647162,0.13465218486436678,Ant-Aphid,2012,Trait.PC2
"r_Genotype[U,Intercept]",-0.20714614650042615,0.29495760458236314,-0.6962303684112564,0.2748151619250796,Ant-Aphid,2012,Trait.PC2
"r_Genotype[W,Intercept]",-0.6152551858835105,0.3118197687482045,-1.1359749253967741,-0.10241594665493038,Ant-Aphid,2012,Trait.PC2
"r_Genotype[X,Intercept]",-0.7538189135237767,0.3228188868258962,-1.2875906945324602,-0.22832778746630839,Ant-Aphid,2012,Trait.PC2
"r_Genotype:Ant.mound.dist[F_1,Intercept]",0.01166503020692881,0.12022105265410493,-0.17724123124254754,0.2255154742607757,Ant-Aphid,2012,Trait.PC2
"r_Genotype:Ant.mound.dist[F_12,Intercept]",0.017180001937357633,0.12117302738648375,-0.16514157952887337,0.2281120613519891,Ant-Aphid,2012,Trait.PC2
"r_Genotype:Ant.mound.dist[F_6,Intercept]",-2.395577914894502e-4,0.11945666875023703,-0.19061205048717988,0.19259659756201858,Ant-Aphid,2012,Trait.PC2
"r_Genotype:Ant.mound.dist[G_1,Intercept]",0.004550473398797321,0.1205049087281047,-0.19008933868422695,0.20909952514202232,Ant-Aphid,2012,Trait.PC2
"r_Genotype:Ant.mound.dist[G_12,Intercept]",-0.008222548105435499,0.12139848978308886,-0.213219515577759,0.18482936431691208,Ant-Aphid,2012,Trait.PC2
"r_Genotype:Ant.mound.dist[G_6,Intercept]",0.03259508201166988,0.12757950264631115,-0.14251563971111994,0.2643294381854469,Ant-Aphid,2012,Trait.PC2
"r_Genotype:Ant.mound.dist[I_1,Intercept]",-0.003784989111499088,0.11970384307274144,-0.19917635828508704,0.19205081131275598,Ant-Aphid,2012,Trait.PC2
"r_Genotype:Ant.mound.dist[I_12,Intercept]",-0.011307011360788119,0.12105079331463109,-0.2093512821619688,0.17884750626809487,Ant-Aphid,2012,Trait.PC2
"r_Genotype:Ant.mound.dist[I_6,Intercept]",0.04878925768114819,0.13341257521775185,-0.11417937914930716,0.30574788003468156,Ant-Aphid,2012,Trait.PC2
"r_Genotype:Ant.mound.dist[J_1,Intercept]",-0.022996195368825585,0.12798141287045484,-0.249657549253283,0.16075616435269724,Ant-Aphid,2012,Trait.PC2
"r_Genotype:Ant.mound.dist[J_12,Intercept]",0.03942815991611971,0.12759597151208338,-0.12948700136985986,0.2810955483224134,Ant-Aphid,2012,Trait.PC2
"r_Genotype:Ant.mound.dist[J_6,Intercept]",-0.025049473993486147,0.1273082954499064,-0.25535786531719745,0.15638098312820348,Ant-Aphid,2012,Trait.PC2
"r_Genotype:Ant.mound.dist[L_1,Intercept]",0.020185709632382337,0.12453385463142906,-0.1648682164293409,0.24785230581971124,Ant-Aphid,2012,Trait.PC2
"r_Genotype:Ant.mound.dist[L_12,Intercept]",0.009032410626259446,0.11951563827117181,-0.18557731912865014,0.20360793523652312,Ant-Aphid,2012,Trait.PC2
"r_Genotype:Ant.mound.dist[L_6,Intercept]",-0.004443210706159231,0.11222419155747393,-0.18651080619108734,0.1753328510806606,Ant-Aphid,2012,Trait.PC2
"r_Genotype:Ant.mound.dist[S_1,Intercept]",-0.018542727105877264,0.12050996128420335,-0.22873220440357098,0.16210759459822896,Ant-Aphid,2012,Trait.PC2
"r_Genotype:Ant.mound.dist[S_12,Intercept]",0.015301026486038772,0.11838695844074888,-0.16098216833433393,0.21381670985475434,Ant-Aphid,2012,Trait.PC2
"r_Genotype:Ant.mound.dist[S_6,Intercept]",-0.0038291320759597197,0.11386490418315685,-0.19207726040110118,0.17595159479326428,Ant-Aphid,2012,Trait.PC2
"r_Genotype:Ant.mound.dist[T_1,Intercept]",-0.029384617121873506,0.12893782569294931,-0.26865420622573993,0.14950452964401956,Ant-Aphid,2012,Trait.PC2
"r_Genotype:Ant.mound.dist[T_12,Intercept]",0.027560565577519937,0.1232741435169554,-0.14851100906789283,0.2515476444903265,Ant-Aphid,2012,Trait.PC2
"r_Genotype:Ant.mound.dist[T_6,Intercept]",-0.02041232305691432,0.12616747831943556,-0.24628595510298526,0.1652066664260535,Ant-Aphid,2012,Trait.PC2
"r_Genotype:Ant.mound.dist[U_1,Intercept]",-0.01257604021134867,0.11986850306057395,-0.2256490673264566,0.16879914384634248,Ant-Aphid,2012,Trait.PC2
"r_Genotype:Ant.mound.dist[U_12,Intercept]",0.017751128897710754,0.1217856791611955,-0.15692197141993353,0.23567634686546132,Ant-Aphid,2012,Trait.PC2
"r_Genotype:Ant.mound.dist[U_6,Intercept]",-0.012219408570223923,0.12083802363068241,-0.21076134132812283,0.17479610539332502,Ant-Aphid,2012,Trait.PC2
"r_Genotype:Ant.mound.dist[W_1,Intercept]",0.03744822344731367,0.12903185312912047,-0.13695053146799746,0.2729888015665474,Ant-Aphid,2012,Trait.PC2
"r_Genotype:Ant.mound.dist[W_12,Intercept]",-0.057647081586027694,0.14093996032956646,-0.34446356959390173,0.11038683214916956,Ant-Aphid,2012,Trait.PC2
"r_Genotype:Ant.mound.dist[W_6,Intercept]",-0.014819315349404253,0.11824407581429744,-0.22272223295873114,0.15918925612292278,Ant-Aphid,2012,Trait.PC2
"r_Genotype:Ant.mound.dist[X_1,Intercept]",0.009615802326163903,0.12384630336766654,-0.1819858151048362,0.22174188788221755,Ant-Aphid,2012,Trait.PC2
"r_Genotype:Ant.mound.dist[X_12,Intercept]",-0.04715866469467777,0.1402853866069007,-0.3201749280750914,0.12430523034295166,Ant-Aphid,2012,Trait.PC2
"r_Genotype:Ant.mound.dist[X_6,Intercept]",-0.0015356492156497418,0.11630817104156572,-0.19226101171567017,0.18842044441999395,Ant-Aphid,2012,Trait.PC2
"r_Genotype:Aphid.treatment[F_aphid,Intercept]",0.040994993931555306,0.17109074218685036,-0.19382116256200885,0.35319440926061463,Ant-Aphid,2012,Trait.PC2
"r_Genotype:Aphid.treatment[F_none,Intercept]",0.028007805836294454,0.16867692984983493,-0.20840285779290396,0.3361689029946082,Ant-Aphid,2012,Trait.PC2
"r_Genotype:Aphid.treatment[G_aphid,Intercept]",0.004920882522827733,0.16021264736648314,-0.24956543311000454,0.2706204515123707,Ant-Aphid,2012,Trait.PC2
"r_Genotype:Aphid.treatment[G_none,Intercept]",0.04533068910381139,0.1641372745664563,-0.17636304297754415,0.3301713241564465,Ant-Aphid,2012,Trait.PC2
"r_Genotype:Aphid.treatment[I_aphid,Intercept]",0.03286844129915722,0.17272475044909028,-0.21623140386074238,0.3372654579242381,Ant-Aphid,2012,Trait.PC2
"r_Genotype:Aphid.treatment[I_none,Intercept]",0.036113091958558705,0.1725905557726771,-0.20286947194297222,0.3279012836128155,Ant-Aphid,2012,Trait.PC2
"r_Genotype:Aphid.treatment[J_aphid,Intercept]",-0.012594050232958736,0.1596556378401137,-0.27212020551676525,0.24375581246611783,Ant-Aphid,2012,Trait.PC2
"r_Genotype:Aphid.treatment[J_none,Intercept]",-8.106091181011652e-4,0.15446573145507636,-0.2544322643155911,0.25076041847477026,Ant-Aphid,2012,Trait.PC2
"r_Genotype:Aphid.treatment[L_aphid,Intercept]",-0.04545253141023765,0.16297522515072255,-0.3335030425916587,0.18883073967358804,Ant-Aphid,2012,Trait.PC2
"r_Genotype:Aphid.treatment[L_none,Intercept]",0.09856685413820893,0.19881851819410784,-0.12375338469493569,0.4945437605143011,Ant-Aphid,2012,Trait.PC2
"r_Genotype:Aphid.treatment[S_aphid,Intercept]",-0.007283756441173384,0.1580861599824175,-0.27869744979854433,0.24227856294504954,Ant-Aphid,2012,Trait.PC2
"r_Genotype:Aphid.treatment[S_none,Intercept]",-0.007954894507589202,0.153971971571522,-0.2693937588271295,0.2291742437422772,Ant-Aphid,2012,Trait.PC2
"r_Genotype:Aphid.treatment[T_aphid,Intercept]",-0.009072143267611143,0.15139066415468191,-0.26447730093325833,0.2368973492031075,Ant-Aphid,2012,Trait.PC2
"r_Genotype:Aphid.treatment[T_none,Intercept]",-0.03393558487306462,0.16159844195849227,-0.3315737277113526,0.20023480721964873,Ant-Aphid,2012,Trait.PC2
"r_Genotype:Aphid.treatment[U_aphid,Intercept]",-0.014808664191151726,0.1528242566619042,-0.28382466055225014,0.21582906233379748,Ant-Aphid,2012,Trait.PC2
"r_Genotype:Aphid.treatment[U_none,Intercept]",-0.0029388076764220246,0.15502908560581202,-0.26246767324341347,0.24094384386564602,Ant-Aphid,2012,Trait.PC2
"r_Genotype:Aphid.treatment[W_aphid,Intercept]",0.043531193941391426,0.1606715702450152,-0.190662648299007,0.3274679701020671,Ant-Aphid,2012,Trait.PC2
"r_Genotype:Aphid.treatment[W_none,Intercept]",-0.11762976548434351,0.2039546971946963,-0.5202173987831236,0.09129379654441767,Ant-Aphid,2012,Trait.PC2
"r_Genotype:Aphid.treatment[X_aphid,Intercept]",-0.05715820700745098,0.17680781097455883,-0.38734292028748774,0.16042711911867125,Ant-Aphid,2012,Trait.PC2
"r_Genotype:Aphid.treatment[X_none,Intercept]",-0.030404235523371372,0.1751565247173487,-0.3481086959330937,0.21803299525875874,Ant-Aphid,2012,Trait.PC2
"r_Genotype:Aphid.treatment:Ant.mound.dist[F_aphid_1,Intercept]",-0.005110693917635194,0.12128968389071998,-0.20417529705234802,0.19114803516121867,Ant-Aphid,2012,Trait.PC2
"r_Genotype:Aphid.treatment:Ant.mound.dist[F_aphid_12,Intercept]",0.018745123064280608,0.13234432521055076,-0.16470728996623732,0.24362776232734873,Ant-Aphid,2012,Trait.PC2
"r_Genotype:Aphid.treatment:Ant.mound.dist[F_aphid_6,Intercept]",0.009464777214925989,0.12955447096148479,-0.19556479280126599,0.22233405249901692,Ant-Aphid,2012,Trait.PC2
"r_Genotype:Aphid.treatment:Ant.mound.dist[F_none_1,Intercept]",0.02185907802029934,0.1332239613807893,-0.17323901609106637,0.2598426004509355,Ant-Aphid,2012,Trait.PC2
"r_Genotype:Aphid.treatment:Ant.mound.dist[F_none_12,Intercept]",0.0021593965011858797,0.13202880224385904,-0.2040466091418111,0.21822933455263924,Ant-Aphid,2012,Trait.PC2
"r_Genotype:Aphid.treatment:Ant.mound.dist[F_none_6,Intercept]",-0.007224543305416198,0.12583843667939704,-0.2158297308009392,0.19567509872668992,Ant-Aphid,2012,Trait.PC2
"r_Genotype:Aphid.treatment:Ant.mound.dist[G_aphid_1,Intercept]",0.007499226510920082,0.13585635958648887,-0.2163185097083502,0.24390220559212317,Ant-Aphid,2012,Trait.PC2
"r_Genotype:Aphid.treatment:Ant.mound.dist[G_aphid_12,Intercept]",-0.0014829199423933247,0.1250297918043808,-0.2077256028771136,0.20455249629763378,Ant-Aphid,2012,Trait.PC2
"r_Genotype:Aphid.treatment:Ant.mound.dist[G_aphid_6,Intercept]",-0.008201464106125296,0.1284878209136668,-0.2338661535249225,0.1940182804444473,Ant-Aphid,2012,Trait.PC2
"r_Genotype:Aphid.treatment:Ant.mound.dist[G_none_1,Intercept]",-0.004718391022042678,0.13184301322194733,-0.22068387219698798,0.20366700492644674,Ant-Aphid,2012,Trait.PC2
"r_Genotype:Aphid.treatment:Ant.mound.dist[G_none_12,Intercept]",-0.010596259743305487,0.13173855643386231,-0.23244889189975834,0.19314167591260734,Ant-Aphid,2012,Trait.PC2
"r_Genotype:Aphid.treatment:Ant.mound.dist[G_none_6,Intercept]",0.04593522642607907,0.13903993278413793,-0.1372456830151648,0.32624737465759673,Ant-Aphid,2012,Trait.PC2
"r_Genotype:Aphid.treatment:Ant.mound.dist[I_aphid_1,Intercept]",-0.004683331571401071,0.12681575623368552,-0.21947456251673905,0.19767932234841065,Ant-Aphid,2012,Trait.PC2
"r_Genotype:Aphid.treatment:Ant.mound.dist[I_aphid_12,Intercept]",-0.009978033776791365,0.13169025933990505,-0.24150882360626594,0.20813294853620642,Ant-Aphid,2012,Trait.PC2
"r_Genotype:Aphid.treatment:Ant.mound.dist[I_aphid_6,Intercept]",0.029372063789548153,0.13845605912851391,-0.1690758626585366,0.2701275713030823,Ant-Aphid,2012,Trait.PC2
"r_Genotype:Aphid.treatment:Ant.mound.dist[I_none_1,Intercept]",-0.0047991433845561695,0.13423860958119446,-0.23319620917163975,0.2139291807693593,Ant-Aphid,2012,Trait.PC2
"r_Genotype:Aphid.treatment:Ant.mound.dist[I_none_12,Intercept]",-0.001704851163982102,0.13020985847048688,-0.2183172922577593,0.21510559412562305,Ant-Aphid,2012,Trait.PC2
"r_Genotype:Aphid.treatment:Ant.mound.dist[I_none_6,Intercept]",0.0258104000113517,0.13408142306880289,-0.16433198157949494,0.2624498814542268,Ant-Aphid,2012,Trait.PC2
"r_Genotype:Aphid.treatment:Ant.mound.dist[J_aphid_1,Intercept]",-0.00593172651056817,0.1303668685558301,-0.219074137647935,0.19302370515986658,Ant-Aphid,2012,Trait.PC2
"r_Genotype:Aphid.treatment:Ant.mound.dist[J_aphid_12,Intercept]",-0.027932104317892264,0.1360203105235352,-0.27790057621078224,0.16295222018793118,Ant-Aphid,2012,Trait.PC2
"r_Genotype:Aphid.treatment:Ant.mound.dist[J_aphid_6,Intercept]",0.021262740212606157,0.1347076881723042,-0.17337033120181122,0.25507131724742,Ant-Aphid,2012,Trait.PC2
"r_Genotype:Aphid.treatment:Ant.mound.dist[J_none_1,Intercept]",-0.021729878969148245,0.13531672588179566,-0.25989770014095226,0.17434462861146754,Ant-Aphid,2012,Trait.PC2
"r_Genotype:Aphid.treatment:Ant.mound.dist[J_none_12,Intercept]",0.07215795288936255,0.15416424747475505,-0.1031782495841532,0.3753607330535445,Ant-Aphid,2012,Trait.PC2
"r_Genotype:Aphid.treatment:Ant.mound.dist[J_none_6,Intercept]",-0.04514901889973385,0.13716812789850433,-0.30320388538114856,0.13162164496038167,Ant-Aphid,2012,Trait.PC2
"r_Genotype:Aphid.treatment:Ant.mound.dist[L_aphid_1,Intercept]",-0.005243495642374047,0.12922593959977835,-0.2203745008828527,0.20427853905436733,Ant-Aphid,2012,Trait.PC2
"r_Genotype:Aphid.treatment:Ant.mound.dist[L_aphid_12,Intercept]",3.1777896804638075e-4,0.13254949727802953,-0.21046598312131742,0.20561667214810098,Ant-Aphid,2012,Trait.PC2
"r_Genotype:Aphid.treatment:Ant.mound.dist[L_aphid_6,Intercept]",-0.04009186212382304,0.1384191916696697,-0.30245926724927413,0.14599698294930086,Ant-Aphid,2012,Trait.PC2
"r_Genotype:Aphid.treatment:Ant.mound.dist[L_none_1,Intercept]",0.03425377903060047,0.13759705861521915,-0.14472973691552643,0.2891812873206976,Ant-Aphid,2012,Trait.PC2
"r_Genotype:Aphid.treatment:Ant.mound.dist[L_none_12,Intercept]",0.008879020630880063,0.1353534756524773,-0.19844549843617715,0.2391654816636447,Ant-Aphid,2012,Trait.PC2
"r_Genotype:Aphid.treatment:Ant.mound.dist[L_none_6,Intercept]",0.0314662979194478,0.13220551480292922,-0.15952298097570627,0.27086402869702153,Ant-Aphid,2012,Trait.PC2
"r_Genotype:Aphid.treatment:Ant.mound.dist[S_aphid_1,Intercept]",-0.03609229036109554,0.13735448714934137,-0.28399755584636194,0.14322826324571414,Ant-Aphid,2012,Trait.PC2
"r_Genotype:Aphid.treatment:Ant.mound.dist[S_aphid_12,Intercept]",0.046790014740157475,0.1398899025311852,-0.13861536518525167,0.31167582745082423,Ant-Aphid,2012,Trait.PC2
"r_Genotype:Aphid.treatment:Ant.mound.dist[S_aphid_6,Intercept]",-0.007596382365389343,0.13678986998600962,-0.24110889492151963,0.2043886898449429,Ant-Aphid,2012,Trait.PC2
"r_Genotype:Aphid.treatment:Ant.mound.dist[S_none_1,Intercept]",0.017273668535058684,0.13357530842210358,-0.19051457950058995,0.2486166201156186,Ant-Aphid,2012,Trait.PC2
"r_Genotype:Aphid.treatment:Ant.mound.dist[S_none_12,Intercept]",-0.024321590305207055,0.13720863469660938,-0.26820261566687814,0.1748887042616704,Ant-Aphid,2012,Trait.PC2
"r_Genotype:Aphid.treatment:Ant.mound.dist[S_none_6,Intercept]",0.004681421767638879,0.13124281348424394,-0.19385992376246394,0.22856546719503246,Ant-Aphid,2012,Trait.PC2
"r_Genotype:Aphid.treatment:Ant.mound.dist[T_aphid_1,Intercept]",-0.0042289527267149055,0.12605391101420593,-0.21269839765761378,0.19561570440627993,Ant-Aphid,2012,Trait.PC2
"r_Genotype:Aphid.treatment:Ant.mound.dist[T_aphid_12,Intercept]",0.0224507298436524,0.133254235069461,-0.17334935839231216,0.25842936869696814,Ant-Aphid,2012,Trait.PC2
"r_Genotype:Aphid.treatment:Ant.mound.dist[T_aphid_6,Intercept]",-0.017853695549306648,0.1344385390034208,-0.2528726608073157,0.1907633102293137,Ant-Aphid,2012,Trait.PC2
"r_Genotype:Aphid.treatment:Ant.mound.dist[T_none_1,Intercept]",-0.028844920921888773,0.1293451138913379,-0.2761998099267336,0.14706173115842927,Ant-Aphid,2012,Trait.PC2
"r_Genotype:Aphid.treatment:Ant.mound.dist[T_none_12,Intercept]",0.01276496913190665,0.12973495886546704,-0.18566781352798273,0.23464029748292892,Ant-Aphid,2012,Trait.PC2
"r_Genotype:Aphid.treatment:Ant.mound.dist[T_none_6,Intercept]",-0.0018237186675920327,0.12759746498808516,-0.20888336731547547,0.20321677846020167,Ant-Aphid,2012,Trait.PC2
"r_Genotype:Aphid.treatment:Ant.mound.dist[U_aphid_1,Intercept]",0.0034976986329104,0.1303322840260325,-0.20554864377243456,0.22053077737163257,Ant-Aphid,2012,Trait.PC2
"r_Genotype:Aphid.treatment:Ant.mound.dist[U_aphid_12,Intercept]",0.0010846254229293472,0.12873436952383085,-0.20309349059313447,0.21318278752763956,Ant-Aphid,2012,Trait.PC2
"r_Genotype:Aphid.treatment:Ant.mound.dist[U_aphid_6,Intercept]",-0.014219735010440606,0.13605947271532562,-0.25189327820416,0.18919342751855478,Ant-Aphid,2012,Trait.PC2
"r_Genotype:Aphid.treatment:Ant.mound.dist[U_none_1,Intercept]",-0.017451727766203375,0.13119077358229367,-0.2406241362629049,0.1765797184680544,Ant-Aphid,2012,Trait.PC2
"r_Genotype:Aphid.treatment:Ant.mound.dist[U_none_12,Intercept]",0.01940409052645535,0.13440911945594225,-0.1778430074807139,0.2574283873297684,Ant-Aphid,2012,Trait.PC2
"r_Genotype:Aphid.treatment:Ant.mound.dist[U_none_6,Intercept]",-0.005670094428332398,0.13362788410473206,-0.22585450104218496,0.21043205129317127,Ant-Aphid,2012,Trait.PC2
"r_Genotype:Aphid.treatment:Ant.mound.dist[W_aphid_1,Intercept]",0.07920979274293942,0.16047640824550083,-0.09174118224001772,0.41352109896057776,Ant-Aphid,2012,Trait.PC2
"r_Genotype:Aphid.treatment:Ant.mound.dist[W_aphid_12,Intercept]",-0.018804883608576673,0.1337574685880406,-0.25142494921323244,0.18100800652616722,Ant-Aphid,2012,Trait.PC2
"r_Genotype:Aphid.treatment:Ant.mound.dist[W_aphid_6,Intercept]",-0.014705892736335392,0.1328709805309223,-0.24596014455577944,0.18053945737340965,Ant-Aphid,2012,Trait.PC2
"r_Genotype:Aphid.treatment:Ant.mound.dist[W_none_1,Intercept]",-0.03158841652514163,0.1380217580926023,-0.28565900150968937,0.15925040978798438,Ant-Aphid,2012,Trait.PC2
"r_Genotype:Aphid.treatment:Ant.mound.dist[W_none_12,Intercept]",-0.04893321876206688,0.1387747217472457,-0.3101378105962486,0.12990496563518183,Ant-Aphid,2012,Trait.PC2
"r_Genotype:Aphid.treatment:Ant.mound.dist[W_none_6,Intercept]",0.001182325162322856,0.12919033314479636,-0.2084330417200567,0.21712890034601012,Ant-Aphid,2012,Trait.PC2
"r_Genotype:Aphid.treatment:Ant.mound.dist[X_aphid_1,Intercept]",0.006857621772959292,0.1296681812443455,-0.1940525216499674,0.22383129365759663,Ant-Aphid,2012,Trait.PC2
"r_Genotype:Aphid.treatment:Ant.mound.dist[X_aphid_12,Intercept]",-0.0124606956153127,0.13346035940019202,-0.23863059988296342,0.1835143786731323,Ant-Aphid,2012,Trait.PC2
"r_Genotype:Aphid.treatment:Ant.mound.dist[X_aphid_6,Intercept]",-0.030333610922456383,0.1344385482725104,-0.2676829812075557,0.15456756712322225,Ant-Aphid,2012,Trait.PC2
"r_Genotype:Aphid.treatment:Ant.mound.dist[X_none_1,Intercept]",0.004100241081881669,0.12769387876524865,-0.20258855851364777,0.226264709437987,Ant-Aphid,2012,Trait.PC2
"r_Genotype:Aphid.treatment:Ant.mound.dist[X_none_12,Intercept]",-0.04545322818168115,0.1413308843812032,-0.32045767659554836,0.14361850652835817,Ant-Aphid,2012,Trait.PC2
"r_Genotype:Aphid.treatment:Ant.mound.dist[X_none_6,Intercept]",0.027566769181795483,0.12902400514108936,-0.15897249893945684,0.2646404494529843,Ant-Aphid,2012,Trait.PC2
"r_Plot_code[1_1,Intercept]",-0.10125208779593868,0.17232786897452843,-0.4202717711558383,0.1267681605466245,Ant-Aphid,2012,Trait.PC2
"r_Plot_code[1_12,Intercept]",0.011892053699563813,0.15895476421034443,-0.2383965989162969,0.27828903120361076,Ant-Aphid,2012,Trait.PC2
"r_Plot_code[1_6,Intercept]",0.17972181331885864,0.20225505101285307,-0.05988448167679989,0.5691124171402154,Ant-Aphid,2012,Trait.PC2
"r_Plot_code[2_1,Intercept]",0.022886875785888793,0.1665982778093523,-0.25121163885788317,0.3043275955814999,Ant-Aphid,2012,Trait.PC2
"r_Plot_code[2_12,Intercept]",-0.11934870133717741,0.18269810579319146,-0.4619914746769253,0.11534693178069773,Ant-Aphid,2012,Trait.PC2
"r_Plot_code[2_6,Intercept]",-0.051263444636493,0.1649293541568354,-0.3438395347333032,0.2015026861429299,Ant-Aphid,2012,Trait.PC2
"r_Plot_code[3_1,Intercept]",-0.01826342766268174,0.1602712601734397,-0.2984702809345438,0.23420801025637825,Ant-Aphid,2012,Trait.PC2
"r_Plot_code[3_12,Intercept]",0.14353224231085318,0.1893660560648307,-0.08722285820519013,0.5180298143603109,Ant-Aphid,2012,Trait.PC2
"r_Plot_code[3_6,Intercept]",-0.03559963850370308,0.16169073049069,-0.31480567861068237,0.2208795144861152,Ant-Aphid,2012,Trait.PC2
"r_Plot_code[4_1,Intercept]",0.003229308453584892,0.15663656030380255,-0.2644044124740248,0.26528488385538734,Ant-Aphid,2012,Trait.PC2
"r_Plot_code[4_12,Intercept]",-0.05443706208165366,0.1609182921860768,-0.34910141457602045,0.18401879328203352,Ant-Aphid,2012,Trait.PC2
"r_Plot_code[4_6,Intercept]",-0.06056369954690958,0.1662724104178754,-0.3710676961094527,0.17620920135666981,Ant-Aphid,2012,Trait.PC2
"r_Plot_code[5_1,Intercept]",0.09153113505959581,0.17763352180643868,-0.15009668536450488,0.42031920370329073,Ant-Aphid,2012,Trait.PC2
"r_Plot_code[5_12,Intercept]",0.012020624764923177,0.15579356270639877,-0.24181674875813838,0.2769827671405489,Ant-Aphid,2012,Trait.PC2
"r_Plot_code[5_6,Intercept]",-0.013002232175652544,0.16112648068692748,-0.2769734490676306,0.25280382153430464,Ant-Aphid,2012,Trait.PC2
lp__,-677.4097585897717,10.421197333361299,-695.1106210514853,-660.6287687891529,Ant-Aphid,2012,Trait.PC2
