"","Block","Wind.Exposure","Plot_code","Genotype","plant_ID","OTU_3","OTU_19","OTU_4","OTU_10","OTU_5","OTU_8","OTU_7","OTU_311","OTU_39","OTU_1815","OTU_1618","OTU_1785","OTU_1607","OTU_308","OTU_52","OTU_75","OTU_1819","OTU_57","OTU_77","OTU_78","OTU_92","OTU_103","OTU_1693","OTU_735","OTU_1631","OTU_117","OTU_44","OTU_151","OTU_132","OTU_163","OTU_244","OTU_1882","OTU_1765","OTU_1873","OTU_189","OTU_1774","OTU_1757","OTU_237","OTU_1730","OTU_246","OTU_242","OTU_291","OTU_1030","OTU_352","OTU_276","OTU_263","OTU_275","OTU_286","OTU_1793","OTU_460","OTU_332","OTU_358","OTU_347","OTU_341","OTU_364","OTU_379","OTU_394","OTU_461","OTU_536","OTU_472","OTU_804","OTU_529","OTU_585","OTU_700","OTU_666","OTU_603","OTU_932","OTU_872","OTU_620","OTU_1914","OTU_843","OTU_1046","OTU_1829","OTU_855","OTU_617","OTU_816","OTU_599","OTU_689","OTU_767","OTU_750","OTU_1109","OTU_733","OTU_857","OTU_1050","OTU_659","OTU_728","OTU_776","OTU_1248","OTU_714","OTU_761","OTU_1313","OTU_703","OTU_809","OTU_1004","OTU_985","OTU_1015","OTU_1130","OTU_1141","OTU_1190","OTU_1249","OTU_918","OTU_1010","OTU_1127","OTU_1880","OTU_926","OTU_1020","OTU_1115","OTU_1233","OTU_1374","OTU_889","OTU_1005","OTU_1066","OTU_1172","OTU_1295","OTU_1427","OTU_1945","OTU_885","OTU_1193","OTU_1555","OTU_847","OTU_956","OTU_1027","OTU_1206","OTU_1215","OTU_1347","OTU_1362","OTU_1380","OTU_1195","OTU_1400","OTU_1122","OTU_1138","OTU_1159","OTU_1192","OTU_1237","OTU_1511","OTU_1152","OTU_1434","OTU_1471","OTU_1474","OTU_1568","OTU_1247","OTU_1316","OTU_1391","OTU_1423","OTU_1457","OTU_1508","OTU_1623","OTU_1784","OTU_1477","OTU_1571","OTU_1718","OTU_1776","OTU_1790","OTU_1891","OTU_1983","OTU_2004","OTU_1445","OTU_1499","OTU_1510","OTU_1518","OTU_1588","OTU_1697","OTU_1742","OTU_1780","OTU_1836","OTU_1885","OTU_1946","OTU_1955","OTU_1980","OTU_1988","OTU_2007","OTU_1581","OTU_1614","OTU_1655","OTU_1701","OTU_1717","OTU_1852","OTU_1877","OTU_1924","OTU_1944","OTU_1725","OTU_1754","OTU_1756","OTU_1770","OTU_1828","OTU_1884","OTU_1940","OTU_1971"
"1","10","Exposed","10.E","F","10EF3",6.98899588069936,9.10051833950006,11.1740449710816,0,4.8276798422294,3.2046381357303,13.9257995507042,0,12.1080992401696,3.87760980187651,13.4213893981448,4.12419214502134,3.2046381357303,0,0,0,0,0,0,0,4.33471715615583,0,4.96055740993783,0,0,0,10.1099737273346,0,0,0,0,0,0,3.2046381357303,0,5.65291862185164,0,3.2046381357303,0,0,0,0,0,0,0,0,0,0,0,0,0,0,0,0,0,0,0,0,0,0,0,0,0,0,0,0,0,0,5.48657332816475,0,0,3.87760980187651,5.39560749271295,0,0,0,0,0,0,0,0,0,0,0,0,0,0,0,0,0,0,0,0,0,0,0,0,0,0,0,0,0,0,0,0,0,1.90293258203984,0,0,1.90293258203984,0,0,0,1.90293258203984,0,0,0,0,0,2.69587181445938,0,0,0,0,0,0,0,0,0,0,0,0,0,0,0,0,0,0,0,0,0,0,0,0,0,0,0,0,0,0,0,0,0,0,0,0,0,0,0,0,0,0,0,0,0,0,0,0,0,0,0,0,0,0,0,0,0,0,0,0,0,0,0,0,0,0,0,0
"2","10","Exposed","10.E","I","10EI6",2.30817712462755,9.26126804608395,0,12.3038766112728,0,0,0,3.68456153234682,4.62733922721683,0,2.30817712462755,0,0,0,0,0,0,13.3525259944159,0,0,0,0,0,0,0,0,0,6.1728524047069,0,0,0,0,0,0,0,0,0,0,0,0,0,0,0,0,0,0,0,0,0,0,0,0,0,0,0,0,0,0,0,0,0,0,0,0,0,0,0,0,0,0,0,0,0,0,0,0,0,0,0,0,0,0,0,0,0,0,0,0,0,0,0,0,0,0,0,0,0,0,0,0,0,0,0,0,0,0,0,0,0,0,0,0,0,0,0,0,0,0,0,0,0,0,0,0,0,0,0,0,0,0,0,0,0,0,0,0,0,0,0,0,0,0,0,0,0,0,0,0,0,0,0,0,0,0,0,0,0,0,0,0,0,0,0,0,0,0,0,0,0,0,0,0,0,0,0,0,0,0,0,0,0,0,0,0,0,0,0,0
"3","10","Exposed","10.E","J","10EJ1",0,5.78703713902739,4.64940769269373,11.2708089501579,0,0,13.6083647767538,2.81231264185357,6.92459789668224,0,13.6194562679419,4.64940769269373,0,0,0,0,0,0,0,0,0,0,4.95979249677108,0,0,0,10.099854758494,2.81231264185357,0,0,0,0,0,3.70577809626141,0,5.62037442087823,0,0,0,0,0,0,2.81231264185357,0,0,0,0,0,0,0,0,0,0,0,0,0,0,0,0,0,0,0,0,0,0,0,0,0,0,0,0,4.95979249677108,4.25340610879026,0,0,0,0,0,0,0,0,0,0,0,0,0,0,0,0,0,0,0,0,0,0,0,0,0,0,0,0,0,0,0,0,0,0,0,0,0,0,0,0,0,0,0,0,0,0,0,0,0,0,0,0,0,0,0,0,0,0,2.81231264185357,0,0,0,0,0,0,0,0,0,0,0,0,0,0,0,0,0,0,0,0,0,0,0,0,0,0,0,0,0,0,0,0,0,0,0,0,0,0,0,0,0,0,0,0,0,0,0,0,0,0,0,0,0,0,0,0
"4","10","Exposed","10.E","T","10ET5",7.03342300153745,8.62327185761863,14.1118148988048,13.1914191234872,0,2.11547721741994,2.11547721741994,2.11547721741994,8.58621429693062,5.47031993478004,11.8627664866742,2.11547721741994,6.14974711950468,0,0,0,0,0,0,0,0,0,0,2.11547721741994,0,0,8.83815340942595,0,0,0,0,3.84130225398094,0,0,0,4.60486205815886,4.39231742277876,0,0,0,0,0,0,0,0,0,0,0,0,0,0,0,0,0,0,0,0,0,0,0,0,0,0,0,0,0,0,0,0,0,0,0,2.11547721741994,0,0,0,0,0,0,0,0,0,0,0,0,0,0,0,0,0,0,0,0,0,0,0,2.11547721741994,0,0,0,0,0,0,0,0,0,0,0,0,0,0,0,0,0,0,0,0,0,0,0,0,0,0,0,0,0,0,0,0,0,0,0,0,0,0,0,0,0,0,0,0,0,0,0,0,0,0,0,0,0,0,0,0,0,0,0,0,0,0,0,0,0,0,0,0,0,0,0,0,0,0,0,0,0,0,0,0,0,0,0,0,0,0,0,0,0,0,0
"5","10","Exposed","10.E","U","10EU9",5.77570536369647,7.46187888370368,9.02491890091255,11.4210317214841,0,14.1447023533916,7.74246042088907,3.9015159937107,0,0,0,0,2.31732252021505,0,0,0,0,0,0,0,0,0,0,0,0,0,0,0,0,0,0,0,0,0,0,0,0,0,4.51805356843854,0,0,0,0,0,0,0,0,0,0,0,0,0,0,5.876981586591,0,0,0,0,0,0,0,0,0,0,0,0,0,0,0,0,0,0,0,0,0,0,0,0,0,0,0,0,0,0,0,0,0,0,0,0,0,0,0,0,0,0,0,0,0,0,0,0,0,0,0,0,0,0,0,0,0,0,0,1.5811255435635,0,0,0,0,0,0,0,0,0,0,0,0,0,0,0,0,0,0,0,0,0,0,0,0,0,0,0,0,0,0,0,0,0,0,0,0,0,0,0,0,0,0,0,0,0,0,0,0,0,0,0,0,0,0,0,0,0,0,0,0,0,0,0,0,0,0,0,0,0,0,0,0,0,0
"6","10","Exposed","10.E","W","10EW2",2.26371993449525,8.28903707583484,3.10510187997459,3.10510187997459,3.10510187997459,2.26371993449525,7.29364210551411,0,7.74097987091779,0,14.2544917563944,4.32275069020047,0,0,0,0,0,13.3735676452885,0,0,0,0,0,0,0,0,10.8847305732279,6.03647659110247,0,0,0,0,0,5.28624590019676,0,5.54310535098827,0,0,0,0,0,0,0,0,0,0,0,0,0,0,0,0,0,0,0,0,0,0,0,0,0,0,0,0,0,0,0,0,0,0,5.54310535098827,0,5.54310535098827,0,0,0,0,0,0,0,0,0,2.26371993449525,0,0,0,0,0,0,0,0,0,0,0,0,0,0,0,0,0,0,0,0,0,0,0,0,0,4.57371917431247,0,0,0,0,0,0,0,0,0,0,2.26371993449525,0,0,0,0,0,0,0,0,0,0,0,0,0,0,0,0,0,0,0,0,0,0,0,0,0,0,0,0,0,0,0,0,0,0,0,0,0,0,0,0,0,0,0,0,0,0,0,0,0,0,0,0,0,0,0,0,0,0,0,0,0,0,0,0,0,3.10510187997459,0,0
"7","10","Exposed","10.E","X","10EX10",4.93570786802963,11.7816616814803,2.10080064078749,12.6910547394388,0,11.4799131908847,0,5.74501082272223,0,0,9.89429923151366,3.44207045797586,0,0,0,0,2.10080064078749,7.65576607692065,0,0,0,0,0,2.10080064078749,0,0,2.92199748799873,0,0,0,0,0,0,0,0,7.08606636931778,0,0,2.92199748799873,0,0,0,0,0,0,0,0,0,0,0,0,0,0,0,0,0,0,0,0,0,0,0,5.74501082272223,0,0,0,0,0,0,0,0,0,0,0,0,2.10080064078749,0,0,0,0,0,0,0,0,0,0,0,0,0,0,0,0,0,0,0,0,0,0,0,0,0,0,0,0,0,0,0,0,0,0,0,0,0,2.10080064078749,0,0,0,0,0,0,0,0,0,2.92199748799873,0,0,0,0,0,0,0,0,0,0,0,0,0,2.10080064078749,0,0,0,0,0,0,0,0,0,0,0,0,0,0,0,0,0,0,0,0,0,0,0,0,0,0,0,0,0,0,0,0,0,0,0,0,0,0,0,0,0,0,0,0,0,0,0,0,0,0
"8","10","Unexposed","10.U","F","10UF3",2.37897783590632,7.66306470901233,2.37897783590632,12.8937269375388,0,3.23317655766845,3.23317655766845,6.00056817659056,0,0,0,0,2.37897783590632,0,0,0,0,0,0,0,0,0,0,0,0,0,0,3.23317655766845,0,0,3.76606950699462,0,0,0,0,0,0,0,0,0,0,0,0,3.76606950699462,0,0,0,0,0,0,0,0,0,0,0,0,0,0,0,0,0,0,0,0,0,0,0,0,0,0,0,0,0,0,2.37897783590632,0,0,0,0,0,0,0,0,0,0,0,0,0,0,0,0,0,0,0,0,0,3.23317655766845,0,0,0,0,0,0,0,0,0,2.37897783590632,0,0,0,0,0,0,0,0,0,0,0,0,0,0,0,0,0,0,0,0,0,0,0,0,0,0,0,0,0,0,0,0,3.23317655766845,0,0,0,0,0,3.23317655766845,0,0,0,0,0,0,0,0,0,0,0,0,0,0,0,0,0,0,0,0,0,0,0,0,0,0,0,0,0,0,0,0,0,0,0,0,0,0,0,0,0,0
"9","10","Unexposed","10.U","G","10UG4",5.20544865787805,12.1645121390308,7.57549076347658,10.8022056470565,7.85654523945337,0,14.8258544623715,0,0,0,0,0,0,0,0,0,0,0,0,0,0,0,6.46237118166455,0,0,0,0,0,0,0,0,0,0,0,0,0,0,0,0,0,0,0,0,0,0,0,0,0,0,0,0,0,0,0,0,0,0,0,0,0,0,0,0,0,0,0,0,0,0,0,0,4.42712478157758,0,0,0,0,0,0,0,0,0,0,0,0,0,0,0,0,0,0,0,0,0,0,0,0,2.6154645891185,0,0,0,0,0,0,0,0,0,0,0,0,0,0,6.08037341646402,0,0,0,0,0,0,0,0,0,0,0,0,0,0,0,0,0,0,0,0,0,0,0,0,0,0,0,0,0,0,0,0,0,0,0,0,0,0,0,0,0,0,0,0,0,0,0,0,0,0,0,0,0,0,0,0,0,0,0,0,0,0,0,0,0,0,0,0,0,0,0,0,0,0,0,0
"10","10","Unexposed","10.U","I","10UI6",9.92837662342376,12.9456811943854,8.75439003336289,14.0770589389442,2.65973026912313,10.5870593109414,2.65973026912313,6.33605543194146,0,0,0,0,0,0,0,0,7.50661355536737,0,0,0,0,0,0,0,0,0,0,0,4.47745687525317,0,0,0,0,0,0,0,0,0,2.65973026912313,0,0,5.25678584183231,0,0,0,0,0,0,0,0,0,0,0,0,0,0,0,0,0,2.65973026912313,0,0,0,0,0,0,0,0,0,0,0,0,0,0,0,0,0,0,0,0,0,2.65973026912313,0,0,0,0,0,0,0,0,0,0,0,0,0,0,4.47745687525317,0,0,0,0,0,0,0,0,0,0,0,0,0,0,0,0,0,0,0,0,0,0,0,2.65973026912313,0,0,0,0,0,0,0,0,0,0,0,0,0,0,0,0,0,0,0,0,0,0,0,0,0,0,0,0,0,4.08384706231284,0,0,0,0,0,0,0,0,0,0,0,0,0,0,0,0,0,0,0,0,0,0,0,0,0,0,0,0,0,0,0,0,2.65973026912313,0,0,0,0
"11","10","Unexposed","10.U","J","10UJ1",5.19271190083162,11.1806290780508,0,10.5498074923915,7.96585271126262,8.83145120379228,7.08094915484313,7.89575187984709,0,0,2.30817712462755,0,0,0,0,0,0,0,0,0,0,0,0,0,0,0,0,5.9138118284792,0,0,3.68456153234682,0,2.30817712462755,0,0,0,0,0,0,0,0,0,0,0,0,0,0,0,0,0,0,0,0,0,0,0,0,3.15463802354112,0,0,0,0,0,0,0,0,0,0,0,0,0,2.30817712462755,0,0,0,0,0,0,0,0,0,0,0,0,0,0,0,0,0,0,0,0,0,0,0,0,0,0,0,0,0,0,0,0,0,0,0,0,0,0,0,0,0,0,0,0,0,0,0,0,0,0,0,0,0,0,0,0,0,0,0,0,0,0,0,0,0,0,0,0,0,0,0,0,0,0,0,0,0,0,0,0,0,0,0,0,0,0,0,0,0,0,0,0,0,0,0,2.30817712462755,0,0,0,0,0,0,0,0,0,0,0,0,0,0,0,0,0,0,0,0
"12","10","Unexposed","10.U","L","10UL7",0,10.2481527667774,9.26920560497553,13.2038984158546,0,12.1299310080166,13.1566838140466,7.13175929974967,0,2.38388653607811,0,0,6.67618026704573,0,0,0,0,0,0,0,0,0,4.16008416446563,0,0,0,0,0,5.11916002448379,0,0,0,0,0,0,0,2.38388653607811,0,3.23860629216086,0,0,4.46578164055109,0,0,0,0,0,0,0,0,0,0,0,0,0,0,0,0,0,0,0,0,0,0,0,0,0,0,0,0,0,0,0,0,0,0,0,0,0,0,0,0,0,0,0,0,0,0,0,0,0,0,0,0,0,0,2.38388653607811,0,0,0,0,0,0,0,0,0,0,0,0,0,0,0,0,0,0,0,0,0,0,0,0,0,0,0,0,2.38388653607811,0,0,0,0,0,0,0,0,0,0,0,0,0,0,0,0,0,0,0,0,0,0,0,0,0,0,0,0,0,0,0,0,0,0,0,0,0,0,0,0,0,0,0,0,0,0,0,0,0,0,0,0,0,0,0,0,0,0,0,0,0,0
"13","10","Unexposed","10.U","S","10US8",9.64706486961274,10.6843377093571,8.72408746179399,11.2143191208008,4.82495874052852,11.0539258815311,2.29462074889163,3.1395513523988,0,0,8.59886669499002,2.29462074889163,2.29462074889163,3.66888498426625,0,0,5.89708912831276,0,0,0,0,0,0,0,0,0,3.66888498426625,8.01576348736988,0,0,0,0,0,0,0,5.58120058192496,0,0,3.66888498426625,0,0,0,0,0,0,0,0,0,2.29462074889163,0,2.29462074889163,0,0,0,0,0,0,0,0,2.29462074889163,0,0,0,0,0,0,0,0,0,0,0,0,0,0,0,2.29462074889163,0,0,0,0,0,0,0,0,0,0,0,0,0,0,0,0,0,0,6.2330204264745,0,2.29462074889163,0,0,0,0,0,0,0,0,0,0,0,0,0,0,0,0,0,0,0,0,0,0,0,0,0,0,0,0,0,0,0,0,0,0,0,0,0,0,0,0,0,0,0,0,0,0,0,0,0,0,0,0,0,0,0,0,0,0,0,0,0,0,0,0,0,0,0,0,0,0,0,0,0,0,0,3.1395513523988,0,0,0,0,0,0,0,0,0,0,0,0,0,0,0
"14","10","Unexposed","10.U","T","10UT5",2.29462074889163,12.4558890580773,6.50531535613624,8.91129835194916,0,10.7114787743247,11.4092583293964,0,2.29462074889163,0,7.14593214582052,4.05528243550119,0,0,0,0,2.29462074889163,0,0,0,3.66888498426625,0,0,0,0,0,0,0,3.66888498426625,0,0,0,0,0,0,3.1395513523988,0,0,3.1395513523988,0,0,3.1395513523988,0,0,0,0,0,0,0,0,0,0,0,0,0,0,2.29462074889163,0,0,2.29462074889163,0,0,0,0,0,0,0,0,0,0,0,0,0,0,0,0,0,0,0,0,0,0,2.29462074889163,0,0,0,0,0,0,0,0,2.29462074889163,0,0,0,0,0,0,0,0,0,0,0,0,0,0,0,0,0,0,0,0,0,0,0,0,0,0,0,0,0,0,0,0,0,0,0,0,0,0,0,0,0,0,0,0,0,0,0,0,3.1395513523988,0,0,0,0,0,0,0,0,0,0,0,0,0,0,0,0,0,0,0,0,0,0,0,0,0,0,0,0,0,0,0,0,0,0,0,0,0,0,0,0,0,0,0,0,0,0,0
"15","10","Unexposed","10.U","U","10UU9",1.79711573755277,11.7612591027083,14.3897890521226,9.89029438020402,3.44638727081258,8.57813911932607,13.3734614545868,4.37864896392125,0,8.42031463044558,6.41207720720989,0,12.7054634486328,0,0,0,10.135404526252,9.28716376545412,0,0,12.0324310871957,0,4.37864896392125,0,0,0,0,6.93412875129063,11.2954109349994,0,0,8.24307969584199,2.57300969795939,0,0,1.79711573755277,5.72738133084957,0,1.79711573755277,0,0,0,0,0,0,0,0,0,0,0,0,0,0,0,0,0,0,0,0,0,0,0,0,0,0,0,0,0,0,0,0,4.19587769711878,0,0,6.41207720720989,0,0,0,0,0,0,0,0,0,0,0,0,0,0,0,0,0,0,0,0,0,0,0,0,0,0,0,0,1.79711573755277,0,0,1.79711573755277,0,0,0,0,0,0,0,0,0,0,0,0,0,0,0,0,0,3.74160047657389,0,0,2.57300969795939,0,0,0,0,0,0,0,0,0,3.74160047657389,0,0,0,0,3.07480383893417,0,0,0,0,1.79711573755277,0,0,0,0,0,0,0,0,0,0,0,0,0,0,0,0,0,0,0,0,0,0,0,0,0,0,0,0,0,0,0,0,0,0,0,0,0,0,0,0
"16","10","Unexposed","10.U","X","10UX10",4.00848147675509,15.6226761748367,8.47458603684885,11.6911591605322,3.09544678548304,2.25507312013111,12.9982611099704,8.20623111060058,0,0,0,0,3.62301872698323,0,0,6.45602501719405,0,0,0,0,0,0,3.09544678548304,0,0,0,0,0,6.18384601609635,0,0,0,2.25507312013111,0,0,0,2.25507312013111,0,0,0,0,3.09544678548304,0,0,0,0,0,0,0,0,0,0,0,0,0,0,0,0,0,0,0,0,0,0,0,0,0,0,0,0,0,3.09544678548304,0,0,0,0,0,0,0,0,0,0,0,0,0,0,0,0,0,0,0,0,0,0,0,0,0,0,0,0,0,0,0,0,0,0,0,0,0,0,3.09544678548304,0,0,0,0,0,0,0,0,0,0,0,0,0,0,0,0,0,0,0,0,0,0,0,0,0,0,0,0,0,0,0,0,0,0,0,0,0,0,0,0,0,0,0,0,0,0,0,0,0,0,0,0,0,0,0,0,0,0,0,0,0,0,0,0,0,0,0,0,0,0,0,0,0,0,0,0,0
"17","1","Exposed","1.E","F","1EF2",1.76472046947336,11.3339020768293,13.6604686371157,12.7968726734761,10.2630552404673,0,0,5.11157979485814,0,4.49714824085861,6.97384359187765,0,5.5411291222348,3.03461095898461,2.53509818432092,0,0,0,0,4.89612546050678,0,0,0,0,1.76472046947336,0,0,6.9460542425816,0,5.5411291222348,0,3.40494754359549,0,0,3.40494754359549,3.40494754359549,4.89612546050678,0,0,0,0,0,0,0,0,9.12245249864471,0,0,0,0,0,0,0,0,0,0,0,0,0,0,0,0,0,0,0,0,0,0,0,0,0,0,0,0,0,0,0,0,0,0,0,0,0,0,0,0,0,0,0,0,0,0,0,0,0,0,0,0,0,0,0,0,0,0,0,0,0,0,0,1.76472046947336,0,0,0,0,0,0,0,0,0,0,0,0,0,0,0,0,1.76472046947336,0,0,0,0,0,0,0,0,0,0,0,0,0,0,0,0,0,0,0,0,0,0,0,0,0,0,0,0,0,0,0,0,0,0,0,0,0,0,0,0,0,0,0,0,0,0,0,0,0,0,0,0,0,0,0,0,0,0,0,0,0
"18","1","Exposed","1.E","G","1EG10",6.69720109764618,12.601408383013,11.2571758524344,13.4433761256037,14.940845464687,0,2.30817712462755,6.52213566326572,0,2.30817712462755,11.2241852248538,4.37593229446041,4.37593229446041,6.64117359184944,2.30817712462755,0,0,0,0,0,0,0,0,0,9.50048371638097,0,5.19271190083162,0,0,0,0,4.07127156493146,0,2.30817712462755,4.07127156493146,7.5753374456934,0,0,0,0,0,0,0,0,0,0,0,0,2.30817712462755,5.81598441743769,0,0,0,0,0,0,0,0,0,0,0,0,0,0,0,0,0,0,0,0,0,0,0,0,0,0,0,0,0,0,0,2.30817712462755,4.07127156493146,0,0,0,0,0,0,2.30817712462755,0,0,0,0,0,0,0,0,0,0,0,0,0,0,0,0,0,0,0,0,0,0,0,0,0,0,0,0,0,0,0,0,0,0,0,0,0,0,0,0,0,0,0,0,0,0,0,0,0,0,0,0,0,0,0,0,0,0,0,0,0,0,0,0,0,0,0,0,0,0,0,0,0,0,0,0,0,0,0,0,0,0,0,0,0,0,0,0,0,0,0,0,0,0,0,0,0,0
"19","1","Exposed","1.E","I","1EI1",2.57896874452671,15.1981779570349,2.57896874452671,14.0486804491415,13.6882508528897,0,0,5.80028822696043,0,0,10.1863360191822,2.57896874452671,0,3.45289173871263,0,0,0,0,0,7.18267846399423,0,0,0,2.57896874452671,0,0,4.69352163141727,8.17770462986571,0,0,0,0,0,0,0,6.57784213772696,0,0,0,0,0,0,0,0,0,0,0,0,3.99325527036666,0,0,0,0,0,0,0,0,0,0,0,0,0,0,0,0,0,0,0,0,0,0,0,0,0,0,0,0,0,0,0,0,0,0,0,0,0,0,0,0,0,0,0,0,0,0,0,0,2.57896874452671,0,0,0,0,0,0,0,0,0,0,0,0,0,0,0,0,0,0,0,0,0,0,0,0,0,0,0,0,2.57896874452671,0,0,0,0,0,0,0,0,0,0,0,0,0,0,0,0,0,0,0,0,2.57896874452671,0,0,0,0,0,0,0,0,0,0,0,0,0,0,0,0,0,0,0,0,0,0,0,0,0,0,0,0,0,0,0,0,0,0,0,0,0,0,0,0
"20","1","Exposed","1.E","J","1EJ7",3.36691947984776,14.8990639652382,2.85023537875095,13.6367407071416,13.800503664931,2.85023537875095,2.03758958339308,5.9798378941007,0,0,9.21472637416717,2.85023537875095,0,5.13592433020699,2.03758958339308,0,0,0,0,0,0,0,0,2.03758958339308,10.2906556988804,0,3.74656647874489,0,0,0,0,0,0,0,0,5.37060618845982,0,0,0,0,0,0,0,0,0,0,0,0,2.03758958339308,6.35306461362577,0,0,0,0,0,0,0,0,0,0,0,0,0,0,0,0,0,0,0,0,0,0,0,0,0,0,0,0,0,0,0,0,0,0,0,0,0,0,0,0,0,0,0,0,0,0,0,2.03758958339308,0,0,0,0,0,0,0,0,0,0,0,0,2.03758958339308,0,0,0,2.03758958339308,0,0,0,0,0,2.03758958339308,0,0,0,0,0,0,0,0,0,0,0,0,0,0,0,0,0,0,0,0,0,0,0,0,0,0,0,0,0,0,0,0,0,0,0,3.36691947984776,0,0,0,0,0,0,0,0,0,0,0,3.74656647874489,0,0,0,0,0,0,0,0,0,0,0,0,0,0,0,0,0,0,0
"21","1","Exposed","1.E","L","1EL4",4.12326100003507,15.0912099123908,7.15667751343536,13.80360053082,12.9655943074326,3.203757506594,2.83999268669436,6.8058464772149,0,1.61041096997008,7.63026899405573,12.4354066141912,5.5290256208765,3.73555776139601,2.35241283013457,0,0,0,0,12.5554232662013,0,1.61041096997008,0,12.3062482906476,7.83873800609683,0,3.203757506594,1.61041096997008,1.61041096997008,0,8.05466977646733,1.61041096997008,0,6.41259375456087,0,6.98021583575556,0,0,0,0,0,0,4.28395826974511,0,0,0,0,0,6.01469072523257,4.12326100003507,0,0,2.35241283013457,0,0,0,0,0,4.42853644484578,0,0,0,0,0,0,0,0,0,0,3.49402389838753,0,0,0,0,0,0,0,0,0,0,0,1.61041096997008,1.61041096997008,0,0,3.203757506594,3.203757506594,0,0,0,0,0,0,0,0,0,1.61041096997008,1.61041096997008,0,0,0,0,0,0,0,0,0,0,0,0,0,0,0,0,0,0,0,0,0,0,1.61041096997008,0,0,0,0,0,2.83999268669436,0,0,0,0,0,0,0,0,0,0,0,0,0,0,0,0,0,0,0,0,1.61041096997008,0,0,0,0,0,0,0,0,0,0,0,0,0,1.61041096997008,0,0,0,0,0,0,0,0,0,0,0,0,0,0,0,0,0,0,0,0,0,0,0,0,0,0
"22","1","Exposed","1.E","T","1ET5",4.51713773088308,13.4917589392697,6.46909215969962,11.7720466172935,13.0626776889476,0,3.05298445593173,4.51713773088308,0,0,10.2265088813919,13.9486609772186,0,3.96333910969929,3.96333910969929,0,0,0,0,5.70306997418577,0,0,0,9.71495991859231,8.70410558559782,3.05298445593173,5.48528578517699,5.22867827538644,0,0,0,0,0,8.33166886929187,0,8.8251328858182,0,0,0,0,0,0,7.57577385495634,0,0,0,0,0,7.46092667052439,0,0,0,0,0,0,0,0,0,0,0,0,0,0,0,0,0,0,0,0,5.22867827538644,0,0,0,0,0,0,0,0,0,0,0,0,0,0,0,0,0,0,0,0,0,0,0,0,0,0,0,0,0,0,0,0,0,0,0,0,0,0,0,3.05298445593173,0,0,0,0,3.05298445593173,0,0,0,0,0,0,0,0,0,0,0,0,0,0,0,0,0,0,0,0,0,0,0,0,0,0,0,0,0,0,0,0,0,0,0,0,0,0,0,0,0,0,0,0,0,0,0,0,0,0,0,3.05298445593173,0,0,0,0,0,0,0,0,0,0,0,0,0,0,0,0,0,0,0,0,0
"23","1","Exposed","1.E","U","1EU9",3.31158615066591,13.6322487377384,3.84728110647037,12.86942860185,12.8221866908517,3.84728110647037,3.31158615066591,5.98868468677217,0,0,9.19431715582969,0,0,2.45003292063505,0,0,3.31158615066591,0,0,0,0,0,0,0,9.66005958054569,0,2.45003292063505,0,0,0,0,0,0,0,0,5.36382187559417,0,0,0,0,0,0,0,0,0,0,0,0,2.45003292063505,0,0,0,0,0,0,0,0,0,0,0,0,0,0,0,0,3.84728110647037,0,0,0,0,0,0,0,0,0,0,0,0,0,0,0,0,0,0,0,0,0,0,0,0,0,0,0,0,0,0,0,0,0,0,0,0,0,0,0,0,0,0,0,0,3.31158615066591,0,0,0,0,0,0,0,0,0,2.45003292063505,0,0,0,0,0,0,0,0,0,0,0,0,0,0,0,0,0,0,0,0,0,0,0,0,0,2.45003292063505,0,0,0,0,0,0,0,0,0,0,0,0,0,0,0,0,0,0,0,0,0,0,0,0,0,0,0,0,0,0,0,0,0,0,0,0,0,0,0,0,0
"24","1","Exposed","1.E","X","1EX6",16.9424538116932,12.1824126115537,2.46594492559597,13.1102596387411,11.944776644388,4.5622078839565,0,6.58530246232249,0,0,6.00783273689563,2.46594492559597,0,0,0,0,0,0,0,10.8860034203856,0,0,0,2.46594492559597,8.04134943946499,0,0,0,0,0,0,0,0,0,0,2.46594492559597,0,0,0,0,0,0,0,0,0,0,0,0,0,0,0,0,0,0,0,0,0,0,0,0,0,0,0,0,0,0,0,0,0,0,0,0,0,0,0,0,0,0,0,0,0,0,0,0,0,0,0,0,0,0,0,0,0,0,0,0,0,0,0,0,0,0,0,0,0,0,0,0,0,0,2.46594492559597,0,0,0,0,0,0,0,0,0,0,0,0,0,0,0,0,0,0,0,0,0,0,0,0,0,0,0,0,0,0,0,0,0,0,0,0,0,0,0,0,0,0,0,0,0,2.46594492559597,0,0,0,0,0,0,0,0,2.46594492559597,0,0,0,0,0,0,0,0,0,0,0,0,0,0,0,0,0,0,0,0,0,0
"25","1","Unexposed","1.U","F","1UF2",15.726247650288,13.3206214317603,6.40571644821465,12.256471691538,5.1753303844644,0,1.88857871733158,4.80874681318428,10.884314925799,0,0,7.83306102051128,1.88857871733158,0,2.67928988326931,0,0,0,0,0,0,0,0,0,0,0,1.88857871733158,0,0,0,0,0,0,3.18715141555291,4.66245187203024,0,0,0,0,0,0,0,0,0,0,0,0,0,0,0,0,0,0,0,0,0,0,0,0,0,0,0,0,0,0,0,0,0,0,0,0,0,0,0,0,0,0,0,0,0,0,0,0,0,0,0,0,0,0,0,0,0,0,0,0,0,0,2.67928988326931,0,0,0,0,0,3.18715141555291,0,0,0,1.88857871733158,0,0,0,0,0,0,0,0,0,0,0,0,0,0,0,0,0,0,0,0,0,0,0,1.88857871733158,0,0,0,0,0,0,0,0,0,0,0,0,1.88857871733158,0,0,0,1.88857871733158,0,0,0,0,0,0,0,0,0,0,0,0,0,0,0,0,0,1.88857871733158,0,0,0,0,0,0,0,0,0,0,0,0,0,0,0,0,0,0,0,0,0
"26","1","Unexposed","1.U","G","1UG10",16.3422367330195,12.6363189600929,10.2912600012541,15.0192760701547,13.3773310929857,1.91459632461682,2.70932729934147,4.34983102908989,11.1376812639515,0,8.20275469405736,4.69659191343609,0,4.13918284429608,0,0,1.91459632461682,0,0,0,1.91459632461682,0,0,0,6.65424922973011,0,3.21881980042083,7.64706969822608,0,0,0,0,0,0,0,4.97594717971841,4.34983102908989,0,0,0,0,0,0,0,4.13918284429608,0,0,0,0,0,0,0,0,0,0,0,0,0,0,0,0,0,3.59458824819444,0,0,0,0,0,0,0,0,0,0,0,0,1.91459632461682,0,0,0,0,0,0,0,0,0,0,0,0,0,0,0,0,0,0,0,0,0,0,0,0,0,0,0,0,0,0,0,0,0,0,0,0,0,0,0,0,0,0,0,0,1.91459632461682,0,0,0,0,0,0,0,0,0,0,0,0,0,0,0,0,0,1.91459632461682,0,0,0,0,0,0,1.91459632461682,0,0,0,0,0,0,0,0,0,0,0,0,0,0,0,0,0,0,0,0,0,0,0,0,0,0,0,0,0,0,0,0,0,3.21881980042083,0,0,0,0,0,0,0,0
"27","1","Unexposed","1.U","I","1UI3",5.05062607306997,12.6360095575212,4.70043971814109,12.5206186805563,17.0999641448219,2.1926450779424,0,3.93411206434354,14.152579110491,0,3.93411206434354,0,0,8.08973420625516,3.02553509210714,0,0,0,0,0,0,0,0,0,4.23703919730085,0,0,2.1926450779424,0,0,0,0,0,0,0,3.02553509210714,0,0,0,0,0,0,0,0,5.05062607306997,0,0,0,0,0,0,0,0,0,0,0,0,0,0,0,0,0,0,0,0,0,0,0,0,0,0,0,0,0,0,0,0,0,0,0,0,0,0,0,0,0,0,0,0,0,0,0,0,0,0,0,0,0,0,0,0,0,0,2.1926450779424,0,0,0,0,0,0,0,0,0,0,0,0,0,0,0,0,0,0,0,0,0,0,0,0,0,0,0,2.1926450779424,0,0,0,0,0,0,0,0,0,0,0,0,0,0,0,0,2.1926450779424,0,0,0,0,0,0,0,0,0,0,0,0,0,0,0,0,0,0,0,0,0,0,0,0,0,0,0,0,0,0,0,0,0,0,0,0,0,0,0
"28","1","Unexposed","1.U","I","1UI4",14.3206607386661,13.6553848044862,6.23986143495206,14.9408571419537,14.7724919447016,2.13416523832471,2.13416523832471,8.12394601474017,13.5961956796929,0,6.36380066775545,5.12508506527042,0,4.62812111855605,2.13416523832471,0,0,0,2.13416523832471,0,0,0,0,0,0,0,2.13416523832471,0,0,0,0,0,0,0,0,2.13416523832471,0,0,0,0,0,0,3.48149160564621,0,0,0,0,0,0,0,0,0,0,0,0,0,0,0,0,0,0,0,0,0,0,0,0,0,0,0,0,0,0,0,0,0,0,0,0,0,0,0,0,0,0,0,0,0,0,0,0,0,0,0,0,0,0,2.13416523832471,0,0,0,0,0,0,0,0,0,0,0,0,0,0,0,0,0,0,0,0,0,0,0,0,0,0,0,0,0,0,0,0,0,0,0,0,0,0,0,0,0,0,0,0,0,0,2.13416523832471,0,0,0,0,0,0,0,0,2.13416523832471,0,0,0,0,0,0,0,0,0,0,0,0,0,0,0,0,0,0,0,0,0,0,0,0,0,0,0,0,0,0,0,0,0,0
"29","1","Unexposed","1.U","J","1UJ9",7.20659035284303,13.0715938267005,2.8048845532333,14.2142423104214,16.7367926635886,14.1607673247075,0,9.09251978918596,12.6232832677759,2.8048845532333,8.99430261894939,0,0,7.77849032034139,3.31933409651237,1.99783865871053,1.99783865871053,0,0,0,0,0,0,0,10.7453120186077,1.99783865871053,3.31933409651237,0,0,0,0,0,3.69777914561962,0,1.99783865871053,5.52074217203167,0,0,5.52074217203167,0,0,0,0,0,0,0,0,0,0,0,0,0,0,0,0,0,0,0,0,0,0,0,0,0,0,0,0,0,0,0,0,0,0,0,0,0,0,0,0,0,0,0,0,0,0,0,0,0,0,0,0,0,0,0,0,0,1.99783865871053,2.8048845532333,0,0,0,0,0,2.8048845532333,0,0,0,0,0,0,0,0,0,0,0,0,0,0,0,0,0,0,0,0,0,0,0,0,0,0,0,0,0,0,0,0,0,0,0,0,0,0,0,0,0,0,0,0,0,0,0,0,0,0,0,0,0,0,0,0,0,0,0,1.99783865871053,0,0,0,0,0,0,0,0,0,0,0,0,0,0,0,0,0,0,0,0,0,0,0,0
"30","1","Unexposed","1.U","S","1US7",2.55533733161188,13.7596065933931,2.55533733161188,14.8202920821024,11.555910124212,0,0,7.48420888218246,13.5648727014609,0,1.78199934778071,0,0,0,2.55533733161188,0,1.78199934778071,0,0,4.52049890811045,0,0,0,0,3.05607592440609,0,0,5.89570457516307,0,0,0,0,0,0,5.2320991418967,0,0,0,0,0,0,0,0,0,0,0,0,0,0,0,0,0,0,0,0,0,0,0,0,0,0,0,0,0,0,0,0,0,0,0,0,0,0,0,0,0,0,0,0,0,0,0,0,0,0,0,0,0,0,0,0,0,0,0,0,0,0,0,0,0,0,0,0,1.78199934778071,0,0,0,0,0,0,0,0,0,0,0,0,0,0,0,0,0,0,0,0,0,1.78199934778071,1.78199934778071,1.78199934778071,0,0,0,0,0,0,0,0,0,0,0,0,0,0,0,0,0,0,0,0,0,0,0,0,0,0,0,0,0,0,0,0,0,0,0,0,0,0,0,0,0,0,0,0,0,0,0,0,0,0,0,0,0,0,0,0,0,0,0,0
"31","1","Unexposed","1.U","T","1UT5",5.26627001220776,14.3580946632362,8.93818553142365,13.4771796533449,12.3896150357275,1.07213038778423,1.68035661560772,6.7092681382046,12.0287722755337,0,6.1831853414161,0,1.07213038778423,4.03874358674274,0,0,8.80583095390991,0,0,0,0,0,0,0,0,0,3.58800797805239,0,0,0,0,0,1.68035661560772,0,0,0,0,0,0,0,0,0,0,0,0,0,0,0,0,4.99417253113919,0,0,0,0,0,0,0,0,0,0,0,0,0,0,0,0,0,0,0,0,0,0,0,0,0,0,0,0,0,0,0,0,0,0,0,0,4.59414557056684,0,0,0,0,0,0,0,0,0,0,0,0,0,0,0,0,0,0,0,0,0,0,0,0,0,0,0,0,0,0,0,0,0,0,0,3.71456360719247,0,0,0,0,0,0,0,0,0,0,0,0,0,0,0,0,0,0,0,0,0,0,0,0,0,0,0,0,0,0,0,0,0,0,0,0,0,0,0,0,0,0,0,0,0,0,0,0,0,0,0,0,1.07213038778423,0,0,0,0,0,0,0,0,0,0,0,0
"32","1","Unexposed","1.U","X","1UX6",14.1659077660839,15.103605455497,2.38388653607811,14.6172264806458,13.2395815360077,0,0,10.996610543779,12.2232749317772,0,0,7.25643265269442,0,3.77169840131092,3.23860629216086,0,3.23860629216086,0,0,0,0,0,0,0,0,0,0,7.6080169249965,0,0,0,0,6.09825423085079,0,0,0,0,0,0,0,0,0,5.80354532110911,0,0,0,0,0,2.38388653607811,0,0,0,0,0,0,0,0,0,0,0,0,0,0,0,0,0,0,0,0,0,0,0,0,0,0,0,0,0,0,0,0,0,0,0,0,0,0,0,0,0,0,0,0,0,0,0,0,0,0,0,0,0,0,0,0,0,0,3.23860629216086,0,0,0,0,0,0,0,0,0,0,0,0,0,0,0,0,0,0,0,0,0,0,0,0,0,0,0,0,0,0,0,0,0,0,0,0,0,0,0,0,0,0,0,0,2.38388653607811,0,0,0,0,0,0,0,0,0,0,0,0,0,0,0,0,0,0,0,0,0,0,0,0,0,0,0,0,0,0,0,0,0,0,0
"33","2","Exposed","2.E","I","2EI3",11.0009767970009,2.67272948343797,3.55491887456388,12.4808037707048,12.1818235224742,0,2.67272948343797,5.77514119078951,0,2.67272948343797,0,2.67272948343797,0,0,3.55491887456388,0,0,0,0,0,0,0,0,0,7.82531786875663,0,0,2.67272948343797,0,0,0,0,0,0,0,0,0,0,0,0,0,0,0,0,0,0,0,0,0,0,0,0,0,0,0,0,0,0,0,0,0,0,0,0,0,0,0,0,0,0,0,0,0,0,0,0,0,0,0,0,0,0,0,0,0,0,0,0,0,0,0,0,0,0,0,0,0,0,0,0,0,0,0,0,0,0,0,2.67272948343797,0,0,0,0,0,0,0,0,0,0,0,0,0,0,0,0,0,0,0,0,0,0,0,2.67272948343797,0,0,0,0,0,0,0,0,0,0,0,0,0,0,0,0,0,0,0,0,0,0,0,0,0,0,0,0,0,0,0,3.55491887456388,0,0,0,0,0,0,0,0,0,0,0,0,0,0,0,0,0,0,0,0,0,0,0,0
"34","2","Exposed","2.E","J","2EJ9",4.64607401502455,10.5971930710014,9.47682408011238,11.0636802731819,3.94701870831383,3.94701870831383,0,4.89947312404604,0,0,0,4.33847927115121,3.94701870831383,0,2.53796502118399,2.53796502118399,3.40808473863708,0,0,0,0,0,0,0,0,0,0,0,0,0,0,0,0,0,0,0,0,0,0,0,0,3.40808473863708,4.89947312404604,0,0,0,0,0,0,0,0,0,0,0,0,0,0,0,0,0,0,0,0,0,0,0,0,0,0,0,0,0,0,0,0,0,0,0,0,0,0,0,0,0,0,0,0,0,0,0,0,0,0,0,0,0,0,2.53796502118399,0,0,0,0,0,0,0,0,0,0,0,0,0,0,0,0,0,0,0,0,0,0,0,0,0,0,0,0,0,2.53796502118399,0,0,0,0,0,0,0,0,0,0,0,0,0,0,0,0,0,0,0,0,0,0,0,0,2.53796502118399,0,0,0,0,0,0,0,0,0,0,0,0,0,0,0,0,0,0,0,0,0,0,0,0,0,0,0,0,0,0,0,0,0,0,0
"35","2","Exposed","2.E","S","2ES7",5.23700098173217,10.0240450668459,10.6940047063738,12.142738583607,10.1734849563323,1.45851416548022,1.45851416548022,4.56847437793259,0,4.06473334476011,2.99873835143609,2.16880359054956,5.74005197823767,1.45851416548022,0,0,4.20808937286318,0,0,2.16880359054956,0,0,0,1.45851416548022,4.33847927115121,0,0,0,0,0,0,2.99873835143609,0,0,2.16880359054956,0,0,0,0,0,0,0,0,0,2.16880359054956,0,0,0,0,3.28410820582286,0,0,0,0,0,0,0,0,7.22497985260636,0,0,0,0,0,0,0,0,0,0,0,0,0,0,0,0,0,0,0,0,0,0,0,0,0,0,0,0,0,0,0,0,0,0,0,0,0,0,0,0,0,0,0,0,0,0,0,0,0,0,0,0,0,0,0,0,0,0,0,0,0,0,0,0,0,0,0,0,0,0,0,0,0,0,0,0,0,0,0,3.52224542817169,0,0,0,0,0,0,0,0,0,0,0,0,0,0,0,0,0,0,0,0,0,0,0,0,0,0,0,0,0,0,0,0,0,0,0,0,0,0,0,0,0,0,0,0,0,0,0,0,0
"36","2","Exposed","2.E","T","2ET5",5.7248355744693,9.83190471965218,0,12.3242813996774,9.21756910545123,0,0,4.61970091400494,0,0,3.38321521567151,12.8098174131882,0,0,0,0,4.31236926646252,0,0,0,0,0,0,2.51525352890975,5.08826322686915,0,5.59005736784392,3.92133572295412,0,0,0,0,0,8.14984296371936,0,0,0,0,0,0,0,0,2.51525352890975,0,0,0,0,0,5.96164079972233,3.38321521567151,0,0,0,0,0,0,0,0,0,0,0,0,0,0,0,0,2.51525352890975,0,0,2.51525352890975,0,0,0,0,0,0,0,0,0,4.31236926646252,0,0,0,0,0,0,0,0,0,0,0,0,0,0,0,0,0,0,0,0,0,0,0,0,0,0,0,0,0,0,0,0,0,0,0,0,0,0,0,0,0,0,0,0,0,0,0,0,0,0,0,0,0,0,0,0,0,0,0,0,0,0,0,0,0,0,0,0,0,0,0,0,0,0,0,0,0,0,0,0,0,0,0,0,0,0,0,0,0,0,0,0,0,0,0,0,0,0,2.51525352890975,0,0,0,0,0,0,0,0,0
"37","2","Exposed","2.E","U","2EU8",3.64014541599047,13.0719804436007,0,10.278246964983,4.71311057985417,1.71965570904613,1.71965570904613,3.88376428594652,0,0,0,4.09212673014256,0,0,0,0,0,0,0,0,0,0,0,0,0,0,0,3.34685932538478,0,0,0,0,0,0,0,0,0,0,0,0,0,0,1.71965570904613,0,0,0,0,0,0,0,0,0,0,0,0,0,0,0,0,0,0,0,4.09212673014256,0,0,0,0,0,0,0,0,0,0,0,0,0,0,0,0,0,0,0,0,0,0,0,0,0,0,0,0,0,0,5.47825939234036,0,0,0,0,0,0,0,0,0,0,0,0,0,0,0,0,0,0,0,0,0,0,0,0,0,0,0,0,0,0,0,0,0,0,0,0,0,0,0,0,0,0,0,0,0,0,0,0,0,0,0,0,0,0,0,0,0,0,0,0,0,0,0,0,0,0,0,0,0,0,0,0,0,0,0,0,0,0,0,0,0,0,0,0,0,0,0,0,0,0,0,0,0,0
"38","2","Unexposed","2.U","G","2UG10",2.93026737880716,13.7780111567596,2.93026737880716,8.05474356014816,2.93026737880716,2.93026737880716,0,0,0,0,0,0,0,0,2.93026737880716,0,2.93026737880716,0,0,0,0,0,0,0,0,0,0,0,0,0,0,0,3.83238707009799,0,0,0,0,0,0,0,0,0,0,0,0,0,0,0,0,0,0,0,0,0,0,0,0,0,0,0,0,0,0,0,0,0,0,0,0,0,0,0,0,0,0,0,0,0,0,0,0,0,0,0,0,0,0,0,0,0,0,0,0,0,0,0,0,0,0,0,0,0,0,0,0,0,0,0,0,0,0,0,0,0,0,0,0,0,0,0,0,0,0,0,0,0,0,0,0,0,0,0,0,0,0,0,0,0,0,0,0,0,0,0,0,0,0,0,2.93026737880716,0,0,0,0,2.93026737880716,0,0,0,0,0,0,0,0,0,2.93026737880716,0,0,0,0,0,0,0,0,0,0,0,0,0,0,0,0,0,0,0,0,0,0,0,0
"39","2","Unexposed","2.U","L","2UL4",4.13327280038399,14.1518050495144,8.76030117576486,11.3966237570951,8.34375010443219,0,1.75020609340653,4.75514011905098,0,4.75514011905098,6.54223609277639,10.9424434488691,6.42804828199179,0,2.5180648363314,0,9.95008877757176,0,0,1.75020609340653,0,0,0,6.86838111204079,0,1.75020609340653,2.5180648363314,3.92451772798672,0,0,0,1.75020609340653,0,5.18828194435153,0,5.27891621565189,0,0,0,0,0,0,2.5180648363314,0,0,0,0,0,2.5180648363314,1.75020609340653,0,0,8.2347523305521,0,0,0,0,0,0,0,0,0,0,0,0,0,0,0,0,2.5180648363314,1.75020609340653,0,0,0,0,0,0,0,0,0,0,0,0,0,0,0,0,0,0,0,0,0,0,0,0,0,0,0,0,0,0,0,0,0,0,0,0,0,0,1.75020609340653,0,0,0,0,0,0,0,0,0,0,0,0,0,0,0,0,0,1.75020609340653,0,0,0,0,0,0,0,0,0,0,0,0,0,0,0,0,1.75020609340653,0,0,0,0,0,0,0,0,1.75020609340653,0,0,0,0,0,0,0,0,0,0,0,0,0,0,0,0,0,0,0,0,0,0,0,0,0,0,0,0,0,0,0,0,0,0
"40","2","Unexposed","2.U","T","2UT8",4.39231742277876,12.7123120417803,7.97154355395078,4.95419631038688,14.443202577297,0,2.58496250072116,7.72109918870719,0,7.78790255939143,2.58496250072116,8.61102479730735,0,5.93073733756289,0,0,0,0,0,0,0,0,0,4.95419631038688,0,0,6.14974711950468,0,0,0,0,0,4.39231742277876,2.58496250072116,0,3.4594316186373,0,0,0,0,0,0,0,0,0,0,0,0,0,0,0,0,6.58496250072116,0,0,0,0,0,0,0,0,0,0,0,0,0,0,0,0,2.58496250072116,0,0,0,0,0,0,0,0,0,0,0,0,0,0,0,0,0,0,0,0,0,0,0,0,0,0,0,0,0,0,0,0,0,0,0,0,0,2.58496250072116,0,0,0,0,0,0,0,0,0,0,0,0,0,0,0,0,0,0,0,0,0,0,0,0,0,0,0,0,0,0,0,0,0,0,0,0,0,0,0,0,0,0,0,0,0,0,0,0,0,0,0,0,0,0,0,0,0,0,0,0,0,0,0,0,0,0,0,0,0,0,0,0,0,0,0,0,0,0,0,0
"41","2","Unexposed","2.U","U","2UU7",10.7064960180612,12.6213650943149,4.39231742277877,12.6971847832245,7.1395513523988,4.39231742277877,0,5.35755200461809,0,4.39231742277877,7.78790255939144,10.0914353863236,0,0,3.4594316186373,0,0,0,0,0,0,0,0,0,4.95419631038688,0,3.4594316186373,0,0,0,0,0,0,3.4594316186373,0,3.4594316186373,0,0,0,0,0,0,8.81698362325539,0,0,0,0,0,0,0,0,0,0,0,0,0,0,0,0,0,0,0,0,0,0,0,0,0,0,0,0,0,0,0,0,0,0,0,0,0,0,0,0,0,0,0,0,0,0,0,0,0,0,0,0,0,0,0,0,0,0,0,0,0,0,0,0,0,0,0,0,0,0,0,0,0,0,0,0,0,0,0,0,0,0,0,0,0,0,0,0,0,0,0,0,0,0,0,0,0,0,0,0,0,0,0,0,0,0,0,0,0,0,0,0,0,0,0,0,0,0,0,0,0,0,3.4594316186373,0,0,0,0,0,0,0,0,0,0,0,0,0,0,0,0,0,0,0,0,0,0
"42","2","Unexposed","2.U","X","2UX5",0,8.47001276079899,4.83916898116688,13.2862617818594,14.9310407492839,0,3.59092816755755,3.59092816755755,0,2.70594736231395,9.37500341874008,8.51428358351442,0,5.81374576548951,4.13541876945631,0,6.72754442958104,0,0,0,0,0,0,0,10.3374186165756,0,5.31012316009295,0,0,0,0,0,0,0,0,0,0,0,0,0,0,0,6.07249906871708,0,0,0,0,0,0,0,0,0,0,0,0,0,0,0,0,0,0,0,0,0,0,0,0,0,0,0,0,0,0,0,0,0,0,0,0,0,0,0,0,0,0,0,0,0,0,0,0,0,0,0,0,0,0,2.70594736231395,0,0,0,0,0,0,0,0,0,0,0,0,0,0,0,0,0,0,0,0,0,0,0,0,0,0,0,0,0,2.70594736231395,0,0,0,0,0,0,0,0,0,0,0,0,0,0,0,0,0,0,0,0,0,0,0,0,0,0,0,0,0,0,0,0,0,0,0,0,0,0,2.70594736231395,0,0,0,0,0,0,0,0,0,0,0,0,0,0,0,0,0,0,0,0,0
"43","3","Exposed","3.E","F","3EF2",5.58600701922657,8.00351072676044,10.3460854007242,10.4593834240667,6.68999082782644,1.60643738362987,1.60643738362987,1.60643738362987,0,3.48863696902233,0,3.48863696902233,2.3476598600288,0,0,0,0,0,0,5.38887129751412,0,0,0,0,1.60643738362987,0,0,1.60643738362987,0,0,1.60643738362987,0,0,0,0,0,0,0,0,0,0,0,1.60643738362987,0,0,0,0,0,0,0,0,0,0,0,0,0,0,0,0,0,0,0,0,0,0,0,0,0,0,0,0,0,0,0,0,0,0,0,0,0,0,0,2.3476598600288,0,0,0,0,0,0,0,0,0,0,0,0,0,0,0,0,0,0,0,0,0,0,0,0,0,0,0,0,0,0,1.60643738362987,0,0,0,0,0,0,0,0,0,0,0,0,0,0,0,0,0,0,0,0,0,0,0,0,0,0,0,0,0,0,0,0,0,0,0,0,0,0,0,0,0,0,0,0,0,0,0,0,0,0,0,0,0,0,0,0,0,0,0,0,0,0,0,0,0,0,0,0,0,0,0,0,0,0
"44","3","Exposed","3.E","J","3EJ8",2.82355115047563,12.3615046979755,15.498594719239,12.8555175953146,8.72619227308279,0,2.01418161554093,6.52646653639005,0,6.20844562791175,0,0,7.71922755708885,0,0,0,0,0,0,12.1825235983701,0,0,0,0,0,0,0,3.71787431147711,0,0,0,4.82556295402304,0,0,0,0,6.47809648769545,0,0,0,0,0,0,0,0,0,0,0,0,0,0,0,0,0,0,0,0,0,0,0,0,0,0,0,0,0,0,0,0,0,0,0,0,0,0,0,0,0,0,0,0,0,3.33892938140502,0,0,0,0,0,0,0,0,0,0,0,0,0,0,0,0,0,0,0,0,2.01418161554093,0,0,0,0,0,0,0,0,0,2.01418161554093,0,0,0,0,0,0,0,0,0,0,0,0,2.01418161554093,0,0,0,0,0,0,0,0,0,0,0,0,0,0,0,0,0,2.82355115047563,0,0,0,0,0,0,0,0,0,0,0,0,0,0,0,0,0,0,0,0,0,0,0,0,0,0,0,0,0,0,0,0,0,0,0,0,0,0,0,0,0,0,0
"45","3","Exposed","3.E","U","3EU5",1.94448473902113,7.97563162324506,13.8194646651194,12.5434332843732,3.63180408123597,2.74373160334846,1.94448473902113,4.57240602944827,0,3.9302655932968,0,7.64695608995314,5.8574848460998,0,0,0,1.94448473902113,0,0,0,0,0,0,0,0,0,2.74373160334846,0,0,0,0,2.74373160334846,0,0,0,0,4.38839758599459,0,0,0,5.35353642888279,0,6.80878545766405,0,0,0,0,0,0,0,0,0,0,0,0,0,0,0,0,0,0,0,0,0,0,0,0,0,0,0,0,0,0,0,0,0,0,0,0,0,0,0,0,0,0,0,0,0,0,0,0,0,0,0,0,0,0,0,0,0,0,0,0,0,0,0,0,0,0,0,0,0,0,0,0,0,0,0,0,0,0,0,0,0,0,0,0,0,0,0,0,0,0,0,0,0,0,0,0,0,0,0,0,0,0,0,1.94448473902113,0,0,0,0,0,0,0,0,0,0,0,0,0,0,0,0,0,0,0,0,0,0,0,0,0,0,0,0,0,0,0,0,0,0,0,0,0,0,0,0,0
"46","3","Exposed","3.E","X","3EX6",4.18132976471456,10.6274904579255,15.5442932009084,10.3122887311938,1.53841991478413,1.53841991478413,1.53841991478413,3.39558513661267,0,6.40615437832286,0,0,7.60944260554846,0,0,0,1.53841991478413,0,0,4.18132976471456,0,0,0,0,0,0,0,0,0,0,0,5.21686131536322,0,0,0,0,6.67175165760675,0,0,0,0,0,0,0,0,4.97618903872893,0,0,0,0,0,0,0,0,0,0,0,0,0,0,0,0,0,0,0,0,0,0,0,0,0,0,0,0,0,0,0,0,0,0,0,0,0,0,0,0,0,0,0,0,0,0,0,0,0,0,0,0,0,0,0,0,0,0,0,0,0,0,0,0,0,0,0,0,0,0,0,0,0,0,0,0,0,0,0,0,0,0,0,0,0,0,0,0,0,0,0,0,0,0,0,3.63558857379113,0,0,0,0,0,0,0,0,0,0,0,0,0,0,0,0,0,0,0,0,0,0,0,0,0,0,0,0,0,0,0,0,0,0,0,0,0,0,0,0,0,0,0,0,0,0
"47","3","Unexposed","3.U","G","3UG10",3.5454935582975,8.10339982179552,5.19326665701941,14.2325790933088,5.85647537384263,2.18862844012072,2.18862844012072,6.60118258743691,5.04563822424606,0,5.76502501682747,10.9843551041765,0,0,2.18862844012072,0,8.98395717352285,0,0,0,0,0,0,6.7516989090121,0,0,3.5454935582975,4.88116296017647,0,0,5.5626498385981,0,0,3.5454935582975,0,5.19326665701941,2.18862844012072,0,0,0,0,0,4.23216910585051,0,0,0,0,0,4.69549457365137,3.929305799976,0,0,0,0,0,0,0,0,0,0,0,0,0,0,0,0,0,0,0,0,0,0,0,0,0,0,0,0,0,0,0,0,0,0,0,0,0,0,0,0,0,0,0,0,0,0,0,0,0,0,0,0,0,2.18862844012072,0,0,0,0,0,0,2.18862844012072,0,0,0,0,0,0,0,0,0,0,0,0,0,0,0,0,0,0,0,0,0,0,0,0,0,0,0,0,0,0,0,0,0,0,0,0,0,0,0,0,0,0,2.18862844012072,0,0,0,0,0,0,0,0,0,0,0,0,0,0,0,0,0,0,0,0,0,0,0,0,0,0,0,0,0,0,0,0,0,0
"48","3","Unexposed","3.U","L","3UL3",2.07922669115058,11.8524414131915,0,11.4894433613798,11.1761128126474,2.89755273102918,2.89755273102918,4.34729988459568,0,0,0,0,0,2.07922669115058,0,0,0,0,0,2.07922669115058,0,0,0,0,0,0,0,4.90844104717192,0,0,0,0,0,0,0,0,0,0,0,0,0,0,0,0,0,0,0,0,0,0,0,0,0,0,0,0,0,0,0,2.89755273102918,0,0,0,0,0,0,0,0,0,0,0,0,0,0,0,0,0,0,0,0,0,2.07922669115058,2.07922669115058,0,0,0,0,0,0,0,0,0,0,0,0,0,0,0,0,0,0,0,0,0,0,0,0,0,0,0,0,0,0,0,0,0,0,0,0,0,0,0,0,0,0,0,0,0,0,0,0,0,0,0,0,0,0,0,0,0,0,0,0,0,0,0,0,0,0,0,0,0,0,0,0,0,0,0,0,0,0,0,0,0,0,0,0,0,0,0,0,0,0,0,0,0,0,0,0,0,0,0,0,0,0,0,0,0
"49","3","Unexposed","3.U","L","3UL4",0,8.45383723293637,3.95352168094232,11.6714833777553,8.39293956908229,4.387330570109,0,11.4238390789261,0,0,0,0,0,1.49138838540896,0,0,2.2088881569867,0,0,0,0,0,0,0,0,0,0,4.11306266448664,0,0,5.07076264786784,0,3.04376038552841,0,0,0,0,0,0,0,0,0,0,0,0,0,0,0,0,0,0,0,0,0,0,0,0,0,0,0,0,0,0,0,0,0,0,0,0,0,0,0,0,0,0,0,0,0,0,0,0,0,0,0,0,0,0,0,0,0,0,0,0,0,0,0,0,0,0,0,0,0,0,0,0,0,0,0,0,0,1.49138838540896,0,0,0,0,0,0,0,0,0,0,0,0,0,0,0,0,0,0,0,0,0,0,0,0,0,0,0,0,2.68589140957194,0,0,0,0,0,0,0,0,0,0,0,0,0,0,0,0,0,0,0,0,0,0,0,0,0,0,0,0,0,0,0,0,0,0,0,0,0,0,0,0,0,0,0,0,0,0,0,0
"50","3","Unexposed","3.U","T","3UT9",5.31401356455375,16.0237001865796,9.86807865069889,13.5110274424021,1.91459632461682,3.89243139287548,2.70932729934147,5.31401356455375,4.34983102908989,4.5336047609378,0,0,2.70932729934147,1.91459632461682,1.91459632461682,1.91459632461682,0,0,0,0,0,0,0,0,0,0,0,1.91459632461682,0,0,4.97594717971841,0,0,0,0,0,0,0,0,0,0,0,0,0,0,0,0,0,0,0,0,0,0,0,0,0,0,0,0,0,0,0,0,0,0,0,0,0,0,0,0,0,0,0,0,0,0,0,0,0,0,0,0,0,0,0,0,0,0,0,1.91459632461682,0,0,0,0,0,0,1.91459632461682,0,0,0,0,0,0,0,0,0,0,0,1.91459632461682,0,0,1.91459632461682,0,2.70932729934147,0,0,0,0,0,0,0,0,0,0,0,0,0,0,0,0,0,0,0,0,0,0,0,0,0,0,0,0,0,0,0,0,0,0,0,0,0,0,0,0,0,0,0,0,0,0,0,0,0,0,0,0,0,0,0,0,0,0,2.70932729934147,0,0,0,0,0,0,0,0,0,0,0,0,0,0
"51","3","Unexposed","3.U","U","3UU6",2.92199748799873,11.0314291518301,13.853663516096,10.4399948731877,3.82353484911304,0,0,2.92199748799873,0,4.37412430601279,0,0,6.4350670702381,0,0,0,0,0,0,0,0,0,0,0,0,0,0,0,0,0,8.85026910108363,3.82353484911304,0,0,0,0,5.55620350773974,0,0,0,0,0,0,0,0,0,0,0,0,3.82353484911304,0,0,0,0,0,0,0,0,0,0,0,0,0,0,0,0,0,0,6.4350670702381,0,4.7716632149143,0,0,0,0,0,0,0,0,0,0,0,0,0,0,0,0,0,4.37412430601279,0,0,0,0,0,0,0,0,0,0,0,0,0,0,0,0,0,0,0,0,0,0,0,0,0,0,0,0,0,0,0,0,0,0,0,0,0,0,0,0,0,0,0,0,0,0,0,0,0,0,0,0,0,0,0,0,0,0,0,0,0,0,0,0,0,0,0,0,0,0,0,0,0,0,0,0,0,0,0,0,2.92199748799873,0,0,0,0,0,0,0,4.37412430601279,2.92199748799873,0,0,0,0,0,0,0,0,0
"52","3","Unexposed","3.U","W","3UW1",2.32192809488736,9.90237511448603,3.16992500144231,11.1195896207411,11.1780423288648,0,2.32192809488736,3.16992500144231,7.25738784269265,0,0,0,0,2.32192809488736,0,0,0,0,0,0,6.87036471958341,0,0,0,6.59991284218713,0,0,4.08746284125034,0,0,0,0,0,0,0,0,0,0,0,0,0,0,0,0,0,0,0,0,0,2.32192809488736,0,2.32192809488736,0,0,0,0,0,0,0,0,0,0,0,0,0,0,0,0,0,0,0,0,0,0,0,0,0,0,0,0,0,0,0,0,0,0,0,0,0,0,0,0,0,0,0,0,0,0,0,0,0,0,0,0,0,0,0,0,0,0,0,0,0,0,0,0,0,0,0,0,0,0,0,0,0,0,0,0,0,0,0,0,0,0,0,0,0,0,0,0,0,0,0,0,0,0,0,0,0,0,0,0,0,0,0,0,0,0,4.08746284125034,0,0,0,0,0,0,0,0,0,0,0,0,0,0,0,0,0,0,0,0,0,0,0,0,0,0,0,0,0
"53","4","Exposed","4.E","F","4EF2",4.35173260754857,4.35173260754857,0,10.3992934817164,0,7.45744065058528,15.719660612234,4.35173260754857,0,0,0,0,0,0,3.42071654840817,0,0,5.63062939920133,9.21245506676166,0,0,0,7.53501107414853,0,0,0,0,0,0,0,0,0,0,0,0,0,0,0,0,0,0,4.91294745434551,0,0,0,0,0,0,0,0,0,0,0,0,0,0,0,0,0,0,0,0,0,0,0,0,0,0,0,0,0,0,0,0,0,0,0,0,0,0,0,0,0,0,0,0,0,0,0,0,0,0,0,0,0,0,0,0,0,0,0,0,0,0,0,0,0,0,0,0,0,0,0,0,0,0,0,0,0,0,0,0,0,0,0,0,0,0,0,0,0,0,0,0,0,0,0,0,0,0,0,0,0,0,0,0,0,0,0,0,0,0,0,0,0,0,0,0,0,0,0,0,0,0,0,0,0,0,0,0,0,0,0,0,0,0,0,0,0,0,0,0,0,0,0,0,0,0
"54","4","Exposed","4.E","I","4EI5",4.17162930765456,3.78303305031487,2.39377837990704,11.1011514852949,10.712179391734,4.72965689815203,18.1443004964958,0,13.9242261830373,0,0,2.39377837990704,0,3.78303305031487,0,3.78303305031487,2.39377837990704,0,0,0,0,0,12.9160025056744,0,5.70220953440175,0,0,4.17162930765456,0,0,0,0,0,2.39377837990704,4.94426035485409,0,0,0,0,0,0,0,0,0,0,0,0,0,0,4.72965689815203,0,0,0,0,0,0,0,0,0,0,0,0,0,0,0,0,0,0,0,0,0,0,0,0,0,0,0,0,0,0,0,0,0,0,0,0,0,0,0,0,0,0,0,0,0,0,0,0,0,0,0,0,0,0,0,0,0,4.94426035485409,0,0,2.39377837990704,0,0,0,0,0,0,0,0,0,0,0,0,0,0,0,0,0,0,0,0,0,0,0,0,0,0,0,0,0,0,0,0,0,0,0,0,0,0,0,2.39377837990704,0,2.39377837990704,0,0,0,0,0,0,0,0,0,0,0,0,0,0,0,0,0,0,0,0,0,0,0,0,0,0,0,0,0,0,0,0,0,0,0
"55","4","Exposed","4.E","L","4EL3",5.76376565350993,10.3155269841135,4.39231742277876,11.0863574124621,7.1395513523988,7.65105169117893,17.4039745424249,3.84130225398095,9.42556560516533,0,0,0,0,0,4.79007693062577,6.75042785397277,0,11.1039434298916,12.1360298493856,0,5.93073733756289,0,9.71596199025515,0,4.39231742277876,2.93859945533586,0,0,0,0,0,0,0,0,0,0,0,0,0,0,0,4.79007693062577,0,0,0,0,0,0,0,0,0,0,2.93859945533586,0,0,0,0,0,0,0,0,0,0,0,0,0,0,0,0,0,0,0,2.93859945533586,0,0,0,0,0,0,0,0,0,0,0,0,0,0,0,0,0,0,0,0,0,0,0,2.93859945533586,0,0,0,0,0,0,0,0,0,0,0,0,4.39231742277876,0,0,0,0,0,0,0,0,0,0,0,0,0,0,0,2.93859945533586,0,2.93859945533586,0,0,0,3.84130225398095,0,0,0,0,0,0,0,0,0,0,0,0,0,0,0,0,0,0,0,0,2.93859945533586,0,0,0,0,0,0,0,0,0,0,0,0,0,0,0,0,0,0,0,0,0,0,0,4.39231742277876,0,0,0,0,0,0,0,0,0,0,0
"56","4","Exposed","4.E","T","4ET9",2.37409366415985,7.68664703384415,4.14864144307435,10.2730981750361,0,10.6165834468215,15.50627165599,8.18881124876929,4.58571685108652,0,1.6285637461654,0,0,0,0,0,6.25387220378024,5.94648421649143,7.7299406575993,0,10.7644517583381,0,10.1269042319058,0,0,0,0,2.37409366415985,0,0,0,0,0,0,5.48970522949076,0,0,0,2.86317540932584,0,0,0,0,0,0,0,0,0,0,0,0,0,0,0,0,0,0,0,0,0,0,0,0,0,0,0,0,0,0,0,0,0,0,0,0,0,0,0,0,0,0,0,0,0,0,0,0,0,0,0,0,0,0,0,0,0,0,0,0,0,0,0,1.6285637461654,0,0,0,0,0,0,0,0,0,0,1.6285637461654,0,0,0,0,0,0,0,0,0,0,0,0,0,0,0,0,0,0,0,0,0,0,0,0,0,0,0,0,0,0,0,0,0,0,0,0,0,0,0,0,0,0,0,0,0,0,0,0,0,0,0,0,0,0,0,0,3.22777200487185,0,0,0,0,0,0,0,0,0,0,0,0,0,0,0,0,0
"57","4","Exposed","4.E","U","4EU8",0,0,0,11.8498997888694,5.1857963940852,9.50514406241164,16.4287100299675,9.29764673677003,0,0,0,0,0,0,0,0,4.22489808951976,0,9.05521043814409,0,8.19493114031427,0,7.24262611125337,0,0,0,0,3.30005891492678,0,0,0,0,0,0,0,0,0,0,0,0,0,0,0,0,0,0,0,0,0,0,0,0,0,0,0,0,0,0,0,0,0,0,0,0,0,0,0,0,0,0,0,0,0,0,0,0,0,0,0,0,0,0,0,0,0,0,0,0,0,0,0,0,0,0,0,0,0,0,0,0,0,0,0,0,0,0,0,0,0,3.30005891492678,0,0,0,0,0,0,0,0,0,0,0,0,0,0,0,0,0,0,0,0,0,0,0,0,0,0,0,0,0,0,0,0,0,0,0,0,0,0,0,0,0,0,0,0,0,0,0,0,0,0,0,0,0,0,0,0,0,0,0,0,0,0,0,0,0,0,0,0,0,0,0,0,0,0,0,0,0,0
"58","4","Exposed","4.E","W","4EW1",3.57639657670675,7.04600576917144,0,8.38514338989103,9.29786843951717,16.3009728251328,13.7545401585675,0,5.29467096189969,0,2.69253452005575,0,2.69253452005575,2.69253452005575,0,7.10446269991068,0,0,7.50245686425209,0,0,0,8.45420376597349,0,5.07839145197637,0,0,4.12047160335188,0,0,0,0,0,0,0,0,0,0,6.46649162022788,0,0,4.12047160335188,0,0,0,0,0,0,0,5.29467096189969,0,0,0,9.23384228558247,0,0,0,0,0,2.69253452005575,0,0,4.12047160335188,0,0,0,0,0,0,0,0,0,0,0,0,3.57639657670675,0,0,0,0,0,0,0,0,0,0,3.57639657670675,0,0,0,0,0,0,0,0,0,0,0,0,0,0,0,0,0,0,0,0,0,0,0,0,0,0,0,0,0,0,0,0,0,0,0,0,0,0,0,0,0,0,0,0,0,0,0,0,0,0,0,0,0,0,0,0,0,0,0,2.69253452005575,0,0,0,0,0,0,0,0,0,0,0,0,0,0,0,0,0,0,0,0,0,0,0,0,0,0,0,0,0,0,0,0,0,0,0,0,0,0,0,0,0
"59","4","Exposed","4.E","X","4EX7",2.83110866990727,0,2.83110866990727,8.9464815598831,4.48586007484136,0,16.2328760171292,7.0827512799297,0,0,0,0,0,0,0,0,2.83110866990727,9.08290586820104,12.7200683726143,0,0,0,10.6275701386625,0,0,0,0,0,0,0,0,0,2.83110866990727,0,0,0,0,0,0,0,0,0,0,0,0,0,0,0,0,0,0,0,0,0,0,0,0,0,0,0,0,0,0,0,0,0,0,0,0,0,0,0,0,0,0,0,0,0,0,0,0,2.83110866990727,0,0,0,0,0,0,0,0,0,0,0,0,0,0,0,0,0,0,0,0,0,0,0,0,0,0,0,0,0,0,0,0,0,0,0,0,0,0,0,0,0,0,0,0,0,0,0,0,0,0,0,0,0,0,0,0,0,0,0,0,0,0,0,0,0,0,0,0,0,0,0,0,0,0,0,0,0,0,0,0,0,0,0,0,0,3.34685932538479,0,0,0,0,0,0,0,0,0,0,0,0,0,0,0,0,0,0,0,0
"60","4","Unexposed","4.U","F","4UF1",11.9520357216261,12.0419770856106,7.40208766041217,13.9000861742316,1.46983988451743,15.1363875621351,1.46983988451743,12.4758791168738,5.84892754892111,0,3.5384722384777,3.74301730980155,8.45714476620219,0,0,0,8.31203959100411,5.25429703831931,6.30151642814138,1.46983988451743,7.5456650066016,0,0,4.47501599346547,0,0,1.46983988451743,0,0,0,0,0,6.81383793326896,0,0,0,0,0,5.93491724789199,0,0,0,0,8.39022603649908,0,0,0,0,0,0,0,0,0,0,0,0,1.46983988451743,0,0,0,0,0,0,0,0,0,0,0,0,0,0,0,0,0,0,0,0,0,0,0,0,0,2.6575793040287,0,0,0,0,0,0,0,0,0,0,0,0,0,0,0,0,0,0,0,0,0,0,0,0,0,0,0,0,0,0,0,2.18263605319187,0,0,0,0,0,0,0,0,0,0,0,0,0,0,0,0,0,0,0,0,0,0,0,0,0,0,0,0,0,0,0,0,0,0,0,0,0,0,0,0,0,0,0,0,0,0,0,0,0,0,0,0,0,0,0,0,0,0,0,0,0,0,0,0,0,1.46983988451743,0,0,0,0,0,0,0
"61","4","Unexposed","4.U","G","4UG10",12.0029278652431,0,10.0398245263654,13.001454288224,0,14.8877276946134,2.70819945539804,5.61384042334863,0,2.70819945539804,0,3.59336700272891,3.35404195412755,0,0,0,7.56370637482237,6.26013401322801,5.99391495628382,0,0,0,0,0,0,0,0,5.90786625857951,4.13792692963043,0,5.81635787628342,0,0,0,0,0,0,0,6.26013401322801,0,0,0,0,0,5.71864976932974,0,0,0,0,0,0,0,0,0,0,0,0,0,0,0,0,0,0,0,0,0,0,0,0,0,0,0,0,0,0,1.50843800856116,0,0,0,0,0,0,0,0,0,0,0,0,0,0,0,0,0,0,0,0,2.22959927365109,0,0,0,0,0,0,0,0,0,0,0,0,0,0,0,0,0,0,0,0,0,2.22959927365109,0,0,0,0,0,0,0,0,0,0,0,0,0,0,0,0,0,0,0,0,0,0,0,0,0,0,0,0,0,0,0,0,0,0,0,0,0,0,0,0,0,0,0,0,0,0,0,0,0,0,0,0,0,0,0,0,0,0,0,0,0,0,0,0,0,0,0,0,0
"62","4","Unexposed","4.U","I","4UI5",8.03737535776324,11.0432836639597,12.9813777462732,10.6809088914199,0,14.3308096765978,3.1395513523988,4.05528243550119,0,10.3067737446429,13.112515866922,13.8269704694808,6.93184554018368,0,3.1395513523988,7.75384350831164,0,0,12.3400152326549,0,3.66888498426625,0,0,8.68354294928215,0,0,5.79928162152192,2.29462074889163,5.32418054661874,0,0,2.29462074889163,0,7.58801185321509,0,8.01576348736988,3.66888498426625,0,5.58120058192496,0,0,0,4.82495874052852,0,0,0,0,0,6.07481046116046,0,0,0,0,0,0,0,0,0,0,0,0,0,0,0,0,0,0,0,0,3.1395513523988,0,0,0,0,0,0,0,0,0,0,0,0,0,0,0,0,0,0,0,0,0,0,0,0,0,0,0,0,0,0,0,0,0,0,0,0,0,0,0,0,0,0,0,0,0,0,0,0,0,0,0,0,0,0,0,0,0,0,0,0,0,0,0,0,0,0,0,0,0,0,0,0,0,0,0,0,0,0,0,0,0,0,0,0,0,0,0,0,0,0,0,0,0,0,0,0,0,0,0,0,0,0,0,0,0,0,0,0,0,0,0,0,0,0,0,0,0,0
"63","4","Unexposed","4.U","L","4UL3",10.356734110294,3.78873924389026,14.0098174048547,13.2048806854318,0,16.4669943540935,5.55930354554969,5.84323659399035,0,12.4717989505346,3.78873924389026,8.61951459254585,5.39319792023721,0,1.83353885386126,0,9.75244497934553,2.6154645891185,7.65105169117893,0,2.6154645891185,0,0,5.20544865787805,0,0,0,9.16187476605492,0,0,0,3.1197392442741,1.83353885386126,2.6154645891185,0,4.03426990208475,4.86814981284587,0,7.63252922541936,0,0,0,0,1.83353885386126,0,0,0,0,1.83353885386126,0,0,0,0,0,0,0,8.03638498095778,0,0,0,0,0,0,0,0,0,0,0,0,1.83353885386126,0,0,0,0,0,2.6154645891185,0,0,0,0,0,3.1197392442741,0,0,0,0,0,0,0,0,0,0,0,0,0,0,0,0,0,0,0,0,0,0,0,0,0,0,0,0,0,0,0,0,0,0,0,0,0,0,0,0,0,0,0,0,0,0,0,0,0,0,0,0,0,0,0,0,0,0,0,0,0,0,0,0,0,1.83353885386126,0,0,0,0,0,0,0,3.49267491067311,0,0,0,0,0,0,0,0,0,0,0,0,0,0,0,0,0,0,0,0,0,0,0,0,0,0,0,0,0,0,0,0
"64","4","Unexposed","4.U","S","4US9",8.51643957500263,2.14174970538801,7.56005237440258,11.9400667558902,0,14.3492333386783,0,3.4904299421731,0,0,5.79720779422311,9.69163634502188,5.70582697045108,0,0,0,2.96826378515855,0,0,0,0,0,2.14174970538801,6.37349618792391,0,0,2.96826378515855,2.96826378515855,3.87301360302558,0,8.31472436135807,2.96826378515855,0,2.96826378515855,0,4.17511308421263,0,0,5.79720779422311,0,0,0,2.96826378515855,3.4904299421731,0,0,0,0,4.17511308421263,0,0,0,0,0,0,0,0,0,0,0,0,0,0,0,0,0,0,0,0,0,0,0,0,0,0,2.14174970538801,0,0,0,0,0,0,0,0,0,0,0,0,0,3.87301360302558,0,0,0,0,0,5.96424721750232,0,0,0,0,0,0,0,0,0,0,0,0,0,0,0,0,2.96826378515855,0,0,0,0,0,0,0,0,0,0,0,0,0,0,0,0,0,0,0,0,0,0,0,0,0,0,0,0,0,0,0,0,0,0,0,0,0,0,0,0,0,0,0,0,0,0,0,0,0,0,0,0,0,0,0,0,0,0,0,0,0,0,0,0,0,0,0,0,0,0,0,0,0,0,0
"65","4","Unexposed","4.U","T","4UT8",10.7057981747613,4.01359760340072,6.52213566326572,13.5554134159586,3.10026412347343,13.503656365845,1.81772660613004,6.77591782872682,1.81772660613004,4.71438429839259,12.2285120244893,9.50833500915722,1.81772660613004,0,1.81772660613004,0,7.15394859966819,5.37169965455517,6.35417145108549,0,0,0,0,5.68664200254895,0,0,4.22317288932459,1.81772660613004,4.84688328624424,0,3.47261905086962,0,0,4.84688328624424,0,5.53774786230033,0,0,4.56847437793259,0,0,0,2.59705557270918,0,4.40612983121255,0,0,0,4.40612983121255,0,0,0,0,0,0,0,0,0,0,0,0,0,0,0,0,0,0,0,0,0,0,0,0,0,0,1.81772660613004,0,0,0,0,0,0,0,0,0,0,0,0,0,0,0,0,0,0,0,0,0,0,0,0,0,0,0,0,0,0,0,0,0,0,0,0,0,0,0,0,0,0,0,0,0,0,0,0,0,0,0,0,0,0,0,0,0,0,0,0,0,0,0,0,0,0,0,0,0,0,0,0,0,0,0,0,0,0,0,1.81772660613004,0,0,0,0,0,0,0,0,0,0,0,0,0,0,0,0,0,0,0,0,0,0,0,0,0,0,0,0,0,0,0,0
"66","4","Unexposed","4.U","U","4UU7",8.55262989224664,0,10.2127569170305,12.5571071012619,0,13.9584953822922,3.72736482388393,4.93507482383265,0,1.0146467759644,1.60445867634695,6.07310321844972,2.6092918300829,0,0,0,0,6.21857559146927,1.60445867634695,0,4.67184791749275,0,0,3.19586179062594,0,0,2.02191477642844,3.02553509210714,0,0,4.42008911846206,1.60445867634695,0,2.02191477642844,0,1.0146467759644,0,0,4.93507482383265,0,0,0,0,0,0,0,0,0,0,4.42008911846206,7.53678243923012,0,0,0,0,0,1.0146467759644,6.58342820828591,0,0,5.93555596275353,5.86153006220864,0,5.80998134739775,5.78349941735164,0,5.61350759817823,5.61350759817823,0,0,0,0,0,4.34963102367721,0,2.02191477642844,0,0,5.07266583932226,0,4.88613203544172,0,0,4.83547040304955,4.83547040304955,0,0,4.72847587133267,0,0,4.55145323853091,0,4.61290609929902,0,0,0,0,0,4.19746746139924,4.19746746139924,4.19746746139924,3.61170234867358,2.34529208795287,0,4.11491089943783,3.93411206434354,0,0,0,0,0,0,0,0,0,3.83443880126023,3.83443880126023,3.72736482388393,2.83237338209444,0,0,0,0,0,2.34529208795287,0,0,0,0,0,0,0,0,3.19586179062594,0,0,0,0,0,0,0,0,0,2.83237338209444,0,0,0,0,0,0,0,0,0,0,2.34529208795287,0,0,0,0,0,2.02191477642844,0,0,0,0,0,0,0,0,0,0,0,0,0,2.02191477642844,0,0,0,0,0,0,0,0,0,1.60445867634695,0,0,0
"67","4","Unexposed","4.U","W","4UW2",14.5209286259443,6.82910433305427,12.556567318564,13.8404104152822,6.8062253581851,15.2228218314628,0,7.95343642467327,9.46317704997685,3.5525556868736,0,0,4.79875724586057,0,1.4797007398546,0,9.07537629453194,4.60025868781767,9.89858381210178,0,10.4893399568972,0,0,0,0,0,0,1.4797007398546,0,0,0,1.4797007398546,2.19465995919626,0,0,0,2.6705517446666,0,6.68604943437215,0,0,0,0,4.79875724586057,0,0,0,4.09593951260851,0,0,0,7.82274610717483,0,0,0,0,1.4797007398546,0,0,0,0,0,0,0,0,0,0,0,0,0,0,0,0,0,0,0,0,0,0,0,0,0,1.4797007398546,0,0,0,0,0,0,0,0,0,0,0,0,0,0,0,0,0,0,0,0,0,0,0,0,0,0,0,0,0,0,0,0,0,0,0,0,0,0,0,0,0,0,3.5525556868736,2.6705517446666,0,0,0,0,0,0,0,0,0,0,0,0,0,0,0,0,0,0,0,0,0,0,0,0,0,0,0,0,0,0,0,0,0,0,1.4797007398546,3.02779722102158,0,0,0,0,0,0,0,0,0,0,0,0,0,0,0,0,0,0,0,0,0,0,0,0,0
"68","5","Exposed","5.E","F","5EF2",1.37426423537462,10.6564761029276,0,1.37426423537462,10.4971208418693,0,0,0,0,0,0,4.32971779642136,0,3.78018971226883,1.37426423537462,0,0,0,0,0,0,10.598390383819,0,0,1.37426423537462,0,6.01556597723272,0,0,0,0,0,0,0,0,0,0,0,0,0,0,0,2.5303379916369,0,0,0,0,0,0,0,0,0,0,0,0,0,0,0,0,0,0,0,0,0,0,0,0,0,0,0,0,0,0,0,0,0,0,0,0,0,0,0,0,0,0,0,0,0,0,0,0,0,0,0,0,0,0,0,0,0,0,0,2.88155240021586,0,0,0,0,0,0,0,0,0,0,0,0,0,0,0,0,0,0,0,0,0,0,0,0,0,0,0,0,0,0,0,0,0,1.37426423537462,0,0,0,0,0,0,0,0,0,0,0,0,0,0,0,0,0,0,0,0,0,0,0,0,0,0,0,0,0,0,0,0,0,0,0,0,0,0,0,0,0,0,0,0,0,0,0,0,0,0,0
"69","5","Exposed","5.E","J","5EJ6",1.72196343082696,9.51576779857522,8.9785625384267,4.09524543620369,14.1009181173399,1.72196343082696,0,11.9051924607305,0,7.63445640793536,1.72196343082696,8.84068750254115,1.72196343082696,5.40528820524509,1.72196343082696,0,6.738053423731,0,0,0,0,5.68859197282762,0,0,5.32482715292798,0,2.98122279296937,2.48483446623362,0,0,0,1.72196343082696,6.50231743149048,4.43893521175172,0,0,0,0,0,0,0,0,0,0,0,0,0,0,0,0,0,0,0,0,0,0,0,0,0,0,0,0,0,0,0,0,0,0,0,2.48483446623362,0,0,0,0,0,0,0,0,0,0,0,0,0,0,0,0,0,0,0,0,0,0,0,0,0,0,0,0,0,0,0,0,0,0,0,0,0,0,0,0,0,0,0,0,0,0,0,0,0,0,0,0,0,0,0,0,0,0,0,0,0,0,0,0,0,0,0,0,0,0,0,0,0,0,0,0,0,0,0,0,0,0,0,0,0,0,0,0,0,0,0,0,0,0,0,0,0,0,0,0,0,0,0,0,0,0,0,0,0,0,0,0,0,0,0,0,0,0
"70","5","Exposed","5.E","T","5ET8",0,6.61273725753256,0,5.9266888010464,11.9527277675197,1.94448473902113,0,5.13701301373787,0,0,0,8.60163853516834,0,3.63180408123597,0,0,0,0,0,0,0,11.0752753371663,0,0,3.25504875089991,0,2.74373160334846,6.28397874066005,0,0,0,0,4.73557772004196,3.63180408123597,0,0,0,0,0,0,0,0,0,0,0,0,0,0,3.25504875089991,0,0,0,0,0,0,0,0,0,0,0,0,0,0,0,0,0,0,0,0,1.94448473902113,0,0,0,0,0,0,0,0,0,0,0,0,0,0,0,0,0,0,0,0,0,0,0,0,0,0,0,0,0,0,0,0,0,0,0,0,0,0,0,0,0,0,0,3.9302655932968,0,0,0,0,0,0,0,0,0,0,0,0,0,0,0,0,0,0,0,0,0,0,0,0,0,0,0,0,0,0,0,0,0,0,0,0,0,0,0,0,0,0,0,0,0,0,0,0,0,0,0,0,0,0,0,0,0,0,0,0,0,0,0,0,0,0,0,0,0,0,0,0,0,0
"71","5","Exposed","5.E","X","5EX5",1.86059694333458,9.08508803406244,3.52685954615759,11.485220246993,15.0706042634693,1.86059694333458,1.86059694333458,6.22273136061697,0,0,0,0,0,6.5810023142079,7.94097035979861,0,0,0,0,0,0,11.8036000837474,0,0,4.46287892025577,0,0,2.64689024986436,0,0,1.86059694333458,0,0,0,0,0,0,0,0,0,0,0,0,0,0,0,0,0,0,0,0,0,1.86059694333458,0,0,0,0,0,0,0,0,0,0,0,0,0,0,0,0,0,0,0,0,0,0,0,0,0,0,0,0,0,1.86059694333458,0,0,0,0,0,0,0,0,0,0,0,0,0,0,0,0,0,0,0,1.86059694333458,0,0,0,0,0,0,0,0,0,0,0,0,0,0,0,0,0,0,0,0,0,0,0,0,0,0,0,0,0,0,0,0,0,3.1529519228386,0,0,0,0,0,0,0,0,0,0,0,0,0,0,0,0,0,0,0,0,0,0,0,0,0,0,0,0,0,0,0,0,0,0,0,0,0,0,0,0,0,0,0,0,0,0,0,0,0,0,0
"72","5","Unexposed","5.U","F","5UF2",3.50396277860767,10.9184777407484,10.3492240240365,13.4303128536657,12.414585007206,14.64895606239,2.15324626029568,6.6582114827518,0,5.00155379125508,2.98122279296937,3.50396277860767,0,4.43893521175172,0,0,2.15324626029568,0,0,0,0,0,0,3.50396277860767,3.50396277860767,0,0,4.65179400919937,2.15324626029568,0,0,0,0,0,0,0,0,0,5.97885836462115,0,0,0,0,0,0,0,0,0,0,0,0,0,0,0,0,0,0,0,0,0,0,0,0,0,0,0,0,0,0,0,0,0,0,0,0,0,0,0,0,0,0,2.98122279296937,0,0,0,0,0,0,0,0,0,0,0,0,0,0,0,0,0,0,0,0,0,0,0,0,0,0,0,0,0,0,0,0,0,0,0,0,0,0,0,0,0,0,0,0,0,0,0,0,0,0,0,0,0,0,0,0,0,0,0,0,0,0,0,0,0,0,0,0,0,0,0,0,0,0,0,0,0,0,0,0,0,0,0,0,0,0,0,0,0,0,0,0,0,0,0,0,0,0,0,0,0,0,0,0,0,0
"73","5","Unexposed","5.U","J","5UJ4",13.4779971220762,12.9474137189197,10.8252238200039,13.6166637034615,12.053209407902,13.884265932292,0,2.4447848426729,0,3.30580842952409,0,8.22292903843056,2.4447848426729,2.4447848426729,0,0,0,0,0,0,0,4.23095443483987,0,5.35755200461809,2.4447848426729,0,2.4447848426729,4.53743413063857,0,0,0,0,0,3.30580842952409,0,2.4447848426729,0,0,5.00500068105837,8.85556065536608,0,0,0,0,0,0,0,0,0,0,0,0,0,0,0,0,0,0,0,0,0,0,0,0,0,0,0,0,0,2.4447848426729,0,0,0,0,0,0,0,0,0,0,0,0,0,0,0,0,0,0,0,0,0,0,0,0,0,0,2.4447848426729,0,0,0,0,0,0,0,0,0,0,0,0,0,0,0,0,0,0,0,0,0,0,0,0,0,0,0,0,0,0,0,0,0,0,0,0,0,0,0,0,0,0,0,0,0,0,0,0,0,0,0,0,0,0,0,0,0,0,0,0,0,0,0,0,0,0,0,0,2.4447848426729,0,0,0,0,0,0,0,0,0,0,0,0,0,0,0,0,0,0,0,0,0,0
"74","5","Unexposed","5.U","L","5UL6",8.24883597982785,10.0491823582075,13.0615184150502,13.0019583649586,13.8206860813629,11.5664892998417,0,4.08384706231284,0,10.9779649313666,0,0,4.08384706231284,5.0406686297714,4.08384706231284,6.5145252100963,0,0,0,0,0,0,0,0,6.01858493300885,0,0,0,0,0,0,0,0,0,2.65973026912313,0,2.65973026912313,0,3.54080817111492,9.01390172020862,0,0,0,0,0,0,0,0,0,0,0,0,0,0,0,0,0,0,0,0,0,0,0,0,0,0,0,0,6.13234931999275,0,6.94650191859688,0,0,0,0,0,0,4.47745687525317,0,0,0,0,0,0,0,0,0,0,6.81637094161975,0,0,0,0,0,0,0,0,0,0,0,0,0,0,0,0,0,0,2.65973026912313,4.78637391257407,2.65973026912313,0,0,0,3.54080817111492,0,0,0,0,4.47745687525317,0,0,5.44470653534578,0,5.0406686297714,0,0,0,0,0,0,0,0,0,0,5.44470653534578,0,0,0,0,0,0,0,0,0,0,0,0,0,2.65973026912313,4.78637391257407,0,0,2.65973026912313,0,0,0,0,4.47745687525317,0,0,0,0,0,0,0,0,0,0,0,3.54080817111492,0,0,0,0,0,0,0,0,0,0,0,0,0,0,0,0,0,3.54080817111492
"75","5","Unexposed","5.U","S","5US7",11.1039434298916,11.8418660013599,10.1613662817404,13.9990392650636,8.61359675254205,14.1733194319865,0,2.49854774890369,0,4.85334582635039,0,5.0685908297891,6.75457681086457,0,3.36489813385292,0,0,0,0,0,0,0,0,2.49854774890369,0,0,2.49854774890369,5.0685908297891,0,0,0,3.36489813385292,0,0,0,0,0,0,5.82817339356516,0,0,0,0,0,0,0,0,0,0,0,0,0,0,0,0,0,0,0,0,0,0,0,0,0,0,0,0,0,0,0,0,0,0,0,0,0,0,0,0,0,0,0,0,0,0,0,0,0,0,0,0,0,0,0,0,0,0,0,0,0,0,0,0,0,0,0,2.49854774890369,0,0,0,0,0,0,0,0,0,0,0,0,0,0,0,0,0,0,0,0,0,0,0,0,2.49854774890369,0,0,0,0,0,0,0,0,0,0,0,0,0,0,0,0,0,0,0,0,0,0,0,0,0,0,0,0,0,0,0,0,0,0,0,0,0,0,0,0,0,0,0,0,0,0,0,0,0,0,0,0,0,0,0,0
"76","5","Unexposed","5.U","W","5UW1",2.29911821197928,9.20270003753394,13.8326166448274,9.37448549098624,5.01669906294176,13.5597964776013,0,0,0,8.72972069817538,2.29911821197928,0,5.58672942689535,0,0,0,5.58672942689535,0,0,0,0,4.36512161199069,0,0,0,0,0,0,0,0,0,3.67408839119414,0,0,0,0,4.61644073219433,0,4.36512161199069,9.36593641532899,0,0,0,0,4.06058997971447,0,0,0,0,0,0,0,0,0,0,0,0,0,0,0,0,0,0,0,0,0,0,0,0,0,0,0,0,0,0,2.29911821197928,0,0,0,0,0,0,0,0,0,0,0,0,0,0,0,0,0,0,0,0,0,0,0,0,0,0,0,0,0,0,0,0,0,0,0,0,0,0,0,0,0,0,0,0,0,0,0,0,0,0,0,0,0,0,0,0,0,0,0,0,0,0,0,0,0,0,0,0,0,0,0,0,0,0,0,0,0,0,0,0,0,0,0,3.67408839119414,0,0,0,0,0,0,0,0,0,0,0,0,0,0,0,0,0,0,0,0,0,0,0,0,0,0,0,0
"77","6","Exposed","6.E","J","6EJ4",9.64763632586624,8.89064845895981,13.586487982626,9.4956134669032,13.7935932610666,1.67708070270959,11.9712869334053,3.1197392442741,0,4.8314986599814,0,0,5.8885425540324,13.9385688271439,0,0,1.06963418783705,0,0,0,0,0,4.12792348013235,0,2.431784574116,0,0,3.29148698132323,8.47995788661431,0,0,3.93411206434354,0,0,0,0,4.45148286552181,0,0,0,0,0,0,0,0,0,0,0,0,0,0,0,0,0,0,0,0,0,0,0,0,0,0,0,0,0,0,0,0,0,0,3.71016305766542,0,0,0,0,0,0,0,0,0,1.67708070270959,0,0,0,0,0,0,0,0,0,0,0,0,0,0,0,1.06963418783705,0,0,0,0,0,0,0,0,0,0,0,0,0,0,0,0,0,0,0,0,0,0,0,0,0,0,0,0,0,0,0,0,0,0,0,0,0,0,1.06963418783705,0,0,0,0,0,0,0,0,0,0,0,0,0,0,0,0,0,0,0,0,0,0,0,0,0,0,0,0,0,0,0,0,0,0,0,0,0,0,0,0,0,0,0,0,0,0,0,0,0,0,0
"78","6","Exposed","6.E","T","6ET7",10.7857231709754,8.91573985442978,8.97172049201861,9.6233068116599,10.6888460879303,2.391296045716,8.6821745571283,3.24679858092986,0,3.78018971226883,3.78018971226883,2.391296045716,0,11.1756131144093,0,0,0,13.2656346413908,0,0,0,0,0,0,3.5380055907698,2.391296045716,3.5380055907698,0,3.5380055907698,0,0,0,0,0,0,0,0,0,0,0,0,0,0,0,0,0,0,0,0,2.88155240021586,0,0,0,0,0,0,0,0,0,0,0,0,0,0,0,0,0,0,0,0,0,0,0,0,0,0,0,0,0,0,0,0,0,0,0,0,0,0,0,0,0,0,0,0,0,0,0,0,0,0,0,0,1.64299828164205,0,0,0,0,0,0,0,1.64299828164205,0,0,0,2.391296045716,0,0,0,0,0,0,0,0,0,0,0,0,0,0,0,0,0,0,0,0,0,0,0,0,0,0,0,0,0,0,0,0,0,0,0,0,0,0,0,0,0,0,0,0,0,0,0,0,0,0,0,0,0,0,0,0,0,0,0,0,0,0,0,0,0,0,0,0,0,0,0,0,0
"79","6","Unexposed","6.U","F","6UF1",11.3938406647517,11.7702420926163,7.42729603587422,8.88138391764596,8.84828819674978,0,2.66620975975427,3.54784304516046,0,0,0,0,6.95413409173281,0,0,0,0,0,0,0,0,0,0,0,0,0,0,0,0,0,0,0,0,0,0,0,0,0,0,0,0,0,0,8.15189158404611,0,0,0,0,0,0,0,0,0,0,0,0,0,0,0,0,0,0,0,0,0,0,0,0,0,0,0,0,0,0,0,2.66620975975427,0,0,0,0,0,0,0,0,0,0,0,0,0,0,0,0,0,0,0,0,0,0,0,0,0,0,0,0,0,0,0,0,0,0,2.66620975975427,0,0,0,0,0,0,0,0,0,0,0,0,0,0,0,0,0,0,0,0,0,0,0,0,0,0,0,0,0,0,0,0,0,0,0,0,0,0,0,0,0,0,0,0,0,0,0,0,0,0,0,0,0,0,0,0,0,0,0,0,0,0,0,0,0,0,0,0,0,0,0,0,0,0,0,0,0
"80","6","Unexposed","6.U","I","6UI9",9.41708188155691,6.40654237297089,11.2391018324861,11.5265490217257,9.10825837939574,3.69777914561962,2.8048845532333,10.5745482078457,0,0,0,0,4.24519685955414,1.99783865871053,0,0,5.52074217203167,0,0,0,0,0,0,0,0,0,0,5.20664883850397,0,0,0,1.99783865871053,5.42344934670344,0,0,0,1.99783865871053,0,0,0,0,0,0,0,8.31453915031337,0,0,0,0,0,0,0,0,0,0,0,0,0,0,0,0,0,0,0,0,0,0,0,3.31933409651237,0,0,0,0,0,0,0,0,0,0,0,0,2.8048845532333,0,0,0,0,0,0,0,0,0,0,0,0,0,0,0,1.99783865871053,0,0,0,0,0,0,0,0,0,0,0,0,0,0,0,0,1.99783865871053,0,0,0,0,0,0,0,0,0,0,0,0,0,0,0,0,0,0,0,0,0,0,0,0,0,0,0,0,0,0,0,0,0,0,0,0,0,0,0,0,0,0,0,0,0,0,0,0,0,0,0,0,0,0,0,0,0,0,0,0,0,0,0,0,0,0,0,0,0,0,0,0,0
"81","6","Unexposed","6.U","L","6UL5",4.2273172337683,7.85484628399871,3.01653172388989,12.5042009285957,7.76362440899247,11.5495218505686,0,4.69056767304572,2.18462919421995,3.01653172388989,0,0,0,0,0,0,0,0,0,0,0,0,0,0,0,0,0,3.54080817111492,0,0,0,0,0,0,0,0,0,0,0,0,0,0,0,0,0,0,0,0,0,0,0,0,0,3.92451772798672,0,0,0,0,0,0,0,0,0,0,0,0,0,0,0,0,0,0,0,0,0,0,0,0,0,0,0,0,0,0,0,0,0,0,0,0,0,0,0,0,0,0,0,0,0,0,0,0,0,0,0,0,0,0,0,0,0,0,0,0,0,0,0,0,0,0,0,0,0,0,0,0,0,0,2.18462919421995,0,0,0,0,0,0,0,0,0,0,0,0,0,0,0,0,0,0,0,0,0,0,0,0,0,0,0,0,0,0,0,0,0,0,0,0,0,0,0,0,0,0,0,0,0,0,0,0,0,0,0,0,0,0,0,0,0,0,0
"82","6","Unexposed","6.U","S","6US8",12.9133824403249,9.00740958968431,12.1755495506362,11.4340595284476,8.0354239658539,1.71049338280502,0,7.12553088208386,0,1.71049338280502,5.79559695118143,4.07972719247074,4.56847437793259,1.71049338280502,0,6.52213566326572,1.71049338280502,0,0,0,0,0,0,0,0,0,2.9668331360648,2.47130571892559,0,0,0,2.47130571892559,2.47130571892559,0,0,0,1.71049338280502,0,0,0,0,0,0,1.71049338280502,7.17174543706668,0,0,0,0,0,0,0,0,0,0,0,0,0,0,0,0,0,0,0,0,0,0,0,0,0,0,0,0,0,0,0,0,0,0,0,0,0,0,0,0,0,0,0,0,0,0,0,0,0,0,0,0,0,0,0,0,0,0,0,0,0,0,0,0,0,0,0,0,0,0,0,0,0,0,0,0,0,0,0,0,0,0,0,0,0,0,0,0,0,0,0,0,0,0,2.47130571892559,0,0,0,0,0,0,0,0,0,0,0,0,0,0,0,0,0,0,0,0,0,0,0,0,0,0,0,0,0,0,0,0,0,0,0,0,0,0,0,0,0,0,0,0,0,0,0,0
"83","6","Unexposed","6.U","W","6UW2",14.2294921367544,4.53131244690484,12.8514329353683,9.47854592987251,4.78391089905399,0,0,4.99880257701726,0,3.30005891492677,0,0,4.78391089905399,0,0,0,0,0,0,0,0,0,0,0,0,0,0,0,0,0,0,3.83535176074046,0,0,0,0,3.83535176074046,0,0,0,0,0,0,3.30005891492677,0,0,0,5.1857963940852,0,0,0,0,0,0,0,0,0,0,0,0,0,0,0,0,0,0,0,0,0,0,0,0,0,0,0,2.4395643012756,0,0,0,0,0,0,0,0,0,0,0,0,0,0,0,0,0,0,0,0,0,0,0,0,0,0,0,0,0,0,0,0,0,0,0,0,0,0,0,0,0,0,0,0,0,0,0,0,0,0,0,0,0,0,0,0,0,0,0,0,0,0,0,0,0,0,0,0,0,0,0,0,0,0,0,0,0,0,0,0,0,0,0,0,0,0,0,0,0,0,0,0,0,0,0,0,0,0,0,0,0,0,0,0,0,0,0,0,0,0,3.30005891492677,0
"84","7","Exposed","7.E","I","7EI9",15.4712106371302,5.42682852768344,2.37897783590632,10.3105077712512,11.8963037804913,2.37897783590632,7.9348554278285,5.11326064756032,0,0,0,0,0,3.76606950699462,0,0,0,0,0,0,0,0,0,0,0,0,0,0,0,0,0,0,0,0,0,0,0,0,0,0,0,0,0,0,0,0,0,0,0,0,0,0,0,0,0,0,0,0,0,0,0,0,4.9265576290646,0,0,0,0,0,0,0,0,0,0,0,0,0,0,0,0,0,0,0,0,0,0,0,0,0,0,0,0,0,0,0,0,0,0,0,0,0,0,0,0,0,0,0,0,0,3.76606950699462,2.37897783590632,0,0,0,0,0,0,0,0,0,0,2.37897783590632,0,0,0,0,0,0,0,0,0,0,0,0,0,0,0,0,0,0,0,0,0,0,0,0,0,3.76606950699462,0,0,0,0,0,0,0,0,0,0,0,0,0,0,0,0,0,0,0,0,0,0,0,0,0,0,0,0,0,0,0,0,0,0,0,0,0,0,0,0,0
"85","7","Exposed","7.E","J","7EJ5",11.579787329527,5.35755200461809,0,1.94753258010587,0,0,11.6596774096717,0,0,0,4.39231742277876,0,0,0,0,0,0,0,0,0,0,0,2.74723392962003,0,0,0,0,3.63558857379113,0,0,0,0,0,0,0,0,0,0,0,0,0,0,1.94753258010587,0,0,0,0,0,0,5.45473992331258,0,0,0,0,0,0,0,0,0,0,0,0,0,0,0,0,0,0,0,0,0,0,0,0,0,0,0,0,0,0,0,0,0,0,0,0,0,0,0,0,0,0,0,0,0,0,0,0,0,0,0,0,1.94753258010587,0,0,0,0,0,0,0,0,0,0,0,0,0,0,0,0,0,0,0,0,0,0,0,0,0,0,0,0,0,0,0,0,0,0,0,0,0,0,0,0,0,0,0,0,0,0,0,0,0,0,0,0,0,0,0,0,0,0,0,0,0,0,0,0,0,0,0,0,0,0,0,0,0,0,0,0,0,0,0,0,0,0,0,0,0
"86","7","Exposed","7.E","L","7EL4",1.14543043952156,10.9400465920944,3.9584208962486,5.59313643216686,12.8168927431102,1.14543043952156,0,1.77578484305673,0,4.51211193531348,11.1653828720224,3.57399138290015,0,4.65777856600709,0,0,0,0,0,0,0,0,0,0,0,0,4.35006857525186,0,0,0,1.14543043952156,0,0,1.14543043952156,0,4.26166757006989,0,0,0,0,0,0,0,0,0,0,0,0,0,4.85193828455149,0,0,0,0,0,0,0,0,0,0,0,0,0,0,0,0,0,0,0,0,0,0,0,0,0,0,0,0,0,5.07584375798351,0,1.14543043952156,0,0,0,4.85193828455149,0,0,0,4.65777856600709,0,0,0,0,0,0,0,0,0,0,0,0,0,0,0,0,0,0,0,0,0,0,0,0,0,0,0,0,0,0,0,0,0,0,0,0,0,0,0,0,0,0,0,0,0,0,0,0,0,0,0,0,0,0,0,0,0,0,0,0,0,0,0,0,0,0,0,0,0,0,0,0,0,0,0,0,0,0,0,0,0,0,0,0,0,0,0,0,0,0,0,0,0,0,0,0,0,0
"87","7","Exposed","7.E","T","7ET7",13.9239372421254,9.45473643508658,15.6678324633886,11.7818473701218,10.3938388055523,2.52371094093254,13.0688536566837,5.91605674003853,0,6.12688224014318,0,1.75501441617639,8.98566619147494,1.75501441617639,0,0,1.75501441617639,0,0,0,0,0,3.39248059588767,0,2.52371094093254,0,0,0,0,1.75501441617639,0,5.66906178770874,0,0,0,0,6.4348064909679,0,0,0,0,0,0,0,0,0,0,0,0,0,0,5.73488658176589,0,0,0,0,0,0,0,0,0,0,5.52765344446455,0,0,0,0,0,0,0,0,0,0,0,0,0,0,0,0,0,0,0,0,0,0,0,0,0,0,0,0,1.75501441617639,0,0,0,0,0,0,0,0,0,0,0,0,0,0,0,0,0,0,0,0,0,0,0,0,0,0,0,0,1.75501441617639,0,0,0,0,0,0,0,0,0,0,0,0,0,0,0,0,0,0,0,0,0,0,0,0,0,0,0,0,0,0,0,0,0,0,0,0,0,0,0,0,0,0,0,0,0,0,0,0,0,0,0,0,0,0,0,0,0,0,0,1.75501441617639,0,0,0,0,0,0,0
"88","7","Exposed","7.E","U","7EU3",0,10.7052075394926,0,0,3.59092816755755,0,3.59092816755755,2.70594736231395,0,0,5.9489157173668,8.89523633130293,0,0,2.70594736231395,0,0,0,0,0,0,0,0,0,0,0,0,0,0,0,0,0,2.70594736231395,0,0,0,0,0,0,0,0,0,7.12020206966114,0,0,0,0,0,0,0,0,0,0,0,0,0,0,0,0,0,0,0,0,0,0,0,0,0,0,0,0,0,2.70594736231395,0,0,0,0,0,0,0,0,0,0,0,0,0,0,0,0,0,0,0,0,0,0,0,0,0,0,0,0,0,0,0,0,0,0,0,0,0,0,0,0,0,0,0,0,0,0,0,0,0,0,0,0,0,0,0,0,0,0,0,0,0,0,0,0,0,0,0,0,0,0,0,0,0,0,0,0,0,0,0,0,0,0,0,0,0,0,0,0,0,0,0,0,0,0,0,0,0,0,0,0,0,0,0,0,0,0,0,0,0,0,0,0,0,0,0
"89","7","Exposed","7.E","W","7EW1",0,10.1016228161292,6.43487561954953,2.64052886982837,11.5368938975301,1.45691162665878,0,0,0,0,0,3.2818471093212,0,2.99653387505006,0,1.45691162665878,0,0,0,0,0,0,0,0,4.06236406524356,0,0,7.39694094574564,0,0,0,0,0,0,0,0,0,0,0,0,0,0,2.64052886982837,0,0,0,0,0,0,0,0,3.2818471093212,0,0,0,0,0,0,0,0,0,0,0,0,0,0,0,0,0,0,0,0,0,0,0,1.45691162665878,0,0,0,0,0,0,0,0,0,0,0,0,0,0,0,0,0,0,0,0,0,0,0,0,0,0,0,0,0,0,0,0,0,0,0,0,0,0,0,0,0,0,0,0,0,0,0,0,0,0,0,0,0,0,0,0,0,0,0,0,1.45691162665878,0,0,0,0,0,0,0,0,0,0,0,0,0,0,0,0,0,0,0,0,0,0,0,0,0,0,0,0,0,0,0,0,0,0,0,0,0,0,0,0,0,0,0,0,0,0,0,0,0,0,0
"90","7","Exposed","7.E","X","7EX8",16.2932349865371,7.97154355395077,17.1727846691246,13.2896062489359,15.207284994149,3.04990140413507,1.77702384608796,14.9286984790083,1.77702384608796,15.2528387124962,1.77702384608796,0,9.7727869940662,6.0024054034295,3.42071654840817,0,7.85538257825903,0,0,0,0,0,0,0,7.59056888281236,0,0,4.16914663884405,0,0,0,6.05601944447808,9.43618594070967,0,0,0,7.79359541813221,0,0,0,0,0,0,0,0,0,0,5.88880234789017,0,5.02473624061057,0,0,0,0,0,0,0,0,0,0,0,0,0,0,0,0,0,0,0,0,0,0,0,0,0,0,0,0,0,0,0,0,0,0,0,0,0,0,0,0,0,0,0,0,0,0,0,3.04990140413507,0,0,0,0,0,3.42071654840817,0,0,0,0,0,1.77702384608796,0,0,0,0,0,0,0,0,0,0,0,0,0,0,0,0,0,2.54951366471687,0,0,0,1.77702384608796,0,0,0,0,0,0,0,0,0,0,0,0,0,0,0,0,0,0,0,3.42071654840817,0,1.77702384608796,0,0,0,0,0,0,0,1.77702384608796,0,0,0,0,0,0,0,0,0,0,0,0,0,0,0,0,0,0,0,0,0,0,0,0,0,0
"91","7","Unexposed","7.U","F","7UF2",11.903975964211,11.794009645021,13.9444909308925,13.7896779751782,0,13.7033088148698,12.0620461377205,6.6582114827518,0,5.41503749927884,4.70043971814109,0,6.74483383749955,0,0,6.85278957160245,1.62449086490779,0,0,0,0,0,4.57994442595453,0,0,0,1.62449086490779,0,0,0,0,4.14295795384204,1.62449086490779,0,0,0,4.3037807481771,0,3.51306958223937,0,0,0,0,0,0,0,0,4.57994442595453,0,4.44846050081629,0,0,0,0,0,0,0,0,0,6.62814171892075,0,0,0,0,0,0,0,0,0,0,0,3.22239242133645,0,0,0,0,0,0,0,0,0,0,0,0,0,0,0,0,0,0,0,0,0,0,0,0,0,0,0,0,0,0,0,0,0,0,0,0,0,0,0,0,0,0,1.62449086490779,0,0,0,0,0,0,0,0,0,0,0,0,0,0,0,0,0,0,0,0,0,0,0,0,0,0,0,0,0,0,1.62449086490779,0,1.62449086490779,0,0,0,0,0,0,0,0,0,0,0,0,0,0,0,0,0,0,0,0,0,0,0,0,0,0,0,0,0,0,0,0,0,0,0,0,0,0,0,0
"92","7","Unexposed","7.U","G","7UG10",15.5249831633277,9.28891467705557,14.2591753476881,0,0,3.64319272917858,0,1.54384664693366,0,8.78036692244163,7.68636635669191,0,8.73568245539257,0,0,0,0,0,0,1.54384664693366,0,1.54384664693366,0,0,0,0,4.79804654095384,10.3462547378767,0,0,0,4.79804654095384,0,0,0,0,5.61154777152685,0,0,0,0,0,0,0,0,0,0,0,0,0,0,0,0,0,0,0,0,0,0,0,0,0,0,0,0,0,0,0,0,0,0,0,0,0,0,0,0,0,0,0,0,0,0,0,0,0,0,0,0,0,0,0,0,0,0,0,0,0,0,0,0,0,0,0,0,0,0,0,0,0,0,0,0,0,0,0,0,0,0,0,0,0,0,0,0,0,0,0,0,0,4.02907033960834,0,0,0,0,0,0,0,0,0,0,0,0,0,0,0,0,0,0,0,0,0,0,0,0,0,0,0,0,0,0,0,0,0,0,0,0,0,0,0,0,0,0,0,0,0,0,0,0,0,0,0,0,0,0,0,0,0
"93","7","Unexposed","7.U","I","7UI9",13.1389048958699,12.3819465278715,12.2477967756522,4.62624535072437,0,0,0,0,0,3.38938412110904,7.77484950041663,5.44804288818078,4.31884797146191,0,0,3.38938412110904,7.29827435461395,0,0,0,0,0,0,0,0,0,3.92770776101859,0,0,0,0,3.92770776101859,0,0,0,2.52088396098715,4.31884797146191,0,0,0,0,0,0,0,0,0,0,2.52088396098715,0,0,0,0,0,0,0,0,0,0,0,0,0,0,0,0,0,0,0,0,0,0,0,0,0,0,0,0,0,0,0,0,0,0,0,0,0,0,0,0,0,0,0,0,0,0,0,0,0,0,0,0,0,0,0,0,0,0,0,0,0,0,0,0,0,0,0,0,0,0,0,0,0,0,0,0,0,0,0,0,0,0,0,0,0,0,0,0,0,0,0,0,0,0,0,0,0,0,0,0,0,0,0,0,0,0,0,0,0,0,0,0,0,0,0,0,0,0,0,0,0,0,0,0,0,0,0,0,0,0,0,0,0,0,0,0,0,0,0,0
"94","7","Unexposed","7.U","J","7UJ3",13.9493608753423,5.51501962477284,14.5498463564653,6.33757203289982,7.11249363425876,4.33409118883037,14.0646741730999,3.78445715380188,0,7.5165559474859,0,0,11.8965222267166,0,0,0,2.06863235396027,0,0,0,0,0,5.1756750889302,0,0,5.61245048437244,0,6.89737189146161,0,0,0,7.23993017408157,0,0,0,0,6.15557803069698,0,0,0,0,0,0,0,0,0,0,5.410529242667,0,0,0,0,0,0,0,0,0,0,0,5.78954926945976,0,0,0,0,0,0,0,0,0,0,0,0,0,0,0,0,0,0,0,0,0,4.54622879975528,0,0,0,0,0,0,0,0,0,0,0,0,0,0,0,0,0,0,0,0,0,2.06863235396027,0,0,0,0,0,2.06863235396027,0,0,0,0,0,0,0,0,0,0,0,0,0,0,0,0,0,0,0,0,0,0,0,0,0,0,0,0,0,0,0,0,0,0,0,0,0,0,0,0,0,0,0,0,0,0,0,0,0,0,0,0,0,0,0,0,0,0,0,0,0,0,0,0,0,0,0,0,0,0,0,0,0,0,0,0,0,0
"95","7","Unexposed","7.U","L","7UL5",8.28701830285501,9.55266909751427,11.070997533709,2.83490722724214,1.34126981718837,10.1767238340264,11.8159013875014,0,0,5.24068892153753,8.27991673381326,1.34126981718837,7.71141889509771,0,0,4.03010855897954,0,0,0,0,0,0,3.11581759610286,0,0,8.04039898713255,4.75881587774491,5.50711364181886,0,0,0,3.7300897957309,0,1.34126981718837,0,0,2.02413690588151,0,0,0,0,1.34126981718837,0,0,0,0,0,0,0,0,0,0,0,0,0,0,0,0,0,0,0,0,0,0,0,0,0,0,0,0,0,0,0,0,0,0,0,0,0,0,0,0,0,0,0,0,0,0,0,0,0,0,0,0,0,0,0,0,0,0,0,0,0,0,0,0,1.34126981718837,0,0,0,0,0,0,0,0,0,0,0,0,2.02413690588151,0,0,0,0,0,0,0,0,0,0,0,0,0,0,0,0,0,0,0,0,0,0,0,0,0,0,0,0,0,0,0,0,0,0,0,0,0,0,0,0,0,0,0,0,0,0,0,0,0,0,0,0,0,0,0,1.34126981718837,0,0,0,0,0,0,0,0,0,0,0,0
"96","7","Unexposed","7.U","T","7UT7",14.8672259332601,9.58139017489197,15.907298546334,8.21092461946659,0,0,8.82661246726244,0,0,6.40756719246004,6.84666831087292,0,8.21092461946659,0,0,0,0,0,0,0,0,0,0,0,0,12.436000547264,3.85028124696562,0,0,0,0,5.68188691209111,0,0,0,0,6.40756719246004,0,0,0,0,0,0,0,0,0,0,8.66902771701453,0,0,0,0,0,0,0,0,0,0,0,0,0,0,0,0,0,0,0,0,0,0,0,0,0,0,0,0,0,0,0,0,0,0,0,0,0,0,0,0,0,0,0,2.94699456218395,0,0,0,0,0,0,0,0,0,2.94699456218395,0,0,0,0,3.46820716297531,0,0,0,0,0,0,0,0,0,0,0,0,2.94699456218395,0,0,0,0,0,0,0,0,0,0,0,0,0,0,0,0,0,0,0,0,0,0,0,0,0,0,0,0,0,0,0,0,0,0,0,0,0,0,0,0,0,0,0,0,0,0,0,0,0,0,0,3.46820716297531,0,0,0,0,0,0,0,0,0,0,0,0,0,0,0,0
"97","7","Unexposed","7.U","U","7UU6",11.5058824253877,12.1609968771317,11.196133709533,3.02553509210714,2.52654581449584,11.4094161931827,11.1363503414542,1.75742969672592,0,9.30367204192374,10.3427625601625,4.63282213949975,0,0,1.75742969672592,0,0,0,0,0,0,0,4.14295795384204,0,0,0,5.73825314002667,2.52654581449584,0,0,0,0,0,0,0,0,1.75742969672592,10.1415597872546,3.02553509210714,0,0,0,4.14295795384204,0,4.14295795384204,0,0,0,0,0,0,0,0,0,0,0,0,0,0,0,0,0,0,0,0,0,0,0,0,0,0,0,0,0,0,3.02553509210714,0,0,0,0,0,0,0,0,0,0,0,0,0,0,0,0,0,0,0,0,0,0,0,0,0,0,0,0,0,0,0,0,0,0,0,0,0,0,0,0,0,0,0,0,0,0,0,0,0,0,0,0,0,0,0,0,0,0,0,0,1.75742969672592,0,0,0,0,0,0,0,1.75742969672592,0,0,0,0,0,0,0,0,0,0,0,0,0,0,0,0,0,0,0,0,0,0,0,0,0,0,0,0,0,0,0,0,0,0,0,0,0,0,0,0,0,0,0
"98","7","Unexposed","7.U","W","7UW1",13.5643042647131,10.0855541153035,14.0569577774566,12.6853097900479,8.08243369765109,13.5054818800334,14.5946536118794,5.45222472010766,0,12.9189220147262,0,0,12.6829652534461,0,0,0,0,3.84488614612553,0,0,0,0,5.83667484357664,0,0,0,0,1.87727182893046,0,0,0,7.86802195852417,0,0,0,0,5.83667484357664,0,3.84488614612553,0,0,0,0,0,0,0,0,6.5635072841312,0,0,0,0,0,0,0,0,0,0,0,0,0,0,0,0,0,0,0,0,0,0,0,0,0,0,0,0,0,0,0,0,0,0,0,0,0,0,0,0,0,0,0,0,0,0,0,0,0,0,0,0,0,1.87727182893046,0,0,0,0,0,0,0,0,0,0,0,0,0,0,0,0,0,0,0,0,0,0,0,0,0,0,0,0,0,0,4.09108884389022,0,0,0,0,0,0,0,0,0,0,0,0,0,0,0,0,0,0,0,0,0,0,0,0,0,0,0,0,0,0,0,0,0,0,0,0,0,0,0,0,0,0,0,0,0,0,0,0,0,0,0,0,0,0,0
"99","8","Exposed","8.E","F","8EF1",2.21918622148164,15.761627336812,2.21918622148164,9.99333687785902,8.23274317531359,0,1.49986045865648,3.3420949873328,0,0,0,1.49986045865648,0,0,0,0,1.49986045865648,0,0,0,0,0,0,0,0,0,0,0,0,0,0,0,0,0,0,0,0,0,0,0,0,1.49986045865648,0,0,0,0,0,0,0,0,0,0,0,0,0,0,0,0,0,0,0,0,0,0,0,6.37967138932085,0,0,0,0,0,0,0,0,0,2.69698659214263,0,0,0,0,0,0,0,0,0,0,0,0,0,0,1.49986045865648,0,0,0,0,0,0,0,0,0,0,0,0,0,0,0,0,0,0,0,0,0,0,0,0,0,0,0,0,0,0,0,0,0,0,0,0,0,0,0,0,0,0,0,0,0,0,0,0,0,0,0,0,0,0,0,0,0,0,0,0,0,0,0,0,0,0,0,0,0,0,0,0,0,0,0,0,0,0,0,0,0,0,0,0,0,0,0,0,0,0,0,0,0,0,0,0,0
"100","8","Exposed","8.E","I","8EI8",13.9097834629459,13.028026028788,0,3.24406142348135,7.37724730053398,0,0,12.3313487183115,0,0,0,0,2.38881997854254,0,6.49158137676189,0,12.5232172215915,0,0,0,0,0,0,0,0,0,0,0,0,0,0,0,7.13781609233767,0,0,0,0,0,0,0,0,0,0,0,0,0,0,0,0,0,0,0,0,0,0,0,0,0,0,0,0,0,0,0,0,0,0,0,0,0,0,0,0,0,0,0,0,0,0,0,0,0,0,0,0,0,0,0,0,0,0,4.9383336432594,0,0,0,0,0,0,0,0,0,0,0,0,0,0,0,0,0,0,0,0,0,0,0,0,0,0,0,0,0,0,0,0,0,0,0,0,0,0,0,0,0,0,0,0,0,0,0,0,0,0,0,0,0,0,0,0,0,0,0,0,0,0,0,0,0,0,0,0,0,0,0,0,0,0,0,0,0,0,0,0,0,0,0,0,0,0,0,0,0,0,0,0,0,0,0,0
"101","8","Exposed","8.E","J","8EJ3",2.36118752533459,11.5392423908524,14.049346874622,15.5336370586016,13.0607716232135,1.91020332964936,2.36118752533459,8.22366887257243,4.83724729636818,6.85153366557914,1.2505434616506,1.2505434616506,10.8804543705642,2.7042614290935,1.91020332964936,0,1.91020332964936,0,0,0,0,0,0,0,0,0,0,0,0,0,0,6.28985989854477,0,0,0,0,4.90523137168683,0,0,0,0,0,0,0,0,0,0,0,0,0,0,0,0,0,0,0,0,0,0,0,0,0,0,0,0,0,0,0,0,0,0,0,0,0,0,1.2505434616506,0,5.25706265503414,0,0,0,0,0,0,0,0,0,0,0,0,0,0,0,0,0,0,0,0,0,0,0,0,0,0,0,0,0,0,0,0,0,0,0,0,0,0,0,0,0,0,1.2505434616506,0,0,0,0,0,0,0,0,0,0,0,0,0,0,0,0,0,0,0,0,0,0,0,0,0,0,0,0,0,0,0,0,0,0,0,0,0,0,0,0,0,0,0,0,0,0,0,0,0,0,0,0,0,0,0,0,0,0,0,0,0,0,0,0,0,0,0
"102","8","Exposed","8.E","L","8EL7",15.0584297777323,10.9274831287409,4.6594590692209,9.8122707846748,14.6191910885413,2.54951366471687,0,5.63062939920133,0,0,4.9129474543455,0,0,6.29773989804691,0,0,11.2398823436178,0,0,2.54951366471687,0,0,0,0,0,0,2.54951366471687,3.42071654840817,0,0,0,2.54951366471687,0,0,0,0,0,0,0,0,0,0,0,0,0,0,0,0,0,0,0,0,0,0,0,0,0,0,0,0,0,0,0,0,0,0,0,0,0,0,0,0,0,0,0,0,0,0,0,0,0,0,0,0,0,0,0,0,0,0,0,0,0,0,0,0,0,0,0,0,0,0,2.54951366471687,0,0,0,0,0,0,0,0,0,0,0,0,0,0,0,0,0,0,0,0,0,0,0,0,0,0,0,0,0,0,0,0,0,0,0,0,0,0,0,0,0,0,0,0,0,2.54951366471687,0,0,0,0,0,0,0,0,0,0,0,0,0,0,0,0,0,0,0,0,0,0,0,0,0,0,0,0,0,0,0,0,0,0,0,0,0,0,0
"103","8","Exposed","8.E","S","8ES4",2.98994633533608,7.75674162790497,14.4725410090098,8.48638812462123,12.2504546948242,4.4484605008163,2.16099187667231,12.8072878308845,0,11.027771639722,2.16099187667231,2.16099187667231,11.5825993847383,2.16099187667231,9.08392248354509,0,5.73018706153515,0,0,0,0,0,0,0,0,0,0,0,0,0,0,6.61797755794912,7.63602035036062,0,0,0,5.9075583554172,0,2.16099187667231,0,0,0,0,0,0,0,0,3.51306958223937,0,0,0,0,0,0,0,0,0,0,0,2.16099187667231,0,0,0,0,0,0,0,0,0,0,0,0,0,0,0,0,0,0,0,0,0,0,0,0,0,0,0,0,0,0,0,0,0,0,0,0,0,0,0,0,0,0,0,0,0,0,0,0,0,0,0,0,0,0,0,0,0,0,0,0,0,0,0,0,0,0,0,0,0,0,0,0,0,0,0,0,0,0,0,0,0,0,0,0,0,0,0,0,0,0,0,0,0,0,0,0,0,0,0,0,0,0,0,0,0,0,0,0,0,0,0,0,0,0,0,0,0,0,0,0,0,0,0,0,0,0,0,0
"104","8","Exposed","8.E","W","8EW2",4.90619347308184,9.65778876300397,12.4172193602526,9.02994734825219,13.1687864056047,2.5437230032557,0,9.32982341466149,0,0,0,0,4.34508914526947,3.95352168094232,2.5437230032557,0,0,0,0,0,0,0,0,0,0,0,2.5437230032557,0,0,0,0,0,5.12169617250871,0,0,0,2.5437230032557,0,0,0,0,0,0,0,0,0,0,0,0,0,0,0,0,0,0,0,0,0,0,0,0,0,0,0,0,0,0,0,0,0,0,0,0,0,0,0,0,0,0,0,0,0,0,0,0,0,0,0,0,0,0,0,0,0,0,0,0,0,0,0,0,0,0,0,0,0,0,0,0,0,0,0,0,0,0,0,0,0,0,0,0,0,0,0,0,0,0,0,0,0,0,0,0,0,0,0,0,0,0,0,0,0,0,0,0,0,0,0,0,0,0,0,0,0,0,0,0,0,0,0,0,0,0,0,0,0,0,0,0,0,0,0,0,0,0,0,0,0,0,0,0,0,0,0,0,0,0,0
"105","8","Exposed","8.E","X","8EX9",16.5783693267624,12.0852727188158,2.3643980639004,5.09571435956705,10.9362744401056,0,2.3643980639004,7.2717148561644,2.3643980639004,2.3643980639004,0,0,2.3643980639004,0,0,0,12.6833814192471,0,0,0,0,0,0,0,0,0,0,0,0,0,0,0,4.13729943136648,0,0,0,0,0,0,0,0,4.44273705740796,0,0,0,0,0,0,0,0,0,0,0,0,0,0,0,0,0,0,0,0,0,0,0,0,0,0,0,0,0,0,0,0,0,0,0,0,0,0,0,0,0,0,0,0,0,0,0,0,0,0,0,0,0,0,0,0,0,0,0,0,0,0,0,0,3.74933396908788,0,0,0,0,0,0,0,0,0,0,0,0,0,0,0,0,0,0,0,0,0,0,0,0,0,0,0,0,0,0,0,0,0,0,0,3.74933396908788,0,0,0,0,0,0,0,0,0,0,0,0,0,0,0,0,0,0,0,0,0,0,0,0,0,0,0,0,0,0,0,0,0,0,0,0,0,0,0,0,0,0,0,0,0
"106","8","Unexposed","8.U","F","8UF3",12.720188917121,13.0696013407504,2.24012952607853,5.25715955287809,1.51712317170536,2.71953222571551,2.24012952607853,1.51712317170536,0,0,1.51712317170536,0,0,1.51712317170536,0,8.31938199127036,1.51712317170536,0,0,0,0,0,0,0,0,0,0,3.36611052854498,0,0,0,0,0,0,0,0,0,0,0,0,0,0,0,0,0,0,0,4.42520222608502,0,0,0,0,0,0,0,0,0,0,0,0,0,0,0,0,0,0,0,0,0,0,0,0,0,0,0,0,0,0,0,0,0,0,0,0,0,0,0,0,0,0,0,2.71953222571551,0,0,0,0,0,0,0,0,0,0,0,0,0,0,0,0,0,0,0,0,0,0,0,0,0,0,0,0,2.24012952607853,0,0,0,0,0,0,0,0,0,0,0,0,0,0,0,0,0,0,0,0,0,0,0,0,0,0,0,0,0,0,0,0,0,0,0,0,0,0,0,0,0,0,0,0,0,0,0,0,0,0,0,0,0,0,0,0,0,0,0,0,0,0,0,0,0,0,0
"107","8","Unexposed","8.U","I","8UI9",11.0163568587781,11.1435787061169,15.1228034089316,7.62190460943193,9.56946445178673,13.2688850504134,0,13.1645777150277,0,12.5938356571021,2.59099132287058,4.70739381933768,11.9331549803155,0,0,8.91710965609323,6.43341244387612,0,0,0,0,0,0,0,0,0,0,0,0,0,0,7.42504189943472,7.88984405269623,0,0,0,5.67951546357847,0,3.46600726831132,0,0,0,4.00678065657203,0,0,0,0,0,0,0,0,0,0,0,0,0,0,0,0,0,0,0,0,0,0,0,0,0,0,0,0,0,0,0,0,0,0,0,0,0,0,0,0,0,0,0,0,0,0,0,0,0,0,0,0,0,0,0,0,0,0,3.46600726831132,0,0,0,0,0,0,0,0,0,0,0,0,0,0,0,0,0,0,0,4.00678065657203,0,0,0,0,0,0,0,0,0,0,0,0,0,0,0,0,0,0,0,0,0,0,0,0,0,0,0,0,0,0,0,0,0,0,0,0,0,0,0,0,0,0,0,0,0,0,0,0,0,0,0,0,0,0,0,0,0,0,0,0,0,0,0,0,0,0
"108","8","Unexposed","8.U","S","8US8",14.358170405569,11.5598636517911,10.1151842808469,4.24929499699706,9.00706515926113,16.387524803049,0,11.7302138413401,0,9.10472860219742,5.21085779021384,0,0,0,0,4.80874681318428,5.52497400965011,0,0,0,0,0,0,0,0,0,0,0,0,0,0,0,6.35897782753852,0,0,0,0,0,7.18134255722933,0,0,0,0,0,0,0,0,0,0,0,0,0,0,0,0,0,0,0,0,0,0,0,0,0,0,0,0,0,0,0,0,0,0,0,0,0,0,0,0,0,0,0,0,0,0,0,0,0,0,0,0,3.32322723503899,0,0,0,0,0,0,0,0,0,0,0,0,0,0,0,0,0,0,0,0,0,0,0,0,0,0,0,0,0,0,0,0,0,0,0,0,0,0,0,0,0,0,0,0,0,0,0,0,0,0,0,0,0,0,0,0,0,0,0,0,0,0,0,0,0,0,0,0,0,0,0,0,0,0,0,0,0,0,0,0,0,0,0,0,0,0,0,0,0,0,0,0,0,0,0,0
"109","8","Unexposed","8.U","T","8UT5",16.2146259077635,2.86578189572212,3.76326457273815,13.9006265428617,12.240976915642,7.99840415708714,2.0512516997237,6.79523307212753,3.76326457273815,0,0,0,0,3.76326457273815,0,12.7964873483091,9.9626868802258,0,0,0,0,0,0,0,3.76326457273815,0,0,0,0,0,0,0,3.38321521567151,0,0,0,0,0,0,0,0,0,0,0,0,0,0,0,0,0,0,0,0,0,0,0,0,0,0,0,0,0,0,0,0,0,0,0,0,0,0,0,0,0,0,0,0,0,0,0,0,0,0,0,0,0,0,0,0,0,0,0,0,0,0,0,0,0,0,0,0,0,0,0,0,0,0,0,0,0,0,0,0,0,2.0512516997237,0,0,0,0,0,0,0,0,0,0,0,0,0,4.709138014362,0,0,0,0,0,0,0,0,0,0,0,0,0,0,0,0,0,0,0,0,0,0,0,0,0,0,0,0,0,0,0,0,0,0,0,0,2.0512516997237,0,0,0,0,0,0,0,0,0,0,0,0,0,0,0,0,0,0,0,0,0,0
"110","8","Unexposed","8.U","U","8UU7",8.71610000851789,4.89412084283602,11.8519060660297,2.75427319726133,12.8415801622095,0,0,10.3881039087978,0,10.7668430128377,0,0,15.4737928440739,4.58427138931111,0,11.8040150860049,2.75427319726133,0,0,0,0,0,0,0,0,0,0,0,0,0,0,11.1196790527644,4.58427138931111,0,0,0,5.1490462717664,0,0,0,0,0,0,0,0,0,0,0,0,0,0,0,0,0,0,0,0,0,0,0,0,0,0,0,0,0,0,0,0,0,0,0,0,0,0,2.75427319726133,0,0,0,0,0,0,0,0,0,0,0,0,0,0,0,0,0,0,0,0,0,0,0,0,0,0,0,0,0,0,0,0,0,0,0,0,0,0,0,0,0,0,0,0,0,0,0,0,0,0,0,0,0,0,0,0,0,0,0,0,0,0,0,0,0,0,0,0,0,0,0,0,0,0,0,0,0,0,0,0,0,0,0,0,0,0,0,0,0,0,0,0,0,0,0,0,0,0,0,0,0,0,0,0,0,0,0,0,0,0,0,0
"111","8","Unexposed","8.U","W","8UW1",11.7180514611766,14.4229011822907,0,2.62792129042715,0,2.62792129042715,0,0,0,0,0,0,0,0,2.62792129042715,10.8004011941402,0,0,0,0,0,0,0,0,0,0,0,0,0,0,0,0,0,0,0,0,0,0,0,0,0,0,0,0,0,0,0,0,0,0,0,0,0,0,0,0,0,0,0,0,0,0,0,0,0,0,0,0,0,0,0,0,0,0,0,0,0,0,0,0,0,0,0,0,0,0,0,0,0,0,0,3.50623305940552,0,0,0,0,0,0,0,0,0,0,0,0,0,0,0,0,0,0,0,0,0,0,0,0,0,0,0,0,0,0,0,0,3.50623305940552,0,0,0,0,0,0,0,0,0,0,0,0,0,0,0,0,0,0,0,0,0,0,0,0,0,0,0,0,0,0,0,0,0,0,0,0,0,0,0,0,0,0,0,0,0,0,0,0,0,0,0,0,0,0,0,0,0,0,0,0,0,0,0
"112","8","Unexposed","8.U","X","8UX10",14.2921642113157,14.134163951909,13.9487149779971,13.5909188968451,0,16.2698300537359,0,7.01545272509082,0,12.6284640136881,0,8.28452713844149,5.78277689933694,0,0,0,10.5122065959627,0,0,0,0,0,0,0,0,0,0,0,0,0,0,0,0,0,0,0,4.41076645987854,0,7.76298800093459,0,0,0,5.94978728478273,0,0,0,0,0,0,0,0,0,0,0,0,0,0,0,0,0,0,0,0,0,0,0,0,0,0,0,0,0,0,0,0,0,0,0,0,0,0,0,0,0,0,0,0,0,0,0,0,0,0,0,0,0,0,0,0,0,0,0,0,0,0,0,0,0,0,0,0,0,0,0,0,0,0,0,0,0,2.95545356104674,0,0,0,0,0,0,0,0,0,0,0,0,0,0,0,0,0,0,0,0,0,0,0,0,0,0,0,0,0,0,0,0,0,0,0,0,0,0,0,0,0,0,0,0,0,0,0,0,0,0,0,0,0,0,2.95545356104674,0,0,0,0,0,0,0,0,0,0,0,0
"113","9","Exposed","9.E","F","9EF3",13.9437471570549,9.61339871994576,0,4.53233076289146,2.22959927365109,0,0,11.6572212041125,0,2.22959927365109,0,0,0,0,2.22959927365109,0,5.09636020429831,0,0,0,0,0,0,0,0,0,0,0,0,0,7.56370637482237,0,6.29445119759328,0,0,0,0,0,0,0,0,0,0,0,0,0,0,0,0,2.22959927365109,0,0,0,0,4.28171193537566,6.36072967686241,0,0,0,0,0,0,0,0,0,0,0,0,0,0,0,0,0,0,0,0,0,0,0,0,0,0,0,0,0,0,0,0,0,0,0,0,0,0,0,0,0,0,0,0,0,0,0,0,0,0,0,0,0,0,0,0,0,0,0,0,0,0,0,0,0,0,0,0,0,0,0,0,0,0,0,0,0,0,0,0,0,0,0,0,0,0,0,0,0,0,0,0,0,0,0,0,0,0,0,0,0,0,0,0,0,0,0,0,3.97820914128827,0,0,0,0,0,0,0,0,0,0,0,0,0,0,0,0,0,0,0,0,0,0,0
"114","9","Exposed","9.E","G","9EG5",13.1102733862658,9.60276624398138,1.51712317170536,2.71953222571551,0,0,0,11.0887277955021,0,0,0,0,0,0,0,0,11.1300707862014,0,0,0,0,0,0,0,0,0,0,0,0,0,6.23817342556195,0,5.18514305313826,0,0,0,0,0,0,0,0,0,0,0,0,0,0,0,0,0,0,0,0,0,0,0,0,0,0,0,0,0,0,0,0,0,0,0,0,0,0,0,0,0,0,3.07874466636533,0,0,0,0,0,0,3.60563470385165,0,0,0,0,0,0,0,0,0,0,0,0,0,0,0,0,0,0,0,0,0,0,0,0,0,0,0,1.51712317170536,0,0,0,0,0,0,0,0,0,0,0,0,0,0,0,0,0,0,0,0,0,0,0,0,0,0,1.51712317170536,0,0,0,0,0,0,0,0,0,0,0,0,0,0,0,0,0,0,0,0,0,0,0,0,0,0,0,0,0,0,0,0,0,0,0,0,0,0,0,0,0,0,0,0,0,0,0,0,0,0
"115","9","Exposed","9.E","S","9ES9",3.85479494097317,13.9305335769408,2.59705557270918,3.85479494097317,1.42411679318971,0,2.12664364345093,11.3104540416661,0,0,0,0,1.42411679318971,0,6.41235956296674,1.42411679318971,12.1764680571866,0,0,0,0,0,0,0,0,0,0,0,0,4.28677164947375,8.95404940091954,0,6.1975228440741,0,0,0,0,0,0,0,0,0,0,0,0,0,8.69159666892076,0,0,0,0,0,0,0,3.47261905086962,2.12664364345093,0,0,0,2.12664364345093,0,0,0,0,0,0,0,0,0,0,0,0,0,0,0,0,0,0,0,0,0,0,0,0,0,0,0,0,0,0,0,0,0,0,0,0,0,0,0,0,0,0,0,0,0,0,0,0,0,0,0,0,0,0,0,0,0,0,0,0,0,0,0,0,0,0,0,0,0,0,0,0,0,0,0,0,0,0,0,0,2.95121602057716,0,0,0,0,0,0,0,0,0,0,0,0,0,0,0,0,0,0,0,0,0,0,0,0,0,0,0,0,0,0,0,0,0,0,0,0,0,0,0,0,0,0,0,0,0,0,0
"116","9","Exposed","9.E","U","9EU10",13.8316385404665,15.8882336465737,0,2.74373160334846,1.94448473902113,1.94448473902113,0,13.334759921496,0,0,0,0,0,0,7.82063356360277,1.94448473902113,9.22711193076813,0,0,0,0,0,0,0,0,0,0,0,0,7.22060225478229,8.40952390843629,0,5.13701301373787,0,0,0,0,0,0,0,0,0,0,0,0,0,0,0,0,0,0,1.94448473902113,0,0,7.58408452563522,7.16440559051994,0,0,0,0,0,0,0,0,0,0,0,0,0,0,0,0,0,0,0,0,0,0,0,0,0,0,0,0,0,0,0,0,0,0,0,4.38839758599459,0,0,0,0,0,0,0,0,0,0,0,0,0,0,0,0,0,0,0,0,0,0,0,0,0,0,0,0,0,0,0,0,0,0,0,0,0,0,0,0,0,0,0,0,0,0,0,0,0,0,0,0,0,0,0,0,0,0,0,0,0,0,0,0,0,0,0,0,0,0,0,0,0,0,0,0,0,0,0,0,0,0,0,0,0,0,0,0,0,0,0,0,0,0,0,0
"117","9","Exposed","9.E","W","9EW1",13.7062099734482,13.3782760208886,0,5.16000705384541,0,1.69695193703081,1.08479647341909,12.8295298817937,1.08479647341909,0,11.1043842633393,1.08479647341909,0,1.08479647341909,0,0,6.11656542208628,0,0,0,0,0,1.08479647341909,0,0,0,7.80796130877374,0,0,0,0,0,5.16000705384541,2.72364181511555,0,2.94980708630464,0,0,0,0,0,0,0,0,0,0,0,0,0,0,0,0,0,0,6.18485311083153,6.16244778039666,0,0,0,0,0,0,0,0,0,0,0,0,0,0,0,0,2.94980708630464,4.243152631881,0,0,5.28970877442097,0,0,0,0,0,1.08479647341909,0,0,0,0,0,0,0,0,0,0,0,0,0,0,0,0,0,0,0,1.69695193703081,0,0,0,1.08479647341909,0,0,1.08479647341909,0,0,0,0,0,0,0,0,0,1.08479647341909,0,0,0,1.69695193703081,0,0,0,0,0,3.31739233310669,0,0,0,0,0,0,0,0,0,0,0,0,0,0,0,0,0,0,0,0,0,0,0,0,0,0,0,0,0,0,0,0,0,0,0,0,0,0,0,0,0,0,1.08479647341909,0,0,0,0,0,0,0,0,1.08479647341909,0,0,0,0,0,0
"118","9","Exposed","9.E","X","9EX8",14.0381361876275,13.9827897477285,0,2.65329057552458,0,1.46658453953035,1.46658453953035,12.0591125336811,0,0,9.06445051704645,6.26374322808215,0,0,12.7350436880515,0,7.39701998541508,0,0,0,0,0,0,0,0,0,5.97104674591309,0,0,10.7648525804591,6.91802185620717,0,5.75248242039096,1.46658453953035,0,1.46658453953035,0,0,0,0,0,0,5.43722914831161,0,0,0,0,0,0,0,0,0,0,0,0,0,0,0,0,1.46658453953035,0,0,0,0,0,0,0,0,0,0,0,0,0,0,0,0,0,0,0,0,0,0,0,0,0,0,0,0,0,0,0,0,0,0,0,0,0,0,0,0,0,0,0,0,0,0,0,0,0,0,0,0,0,0,0,0,0,0,0,0,0,0,0,0,0,0,0,0,0,0,0,0,0,0,0,0,0,0,0,0,0,0,0,0,0,0,0,0,0,0,0,0,0,0,0,0,0,0,0,0,0,0,0,0,0,0,0,0,0,0,0,0,0,0,0,0,0,0,0,0,0,0,0,0,0,0,0,0
"119","9","Unexposed","9.U","F","9UF3",4.37412430601279,5.17343606436019,1.67490462603396,8.68330246371463,0,3.82353484911304,1.67490462603396,3.28864350317529,0,0,2.92199748799873,2.92199748799873,0,0,0,2.92199748799873,0,0,0,0,0,0,0,0,0,0,0,0,0,0,0,0,0,0,3.82353484911304,0,0,0,0,0,0,9.14107635273946,0,0,0,0,0,0,0,0,0,0,0,0,0,0,0,0,0,1.67490462603396,0,0,0,0,0,0,0,0,0,0,0,0,0,0,0,0,0,0,0,0,0,0,0,0,0,0,0,0,0,0,0,0,0,0,0,0,0,0,0,0,0,0,0,0,0,0,0,0,0,0,0,0,0,0,0,0,0,0,0,0,1.67490462603396,0,0,1.67490462603396,0,0,0,0,0,0,0,0,0,0,0,0,0,0,0,0,0,0,0,0,0,0,0,0,0,0,0,0,0,0,0,0,0,0,0,0,0,0,0,0,0,0,0,0,0,0,0,0,0,0,0,0,0,0,1.67490462603396,0,0,0,0,1.67490462603396,0,0,0,0
"120","9","Unexposed","9.U","G","9UG5",2.79996068299654,7.17133848136223,1.57921470411084,13.2343957706994,1.57921470411084,0,2.79996068299654,6.88626019725719,0,2.31502798588281,0,0,1.57921470411084,0,13.8389170589263,0,1.57921470411084,0,0,0,0,0,0,0,0,0,0,0,0,0,0,0,0,0,4.51530795706036,0,0,0,0,0,0,0,0,0,0,0,0,0,0,0,0,0,0,0,0,0,0,0,0,0,0,1.57921470411084,0,0,0,0,0,0,0,0,0,0,0,0,0,0,0,0,0,0,0,0,0,0,0,0,0,0,0,0,0,0,0,0,0,0,0,0,0,0,0,0,0,0,0,0,0,0,0,0,0,0,4.239752724288,0,0,0,0,0,0,0,0,0,0,0,0,0,0,0,0,0,0,0,0,0,0,0,0,0,0,0,0,0,0,0,0,0,0,0,0,0,0,0,0,0,0,0,0,0,0,0,0,0,0,0,0,0,0,0,0,0,0,0,0,0,0,0,0,0,0,0,0,0,0,0,0,0,0,0
"121","9","Unexposed","9.U","I","9UI9",11.3367811411283,12.2516740279149,3.50623305940552,15.1989207056751,0,0,2.62792129042715,6.63583557475526,0,0,0,0,0,0,0,11.1780810427373,0,0,0,0,0,0,0,0,0,0,4.04823980030202,0,0,0,0,0,0,0,0,0,0,0,0,0,0,0,0,0,0,0,0,0,0,0,0,0,0,0,0,0,0,0,0,0,0,0,0,0,0,0,0,0,0,0,0,0,0,0,0,0,0,0,0,0,0,0,2.62792129042715,0,0,0,0,0,0,0,0,0,0,0,0,0,2.62792129042715,0,0,0,0,0,0,0,0,0,0,0,0,0,0,0,0,0,0,0,0,0,0,0,0,0,0,0,0,0,0,0,0,0,0,0,0,0,0,0,0,0,0,0,0,0,0,0,0,0,0,0,0,0,0,0,0,0,0,0,0,0,0,0,0,0,0,0,0,0,0,0,0,0,0,0,0,0,0,0,0,0,0,0,0,0,0,0,0,0,0,0
"122","9","Unexposed","9.U","J","9UJ1",8.59814491417982,8.43033391629833,3.01653172388989,11.7837442115537,0,0,2.18462919421995,4.47745687525317,0,0,0,4.47745687525317,0,0,0,4.2273172337683,0,0,0,0,0,0,0,0,0,0,0,6.16836095009416,0,0,0,0,0,0,5.18828194435154,0,0,0,0,0,0,0,0,0,0,0,0,0,0,0,0,0,0,0,0,0,0,0,0,0,0,0,0,0,0,0,0,0,0,0,0,0,0,0,0,2.18462919421995,0,0,0,0,0,0,0,0,0,0,0,0,0,0,0,0,0,0,0,0,0,0,0,0,0,0,0,0,0,0,0,0,0,0,0,0,0,0,2.18462919421995,0,0,0,0,0,0,0,0,0,0,2.18462919421995,0,0,0,0,0,0,0,0,0,0,0,0,0,0,0,0,0,0,0,0,0,0,0,0,0,0,0,0,0,0,0,0,0,0,0,0,0,0,0,0,0,0,0,0,0,0,0,0,0,0,0,0,0,0,0,0,0,0,0,0,0,0
"123","9","Unexposed","9.U","L","9UL4",6.08715827173212,8.56601761107752,0,14.5444656343513,0,0,2.53223939716824,7.17533167519814,0,0,0,0,0,0,10.1114788993756,8.93380358054622,0,0,0,0,0,0,0,0,0,0,0,3.40181857127439,0,0,0,0,0,0,0,0,0,0,0,0,0,0,0,0,0,0,0,0,0,0,0,0,0,0,0,0,0,0,0,0,0,0,0,0,0,0,0,0,0,0,0,0,0,0,0,0,0,0,0,0,0,0,0,0,0,0,0,0,0,0,0,0,0,0,0,0,0,0,0,0,0,0,0,0,0,0,3.40181857127439,0,0,0,0,0,0,0,0,0,0,0,0,0,0,0,0,0,0,0,0,0,0,0,0,0,0,0,0,0,0,0,0,0,0,0,0,0,0,0,0,0,0,0,2.53223939716824,0,0,0,0,0,0,0,0,0,0,0,0,0,0,0,0,0,0,0,0,0,0,0,0,0,0,0,0,0,0,0,3.40181857127439,0,0,0,0,0
"124","9","Unexposed","9.U","S","9US7",5.34200138204691,11.3904465480498,4.88613203544172,12.1615160612764,2.431784574116,8.14118078634163,2.92474726018956,5.26163000135406,0,5.17651567092565,0,2.92474726018956,1.67708070270959,0,12.8718100610106,6.54392411697942,0,0,1.67708070270959,0,0,0,0,0,0,0,0,0,0,0,0,0,0,0,0,0,0,0,0,0,0,0,3.29148698132323,0,0,0,0,0,0,0,0,0,1.67708070270959,0,0,0,0,0,0,0,0,0,0,0,0,0,0,0,0,0,0,0,0,0,0,0,0,1.67708070270959,0,0,0,0,0,0,0,0,0,0,0,0,0,0,0,0,0,0,1.67708070270959,0,0,0,0,0,0,0,0,0,0,0,0,0,0,0,0,0,0,0,0,0,0,3.29148698132323,0,0,0,0,0,0,0,0,0,0,0,0,0,0,0,0,0,0,0,0,0,0,0,0,0,1.67708070270959,0,0,0,0,0,0,0,0,0,0,0,0,0,0,0,0,0,0,0,0,0,0,0,0,0,0,0,0,0,0,0,0,0,0,0,0,0,0,0,0,0,0
"125","9","Unexposed","9.U","T","9UT6",5.07214652279926,12.3368152682392,0,13.9029881125186,0,0,1.9881789689115,7.30624427952116,0,0,0,0,0,0,7.00670688481891,12.4125800545689,0,0,0,0,0,0,0,0,0,0,0,0,0,0,0,0,0,0,5.19409921398035,0,0,0,0,0,0,0,0,0,0,0,0,0,0,0,0,0,1.9881789689115,0,0,0,0,0,0,0,0,0,0,0,0,0,0,0,0,0,0,0,0,0,0,2.79383723760097,0,0,0,0,0,0,0,0,0,0,0,0,0,0,0,0,0,0,0,0,0,0,0,0,0,0,1.9881789689115,1.9881789689115,0,0,0,0,0,0,0,0,0,0,0,0,0,0,0,0,0,0,0,0,0,0,0,0,0,0,0,0,0,0,0,0,0,0,0,0,0,0,0,0,0,1.9881789689115,0,0,0,0,0,0,0,0,0,0,0,0,0,0,0,0,0,0,0,0,0,0,0,0,0,0,0,0,0,0,0,0,0,0,0,0,0,0,0,0,0,0
"126","9","Unexposed","9.U","U","9UU10",11.6911536907076,8.80149084473338,1.41203875564901,12.1939520018999,0,0,1.41203875564901,5.88605099198801,0,0,0,5.23054314190885,0,0,0,12.6941937239079,0,0,0,0,0,0,0,0,0,0,0,0,0,0,0,0,0,0,6.58021160716548,0,0,0,0,0,0,0,3.45506774646283,0,0,0,0,0,0,0,0,0,0,0,0,0,0,0,0,0,0,0,0,0,0,0,0,0,0,0,0,0,0,0,0,0,0,0,0,0,0,0,0,0,0,0,0,0,0,0,0,0,0,0,0,0,0,0,0,0,0,0,0,0,0,0,0,0,0,0,0,0,0,0,0,0,0,0,0,0,0,0,0,0,0,0,0,0,0,0,0,0,0,0,0,0,0,0,0,0,0,0,0,0,0,0,0,0,0,0,0,0,0,0,0,0,0,0,0,0,0,0,0,0,0,0,0,0,0,0,0,0,0,0,0,0,0,0,0,0,0,0,0,0,0,0,0,0
"127","9","Unexposed","9.U","W","9UW2",1.35755200461808,4.78463484555752,2.04439411935845,9.59117168137779,1.35755200461808,2.04439411935845,1.35755200461808,2.85798099512757,0,0,0,0,1.35755200461808,0,8.98655314975666,0,0,0,0,0,0,0,0,0,0,0,0,0,0,0,0,0,0,0,9.52233632091331,0,0,0,0,0,1.35755200461808,0,0,0,0,0,0,0,0,2.5077946401987,0,0,0,0,0,0,0,0,0,0,0,0,0,0,0,0,0,0,0,0,0,0,0,0,0,2.5077946401987,0,0,0,0,0,0,0,0,0,0,0,0,0,0,0,0,0,0,0,0,0,0,0,0,0,0,0,0,0,0,0,0,0,0,1.35755200461808,0,0,0,0,0,0,0,0,0,0,0,0,0,0,0,0,0,0,0,0,0,0,0,0,0,0,0,0,0,0,0,0,0,0,0,0,0,0,0,0,0,0,0,0,0,0,0,0,1.35755200461808,0,0,0,0,0,0,1.35755200461808,0,0,0,0,0,0,0,0,0,0,0,0,0,0,0,0,0,0,0,0,0
"128","9","Unexposed","9.U","X","9UX8",4.06883609425037,6.90787344603026,1.28375600367424,1.95212496036718,1.28375600367424,0,0,2.40712448231882,0,0,4.06883609425037,13.8464539310439,0,0,3.64128727291413,12.4569277491907,1.95212496036718,0,0,0,0,0,0,3.93990377965539,0,0,7.16024762656688,0,0,0,0,0,0,9.46825150699098,3.03097184500223,1.95212496036718,0,0,0,0,0,0,3.46506568609793,0,0,0,0,0,7.13101179544916,0,0,0,0,0,0,0,0,0,0,0,0,0,0,0,0,0,0,0,0,5.02519915405428,0,0,0,0,0,0,0,0,0,0,0,0,0,0,0,0,0,0,0,0,0,0,0,0,0,0,0,0,0,0,0,0,0,0,0,0,0,0,0,0,0,0,1.28375600367424,0,0,0,0,0,0,0,0,0,0,0,0,0,0,0,0,0,0,0,0,0,0,3.46506568609793,0,0,0,0,0,0,0,0,0,0,0,0,0,0,0,0,0,0,0,0,0,0,0,0,0,1.28375600367424,0,0,0,0,0,0,0,0,0,0,0,1.28375600367424,0,0,0,0,0,0,0,0,0,0,0,0,0,0
