"","X10EF3","X10EI6","X10EJ1","X10ET5","X10EU9","X10EW2","X10EX10","X10UF3","X10UG4","X10UI6","X10UJ1","X10UL7","X10US8","X10UU9","X10UW2","X10UX10","X1EF2","X1EG10","X1EI1","X1EJ7","X1EL4","X1ET5","X1EU9","X1EW2","X1EX6","X1UF2","X1UG10","X1UI3","X1UI4","X1UJ9","X1UM1","X1US7","X1UT5","X1UX6","X2EF2","X2EI3","X2EJ9","X2EL4","X2ES7","X2ET5","X2EU8","X2UF3","X2UG10","X2UI2","X2UL4","X2UT8","X2UU7","X2UX5","X3EF2","X3EJ8","X3EU5","X3EX6","X3E","X3UG10","X3UL3","X3UL4","X3UT9","X3UU6","X3UW1","X4EF2","X4EI5","X4EL3","X4ET9","X4EU8","X4EW1","X4EX7","X4UF1","X4UG10","X4UI5","X4UL3","X4US9","X4UU7","X4UW2","X5EF2","X5EJ6","X5EM1","X5ET8","X5EX5","X5UF2","X5UJ4","X5UL6","X5US7","X5UW1","X6EJ4","X6UF1","X6UI9","X6UJ4","X6UL5","X6US8","X6UW2","X7EF2","X7EI9","X7EJ5","X7EL4","X7ET7","X7EU3","X7EX8","X7UF2","X7UG10","X7UI9","X7UJ3","X7UL5","X7UT7","X7UU6","X7UW1","X8EG10","X8EI8","X8EJ3","X8EL7","X8ES4","X8ET5","X8EX9","X8UF3","X8UI9","X8UJ2","X8UL4","X8US8","X8UT5","X8UU7","X8UW1","X8UX10","X9EF3","X9EG5","X9ES9","X9EU10","X9EX8","X9UF3","X9UG5","X9UJ1","X9UL4","X9US7","X9UT6","X9UU10"
"Crenarchaeota",0,0,0,0,1,0,2,0,0,0,0,0,0,3,0,0,0,0,0,0,4,0,1,0,3,0,0,0,0,0,0,0,0,0,0,1,0,0,2,0,0,1,2,0,0,0,0,0,0,0,0,0,0,0,0,0,3,0,0,1,0,0,0,0,0,0,0,0,0,0,0,1,0,1,0,0,0,0,0,0,1,0,0,0,0,0,0,0,0,0,0,0,0,1,0,0,0,0,0,0,0,0,0,0,0,0,0,0,0,0,0,0,0,0,0,0,0,0,1,0,0,0,0,4,0,0,3,2,0,0,0,3,0
"AC1",0,0,0,0,0,0,0,0,0,0,0,0,0,0,0,0,0,0,0,0,0,0,0,0,0,0,0,0,0,0,0,0,0,0,0,0,0,0,0,0,0,0,0,0,0,0,0,0,0,0,0,0,0,0,0,0,0,0,0,0,0,0,0,0,0,0,0,0,0,0,0,0,0,0,0,0,0,0,0,0,0,0,0,0,0,0,0,0,0,0,0,0,0,0,0,0,0,0,0,0,0,0,0,0,3,0,0,0,0,0,0,0,0,0,0,0,0,0,0,0,0,0,0,0,0,0,0,0,0,0,0,0,0
"GOUTA4",0,0,0,0,0,0,4,0,0,0,0,3,0,0,0,0,0,0,0,0,3,0,0,0,0,0,0,0,1,0,2,0,1,0,0,0,0,0,0,0,0,0,0,0,0,0,0,0,0,0,0,0,0,0,0,0,0,0,0,0,0,0,0,0,0,0,0,0,0,0,0,0,0,0,0,0,0,0,0,0,0,0,0,0,0,0,0,0,0,0,0,14,0,0,0,0,2,0,0,0,0,0,0,0,2,0,0,0,0,0,1,0,1,0,0,0,0,0,2,1,0,0,0,0,0,0,0,0,0,1,2,0,0
"WS2",1,0,2,2,2,0,2,2,0,0,1,0,0,0,0,0,2,1,2,2,1,1,0,0,1,0,5,1,0,4,0,0,0,3,0,1,0,0,0,2,0,0,0,0,0,0,0,0,2,1,0,4,1,0,0,0,0,0,0,0,5,1,0,1,2,0,0,0,0,0,0,0,0,0,0,1,0,0,0,2,0,1,0,0,0,0,0,1,1,0,1,0,14,1,0,3,6,0,0,2,0,1,0,0,0,0,0,0,0,0,0,0,0,0,0,0,0,0,0,0,1,0,0,4,3,0,2,0,0,1,0,0,4
"Fibrobacteres",3,1,3,4,27,0,31,15,4,4,2,8,4,50,12,2,5,2,2,0,8,1,1,2,1,0,64,0,2,2,14,1,1,2,44,8,3,4,3,16,4,4,1,3,3,2,23,0,2,1,0,2,1,4,2,4,0,0,12,4,6,1,1,0,5,2,0,0,1,2,0,1,4,4,1,4,13,2,0,1,4,9,1,35,11,10,29,3,5,25,3,1,5,1,0,2,6,13,11,0,14,5,5,1,8,2,6,27,14,16,0,4,10,6,19,1,15,24,6,4,8,0,3,17,10,8,6,0,4,2,4,2,2
"Chlorobi",11,0,14,18,20,4,64,22,6,15,20,6,8,54,25,11,10,14,2,5,7,5,0,7,17,9,21,12,20,8,30,16,16,8,22,30,36,25,29,16,8,1,3,4,2,8,2,0,1,4,0,5,11,6,0,1,3,3,0,45,15,18,1,8,41,3,1,1,3,8,8,1,2,9,0,7,8,3,7,3,17,28,6,17,4,15,4,7,13,4,4,3,11,13,8,5,10,26,8,21,51,8,22,2,38,2,2,7,15,4,11,6,25,16,13,7,9,13,50,5,13,13,8,13,17,8,24,5,22,33,23,1,6
"WPS-2",0,0,0,9,3,0,4,22,7,13,21,50,6,19,3,10,0,1,0,0,4,1,0,0,2,0,5,2,0,0,1,0,0,1,0,1,0,0,1,5,0,2,0,2,1,1,0,1,1,0,0,1,0,2,0,1,0,1,8,0,7,3,2,0,6,0,1,0,1,0,1,12,0,1,1,4,1,1,2,0,0,8,0,0,1,0,2,0,0,0,0,0,0,6,0,1,2,0,0,0,0,0,0,0,0,2,0,2,0,0,1,0,2,0,0,1,3,0,2,1,0,0,1,0,4,2,0,0,1,6,5,0,1
"Actinobacteria",3087,1189,2814,1507,2750,3412,7405,2515,1253,1142,1696,2503,1604,3612,1157,1061,1226,1976,1286,1162,3606,1164,2797,2729,2829,2314,7605,2513,2275,3516,1738,1956,1684,1738,3295,3100,1466,2111,2158,3072,1020,2719,2197,4172,1864,1813,2414,3303,2677,2101,3765,2312,2925,3102,2014,1394,930,2355,2374,1767,4285,2468,2698,2470,2781,2270,1875,2856,1452,2049,4251,2289,2926,2567,3532,3305,2171,2086,873,819,2345,1388,1165,3817,2590,4789,4679,7809,4732,2858,2363,2947,2501,3716,986,2317,3004,1782,1535,3080,1903,2497,2506,1877,1600,1681,1187,3858,3813,2681,2110,785,1908,713,1521,1275,1238,1231,2646,674,1024,2489,3279,3410,3936,1314,1263,1435,1225,852,1988,1224,1512
"FCPU426",5,0,2,9,0,0,46,10,2,4,0,1,3,44,1,5,3,0,5,5,6,5,2,17,1,8,2,3,2,1,2,1,6,0,0,1,9,11,3,8,0,1,0,0,0,0,0,1,0,1,0,1,0,7,0,0,2,2,1,4,3,23,2,21,7,3,0,1,3,0,0,0,0,0,2,0,0,4,1,0,12,2,2,2,3,2,0,2,4,0,2,13,0,8,0,0,4,4,5,2,4,3,0,0,3,0,0,1,2,4,1,5,5,2,8,4,20,2,5,0,0,3,0,10,0,0,6,0,5,4,10,3,0
"Gemmatimonadetes",158,8,138,117,106,66,293,41,2,15,20,6,28,114,2,13,77,62,36,53,133,37,59,80,77,43,213,31,55,86,30,54,17,50,78,54,30,57,48,87,26,83,39,25,36,26,51,105,26,34,24,8,46,16,17,11,3,18,33,11,30,20,27,11,25,8,3,17,17,9,19,21,18,37,20,49,28,11,13,6,28,12,5,50,24,101,28,75,108,15,58,49,92,97,25,82,47,33,37,71,68,39,28,33,31,20,1,47,54,24,31,13,39,8,15,14,20,17,21,8,17,78,35,64,89,31,37,25,31,14,37,15,27
"Chloroflexi",1034,223,624,833,965,548,1726,635,100,318,219,133,379,2855,288,309,586,312,443,407,1190,320,250,369,501,521,2773,586,577,889,460,496,319,500,571,546,322,454,223,571,98,187,191,362,211,205,184,349,167,185,182,147,357,232,148,63,83,207,245,387,438,634,171,439,694,224,114,192,250,258,360,291,237,214,137,287,224,132,154,139,383,153,111,573,570,1179,286,520,974,272,591,483,593,696,270,479,689,347,380,615,581,379,434,176,325,278,237,488,1078,580,565,657,350,271,321,305,423,337,410,180,327,579,374,384,509,268,390,368,281,244,431,101,303
"BHI80-139",2,0,3,2,0,14,2,5,0,0,0,0,1,6,0,0,1,0,1,4,1,0,0,2,0,0,3,0,0,0,0,3,1,0,0,1,1,0,1,0,0,0,0,0,0,0,0,0,0,0,0,0,0,0,0,0,0,0,2,1,0,0,0,0,1,0,0,0,0,0,0,0,0,2,0,2,0,0,0,0,1,1,0,0,2,1,0,0,0,0,0,0,1,0,0,1,2,2,0,0,0,0,0,0,0,0,0,0,0,0,0,0,0,0,0,0,0,1,0,0,0,4,7,2,5,2,1,0,0,0,1,0,0
"Cyanobacteria",46,21,86,105,47,17,145,84,11,27,94,46,60,119,173,13,58,45,19,14,84,42,88,73,60,22,491,32,16,332,57,39,20,32,35,36,52,34,41,39,2,51,7,17,692,34,106,48,21,18,5,12,17,32,52,41,36,57,25,31,23,34,8,35,42,139,10,21,79,12,58,49,31,17,44,22,11,10,53,15,54,48,16,15,45,56,29,42,144,9,27,38,47,64,34,78,138,32,39,69,17,9,110,13,15,33,19,55,146,50,118,25,54,21,29,6,32,15,28,8,40,89,19,15,212,48,90,64,47,36,72,17,46
"Fusobacteria",2,0,0,0,0,0,0,0,0,0,0,0,0,0,0,0,0,0,0,0,0,0,0,0,0,0,0,0,0,0,0,0,0,0,0,0,0,0,0,0,0,0,0,0,0,0,0,0,0,0,0,0,0,0,0,0,0,0,0,0,0,0,0,0,0,0,0,0,0,0,0,0,0,0,0,0,0,0,0,0,0,0,0,0,0,0,0,0,0,0,0,0,0,0,0,0,0,0,0,0,0,0,0,0,0,0,0,0,0,0,0,0,0,0,0,0,0,0,0,0,0,0,0,0,0,0,0,0,0,0,0,0,0
"Lentisphaerae",0,0,0,0,0,0,0,0,0,0,0,0,0,0,0,0,0,0,0,0,0,0,0,1,0,0,0,0,0,0,0,0,0,0,0,2,2,1,1,0,0,0,0,0,0,0,0,0,0,0,0,0,0,0,0,0,0,0,0,0,0,0,0,0,0,0,0,0,0,0,0,0,0,0,0,0,0,0,0,0,0,0,0,0,0,0,0,0,0,0,0,0,0,0,0,0,0,0,0,0,1,0,0,0,0,0,0,0,0,0,0,0,0,0,0,0,0,0,0,0,0,0,0,0,0,0,2,0,0,0,0,0,0
"WS4",0,0,0,0,0,0,0,5,0,0,0,0,0,0,0,0,0,0,0,0,0,0,0,0,0,0,0,0,0,0,0,0,0,0,0,0,0,0,0,0,0,0,0,0,0,0,0,0,0,0,0,0,0,0,0,0,0,0,0,0,0,0,0,0,0,0,0,0,0,0,0,0,0,0,0,0,0,0,0,0,0,0,0,0,0,0,0,0,0,0,0,0,0,0,0,0,0,0,0,0,0,0,0,0,0,0,0,0,0,0,0,0,1,0,0,0,0,0,0,0,0,0,0,0,0,0,0,0,0,0,0,0,0
"Verrucomicrobia",408,67,470,428,453,242,1509,1457,299,510,451,580,677,1853,365,475,273,270,264,152,312,208,170,359,242,174,1604,213,216,451,212,179,107,156,322,361,417,380,262,278,77,227,157,172,234,212,268,376,405,185,349,165,307,678,287,94,153,451,437,312,483,403,128,520,507,132,131,113,195,87,307,188,141,299,200,216,218,282,317,256,690,727,348,466,370,442,168,231,669,223,360,211,477,438,227,377,623,243,138,404,383,115,169,85,226,184,74,289,724,297,339,155,358,227,284,80,377,144,360,174,326,427,304,639,629,211,376,291,358,237,602,137,306
"Proteobacteria",7003,6938,6042,6722,7837,4955,26417,14637,4762,6763,9932,10773,10051,17894,9596,6556,5187,8807,4310,3654,7452,4355,4566,8140,7996,4577,24217,6730,4615,7991,6962,4633,4099,4354,8008,9554,5972,8123,12081,6620,4874,5702,4217,4713,5513,4076,6521,6041,11474,6378,12062,8434,9270,5034,6545,7406,7237,5271,6252,5948,10503,5278,5401,5600,8092,4488,6248,8106,3528,5497,10860,7012,8881,5923,5745,4338,6273,5088,4954,5773,9838,13884,5870,8444,6633,9113,6580,19233,8963,6343,5086,5604,7085,7958,3742,5489,8577,8187,6087,15699,8374,4841,6656,6502,6948,9300,6532,6121,15672,6923,5977,3097,9547,4045,6613,2613,5246,5330,16037,4270,6798,5994,6767,8630,12136,3053,10695,8700,10901,9688,15646,9828,6657
"FBP",7,0,3,2,1,0,5,14,0,0,1,1,7,1,1,6,1,0,0,1,0,1,0,1,0,0,8,0,2,5,2,2,0,1,1,0,0,1,1,0,1,5,0,0,1,0,0,0,36,5,1,1,1,1,1,0,0,0,2,4,6,0,2,0,3,1,0,3,0,0,16,0,1,5,0,2,5,1,0,2,2,0,15,0,4,0,6,2,11,0,1,0,0,2,3,2,4,0,1,0,1,0,0,0,0,0,1,0,0,0,1,0,1,0,0,0,0,0,0,0,0,5,0,1,8,1,2,2,1,0,2,0,0
"[Thermi]",0,0,0,0,0,0,0,0,0,0,0,0,0,0,0,0,0,0,0,0,0,0,0,0,1,0,0,0,0,2,0,0,0,0,0,0,0,0,0,0,0,0,0,0,0,0,0,0,0,0,0,0,0,0,0,0,0,0,0,0,0,0,0,0,0,0,0,0,0,0,0,0,0,0,0,0,0,0,0,0,0,0,0,0,0,0,0,0,0,0,0,0,0,0,0,0,0,0,0,0,0,0,0,0,0,0,0,0,0,0,0,0,0,0,0,0,0,0,0,0,0,0,0,0,0,0,0,0,0,0,0,0,0
"Armatimonadetes",80,7,66,61,110,67,182,81,41,55,45,88,52,151,46,30,19,32,32,34,63,35,27,30,26,22,259,56,15,80,37,40,20,21,33,43,20,34,21,53,7,27,16,35,29,52,34,46,35,35,33,38,39,65,36,17,16,92,68,64,41,64,40,54,69,33,27,55,45,29,61,74,85,48,29,39,39,35,30,34,78,122,62,84,140,113,66,72,93,87,37,66,53,44,22,57,62,45,39,39,40,28,44,21,28,50,22,43,77,99,74,44,32,42,70,35,42,48,92,28,73,42,60,93,90,39,24,40,39,20,42,7,19
"[Parvarchaeota]",3,0,7,0,0,0,11,7,6,1,1,0,2,10,1,0,2,5,3,1,1,0,0,1,2,7,2,1,0,6,5,1,3,0,6,1,5,0,3,0,0,0,0,0,0,0,2,0,0,0,0,0,2,0,0,0,0,0,0,2,1,2,0,1,14,0,0,0,2,0,0,1,0,0,0,0,0,0,0,1,0,0,0,0,0,10,0,0,0,0,0,0,2,0,10,0,0,0,0,0,6,2,3,0,0,0,1,0,0,2,0,0,2,0,0,0,0,0,0,3,4,0,0,3,0,0,0,0,0,3,1,0,2
"BRC1",0,0,3,0,1,0,3,0,0,0,0,0,0,5,0,0,0,4,0,1,0,0,1,0,0,0,3,0,0,2,0,0,0,0,0,0,1,0,0,3,0,1,0,0,0,0,1,0,0,1,2,1,2,1,0,0,0,2,0,0,0,2,0,1,0,0,0,0,1,2,0,0,0,0,1,2,2,0,0,0,0,0,0,0,0,0,6,0,0,0,2,0,0,6,0,0,2,0,0,0,0,0,0,0,0,0,0,0,0,2,0,0,0,0,0,0,0,0,0,1,0,2,0,1,2,0,0,2,0,1,0,0,0
"Planctomycetes",610,88,539,426,548,284,2173,1014,215,237,288,345,499,2177,345,292,474,426,433,312,931,329,310,782,425,365,2321,477,345,1338,252,430,158,440,475,308,416,301,305,430,261,355,213,343,369,265,460,511,298,385,318,188,349,435,191,94,140,541,254,334,541,383,237,357,477,282,188,247,265,202,234,297,205,361,554,436,226,158,192,167,546,270,185,519,476,725,220,530,758,237,493,473,584,650,194,582,470,386,219,614,445,229,281,232,194,499,115,454,618,364,291,182,663,208,471,175,340,291,322,239,339,464,322,554,911,203,352,398,274,221,543,230,541
"NC10",0,0,0,0,2,0,5,5,0,0,0,0,0,4,0,1,0,0,0,0,0,1,0,1,0,1,2,2,0,3,2,0,0,0,0,0,2,1,1,0,0,0,0,0,0,0,0,0,0,0,0,0,0,1,0,0,0,0,0,0,0,2,0,0,4,0,0,0,0,1,0,0,0,0,0,0,0,0,0,0,0,1,0,0,0,0,0,1,0,0,0,0,0,0,0,0,0,0,0,0,0,0,0,0,0,0,0,0,0,0,0,0,0,0,0,0,3,0,0,0,0,0,0,0,0,0,0,0,1,0,0,0,0
"SBR1093",0,0,0,0,0,0,1,0,0,0,0,0,0,0,4,0,0,0,0,0,0,0,0,0,0,0,0,0,0,0,1,1,0,0,0,0,0,0,0,0,0,0,0,0,0,0,0,0,0,0,0,0,0,0,0,0,0,0,0,0,0,0,0,0,0,0,0,0,0,0,0,0,0,0,0,0,0,0,0,0,0,0,0,0,0,0,0,0,0,0,0,0,0,0,0,0,0,0,0,0,0,0,0,0,0,0,0,0,0,0,0,0,0,0,0,0,0,0,0,0,0,0,0,0,0,0,0,1,0,0,0,0,4
"Euryarchaeota",0,1,0,8,12,2,63,27,13,23,4,6,10,61,18,2,7,5,1,0,2,4,1,7,5,1,4,9,0,2,2,2,7,2,6,3,12,2,6,2,4,1,0,0,3,3,3,1,2,4,3,1,0,1,0,0,11,0,0,21,15,14,0,15,52,2,0,0,1,0,0,7,0,0,0,2,0,1,0,2,5,6,2,0,4,6,0,2,3,6,0,0,6,1,7,3,4,14,6,5,10,2,4,18,21,2,1,6,6,4,4,5,3,5,1,3,19,11,8,6,18,0,0,8,6,0,10,10,12,3,94,11,7
"Elusimicrobia",8,2,6,12,19,6,71,23,3,14,10,5,8,46,3,3,12,5,6,7,16,3,0,11,22,4,21,11,5,4,12,5,11,3,9,6,14,5,12,5,0,3,5,8,2,10,8,1,2,0,1,0,1,6,0,3,4,5,9,7,3,20,7,7,47,2,2,1,6,6,3,2,8,4,0,2,10,1,6,4,22,21,8,14,7,42,15,3,14,7,1,4,4,4,16,0,7,8,5,19,4,2,14,1,10,7,0,11,11,8,10,5,9,16,2,5,10,7,6,3,9,4,3,25,15,3,3,2,11,23,11,5,12
"Acidobacteria",1154,793,1166,850,1477,566,4459,1373,313,333,463,694,717,3397,510,255,526,560,428,508,1154,421,497,1082,777,607,5163,633,546,942,392,437,280,491,995,694,509,611,494,839,409,640,487,434,906,618,1527,1144,388,635,358,345,588,568,564,238,349,692,395,498,588,661,526,643,929,390,412,925,652,590,623,655,568,678,468,798,396,369,404,261,865,606,470,818,993,1869,1061,1147,1616,858,787,693,1013,1114,513,871,1200,587,706,946,793,410,642,329,483,1179,316,1137,1673,1186,852,633,787,518,384,312,605,510,702,324,657,762,696,1261,1829,549,445,371,366,338,657,168,432
"Chlamydiae",47,11,35,31,66,20,273,86,23,28,15,25,55,250,9,9,44,91,34,34,62,39,38,51,68,34,287,28,31,32,27,28,69,40,35,41,50,36,55,24,17,15,4,11,15,11,17,9,20,22,16,16,19,32,21,16,13,30,32,42,41,16,23,13,44,24,9,13,35,22,23,32,18,27,42,22,14,23,14,20,69,63,19,53,32,46,32,45,98,28,21,42,87,43,25,22,34,35,59,42,30,37,46,24,40,79,20,31,102,31,36,29,46,27,67,19,93,74,36,25,77,28,24,57,90,10,46,57,24,16,75,26,33
"Tenericutes",0,0,2,0,0,0,0,3,0,5,0,0,1,3,0,0,0,0,0,0,0,0,0,0,0,0,2,4,2,1,0,3,0,0,10,6,1,17,1,0,1,0,0,0,0,0,0,5,0,2,0,0,0,2,0,0,13,0,0,0,0,1,8,0,1,2,0,0,2,0,0,0,0,3,1,0,0,0,0,1,6,1,1,8,1,1,0,0,8,0,0,0,0,0,7,1,1,0,0,18,0,0,0,0,0,0,1,2,7,5,3,1,0,1,0,0,0,3,0,1,2,0,3,11,0,2,6,0,4,2,1,0,1
"WWE1",0,0,0,0,0,0,0,0,0,0,0,0,0,0,0,0,0,1,0,0,0,0,0,1,0,0,0,0,0,0,2,0,0,0,0,0,2,0,0,0,0,0,0,0,0,0,0,0,0,0,0,0,0,0,0,0,0,0,0,0,4,0,0,0,0,0,0,0,0,0,0,0,0,0,0,0,0,0,0,0,0,0,0,0,0,0,0,0,0,0,0,0,0,0,0,0,0,0,0,0,1,0,0,0,0,0,0,0,0,0,0,0,0,1,0,0,4,2,1,0,9,0,0,0,0,0,0,0,0,0,0,0,0
"WS3",8,0,12,4,6,12,12,6,3,0,3,5,5,33,0,0,20,5,10,10,2,19,0,20,31,13,13,6,18,13,8,14,8,10,44,22,8,58,8,11,0,6,8,5,9,4,2,2,0,0,0,0,1,4,0,0,2,0,1,11,5,15,1,12,7,3,3,0,2,7,0,0,5,1,0,0,0,3,0,0,26,8,1,0,0,5,3,0,5,0,6,57,2,23,5,10,62,9,0,3,10,1,3,0,1,1,0,21,6,12,3,4,6,4,1,1,5,2,6,0,4,0,0,1,2,0,8,1,5,7,1,0,0
"TM6",57,7,52,60,116,20,524,78,11,5,28,50,41,272,15,46,32,38,22,29,50,16,11,32,20,43,312,27,27,34,46,33,34,35,36,33,43,23,34,44,10,12,6,24,20,12,14,32,16,25,33,39,28,11,43,8,43,39,34,23,31,25,21,29,41,26,14,30,31,22,110,25,38,43,28,15,35,13,23,11,33,27,26,49,55,94,20,74,120,33,13,28,37,54,33,34,19,48,47,58,77,30,29,25,38,62,6,32,135,38,42,35,54,27,45,21,71,46,65,31,54,25,34,55,105,26,47,55,23,15,124,22,20
"Firmicutes",118,376,98,97,214,93,577,340,127,142,63,99,106,242,127,32,40,79,37,33,66,27,35,83,86,51,973,79,55,51,55,101,115,64,131,82,164,57,237,72,44,59,30,50,61,49,53,17,63,45,49,73,56,38,123,45,30,53,37,48,50,19,42,39,68,68,16,28,47,21,43,40,45,136,86,110,116,173,92,87,33,144,98,78,116,355,222,251,181,231,41,88,162,158,24,49,63,65,137,123,72,54,54,82,63,162,30,64,128,169,66,223,94,58,74,75,143,75,224,81,217,51,101,83,370,64,69,66,57,54,249,73,32
"OD1",4,0,3,6,0,3,16,2,0,0,1,1,2,34,2,0,4,0,8,2,1,1,0,2,4,0,14,3,1,1,2,0,4,3,3,6,10,2,6,7,0,0,0,0,0,0,1,4,0,0,0,1,0,3,0,0,0,2,0,6,2,2,0,2,3,0,0,0,0,0,4,0,0,0,4,0,2,0,2,1,2,4,0,0,0,3,0,0,0,0,2,5,4,6,1,0,9,3,4,1,1,3,5,1,6,1,0,1,7,0,3,2,1,3,9,1,3,3,0,0,7,0,0,0,0,2,9,1,4,5,8,0,3
"OP3",0,0,2,0,0,0,19,10,0,1,0,2,5,10,3,0,4,2,3,1,0,2,3,5,0,1,18,0,0,1,0,4,0,0,2,3,5,2,2,2,0,4,0,0,0,0,0,0,0,0,0,1,0,2,0,0,0,0,0,3,0,2,0,0,11,2,0,0,0,1,0,0,0,0,0,0,0,1,5,1,4,5,6,4,0,3,0,1,6,6,0,0,2,3,6,0,12,2,1,0,3,2,1,0,6,0,0,0,8,6,4,4,2,1,0,0,8,0,6,0,4,0,0,0,2,1,5,0,3,2,0,0,2
"GN04",3,0,0,0,0,0,0,0,2,0,0,0,0,0,12,0,0,0,0,0,0,0,0,0,0,0,3,0,0,0,1,0,1,0,0,1,1,0,0,0,0,0,0,0,0,0,0,0,0,0,0,0,0,0,0,0,0,0,0,0,0,1,0,0,2,0,0,0,0,0,0,0,0,0,0,0,0,0,0,0,1,1,0,0,0,0,0,0,0,0,0,0,0,0,0,0,0,0,0,0,1,0,0,0,0,0,0,0,0,0,0,0,3,0,0,0,1,3,2,1,0,0,0,0,0,0,0,0,2,1,2,2,0
"OP11",2,0,3,5,2,0,1,1,0,0,1,3,0,15,0,0,0,0,1,0,3,0,0,0,1,0,4,0,0,1,0,4,0,0,0,1,0,0,0,1,0,0,1,0,0,0,0,0,0,1,0,0,0,0,0,1,1,0,0,0,2,0,1,1,0,1,0,1,0,0,0,0,0,1,3,0,0,1,0,0,1,1,0,2,1,0,0,0,0,0,0,0,1,0,0,1,1,0,0,7,0,4,1,0,0,0,0,2,0,0,0,1,0,0,0,0,0,0,0,0,0,0,0,0,0,0,2,0,1,6,1,0,0
"WS5",0,0,0,0,0,0,2,0,0,0,0,0,0,0,0,0,0,1,1,0,0,2,2,0,0,0,0,0,1,0,0,0,3,0,0,2,1,0,13,0,0,0,0,0,0,0,0,0,0,0,0,0,0,0,0,0,0,0,0,0,0,0,0,1,0,0,0,0,0,0,0,0,0,0,0,0,0,0,0,0,0,0,0,0,0,0,0,0,0,0,0,0,0,0,0,1,0,0,3,0,2,0,0,0,2,0,0,0,0,0,0,0,1,0,0,0,0,2,0,0,0,0,0,0,0,0,0,0,0,0,0,0,0
"Bacteroidetes",1517,612,1838,1089,1009,1043,4910,2490,699,1062,1216,1702,1549,4970,812,1727,551,619,488,364,1166,346,754,975,638,363,4185,645,363,1059,427,601,366,398,688,1204,452,775,628,986,747,555,586,466,534,540,619,711,2433,1124,1978,671,1547,1347,1994,1129,1792,1555,1686,603,1624,756,996,973,1338,552,555,1205,796,625,4012,1317,896,1085,893,584,1021,1015,901,1181,891,2094,1092,2044,1666,1729,1134,1262,1682,657,828,646,1062,1610,763,682,946,601,1021,2041,971,754,1025,487,616,1289,808,621,2114,847,875,322,1003,480,687,492,640,550,1202,529,727,1277,1514,2755,2358,984,1757,928,1071,1076,1566,617,585
"AD3",0,0,0,0,0,0,3,0,0,0,0,0,0,0,0,0,0,0,0,0,0,0,0,0,0,0,0,0,0,0,0,0,0,0,0,0,0,0,0,0,0,0,0,0,0,0,0,0,0,0,0,0,0,0,0,0,0,0,0,0,0,0,1,0,0,0,0,0,0,0,0,0,0,0,0,0,0,0,0,0,0,0,0,0,0,0,0,1,0,0,0,0,0,0,0,0,0,0,0,0,0,0,0,0,0,0,0,0,0,0,0,0,0,0,0,0,0,0,0,0,0,0,0,0,0,0,0,0,0,0,0,0,0
"Nitrospirae",7,0,1,3,5,4,87,13,13,9,6,16,17,126,21,2,15,13,13,0,16,7,2,8,23,6,64,20,1,4,6,13,18,1,10,7,9,16,22,5,0,0,2,0,0,4,3,2,1,0,1,6,0,4,3,0,0,7,0,15,27,16,2,32,24,1,0,0,0,3,0,2,0,1,0,4,3,1,5,1,32,16,6,5,3,19,1,4,33,3,0,3,5,5,19,9,8,10,5,22,24,6,2,5,23,1,3,2,25,4,2,22,14,0,0,7,13,14,4,0,15,5,0,1,1,0,12,4,4,4,10,8,3
"NKB19",0,0,0,0,0,0,0,2,0,0,0,0,1,5,0,0,0,1,0,0,0,0,0,1,0,1,0,1,0,0,0,2,1,0,0,0,0,0,0,0,0,0,0,2,0,1,0,0,0,0,0,0,1,0,0,0,0,0,0,2,0,2,0,0,0,0,0,0,0,0,0,0,0,0,0,1,0,0,0,2,1,0,0,2,0,0,0,0,1,0,0,1,1,0,0,1,1,0,0,0,0,0,0,1,2,0,0,0,0,0,2,0,0,0,0,0,0,0,1,0,0,0,0,0,0,0,3,0,0,0,2,0,0
"SR1",0,0,0,0,0,0,0,0,0,0,0,0,0,0,0,0,0,0,0,0,0,0,0,0,0,0,0,0,0,0,0,0,0,0,0,1,0,1,0,0,0,0,0,0,0,0,0,0,0,0,0,0,0,0,0,0,0,0,0,0,0,0,0,0,0,0,0,0,0,0,0,0,0,0,0,0,0,0,0,0,0,0,0,0,0,0,0,0,0,0,0,0,0,0,0,0,0,0,0,0,0,0,0,0,0,0,0,0,0,0,0,0,0,0,0,0,0,0,0,0,0,0,0,0,0,0,0,0,0,0,0,0,0
"Synergistetes",0,0,0,0,0,0,0,0,0,0,0,0,0,9,0,0,0,0,0,0,0,0,0,0,0,0,0,0,0,0,0,0,0,0,0,0,0,0,0,0,0,0,0,0,0,0,0,0,0,0,0,0,0,0,0,0,0,0,0,0,0,0,0,0,0,0,0,0,0,0,0,0,0,0,0,0,0,0,0,0,0,0,0,0,0,0,0,0,0,0,0,0,0,0,0,0,0,0,0,0,0,0,0,0,0,0,0,0,0,0,0,0,0,0,0,0,0,0,0,0,0,0,0,0,0,0,0,0,0,0,0,0,0
"Spirochaetes",22,1,9,8,5,9,126,137,51,50,22,11,79,184,22,2,21,8,30,16,21,15,7,10,48,25,81,32,10,6,29,35,36,15,25,33,23,35,18,5,0,5,4,0,7,4,5,5,2,2,0,1,0,7,6,0,0,1,3,18,32,24,1,28,113,1,0,0,2,1,9,0,1,4,2,1,1,4,13,8,29,12,2,18,4,21,1,0,22,4,12,0,2,12,20,10,34,18,40,36,62,4,20,1,72,4,6,5,35,2,22,7,7,14,9,7,46,29,32,0,54,4,2,3,1,2,24,4,34,34,63,8,29
"TM7",171,19,157,73,139,132,133,73,19,9,22,35,29,110,47,16,16,26,22,4,29,17,14,20,27,15,169,12,22,64,19,27,9,19,34,19,17,19,13,20,6,12,18,8,8,23,18,41,103,78,94,52,93,132,87,34,11,27,63,23,13,29,22,6,15,22,37,26,12,21,112,99,89,76,18,11,34,38,35,13,19,64,29,42,30,85,13,26,49,21,18,27,30,42,38,68,42,15,30,71,47,66,74,76,16,39,16,16,62,36,61,14,19,21,90,10,37,22,34,20,17,77,241,57,149,29,27,12,20,9,41,14,8
"GN02",3,0,0,0,0,0,0,5,3,7,0,4,3,4,10,0,0,2,0,0,0,0,0,0,0,0,0,0,0,0,0,0,0,0,0,3,1,5,0,1,0,0,0,0,0,0,0,0,0,0,0,0,0,0,0,0,0,0,0,0,0,0,0,0,0,0,0,0,0,0,0,0,0,0,0,0,0,0,0,0,0,0,0,0,0,0,0,0,0,0,0,0,0,0,0,0,0,0,0,2,0,0,0,0,0,0,0,3,0,0,4,0,0,0,0,0,0,0,0,0,3,0,0,0,0,0,0,0,0,0,0,0,0
"MVP-21",0,0,0,0,0,0,0,0,0,0,0,0,0,0,0,0,0,0,0,0,0,0,0,0,0,1,0,0,0,0,0,0,0,0,0,0,0,0,0,0,0,0,0,0,0,0,0,0,0,0,0,1,0,0,0,0,0,6,0,0,0,0,0,0,0,0,0,0,0,0,0,0,0,0,0,0,0,0,0,0,0,0,0,0,0,0,0,0,0,0,0,0,0,0,0,0,0,0,2,0,0,0,0,0,0,0,0,0,0,0,0,0,0,0,0,0,0,0,0,0,0,0,0,0,0,0,2,1,0,0,0,0,4
