term,group,level,BLUP,SD,lower_50,upper_50,lower_95,upper_95,Experiment,Year,Trait
Intercept,Block,1,0.021599809381198473,0.1438949152275927,-0.039066420645405296,0.07723990917090945,-0.27257233001461456,0.3503199297082591,Wind,2012,Trait.PC1
Intercept,Block,2,-0.04750412866629712,0.15153974015586796,-0.10785905225924067,0.023557347492736257,-0.4199476783624793,0.22584601052969805,Wind,2012,Trait.PC1
Intercept,Block,3,0.01609232600490215,0.1420410688437504,-0.04845245499186843,0.07550404763965425,-0.264565105369547,0.3436620315868584,Wind,2012,Trait.PC1
Intercept,Block,4,0.031708469966776835,0.14825011232410706,-0.035464507610301774,0.0884383016506108,-0.24913279341536654,0.39939533278293593,Wind,2012,Trait.PC1
Intercept,Block,5,0.015544901144758552,0.14374836340844507,-0.04610734561358952,0.07433472547521335,-0.288758808814721,0.3607443361638026,Wind,2012,Trait.PC1
Intercept,Block,6,-0.09386661008808875,0.1694686419679846,-0.16455621968330114,0.005841145306811195,-0.5368656051485974,0.1455491813832894,Wind,2012,Trait.PC1
Intercept,Block,7,0.03686944637979845,0.14821471262934124,-0.030325571145632894,0.09286377593980019,-0.24603211509172926,0.4174938708160266,Wind,2012,Trait.PC1
Intercept,Block,8,0.060954402107539225,0.15315361073269448,-0.01570585059763479,0.12372556627913318,-0.1794760085075209,0.44235250553538014,Wind,2012,Trait.PC1
Intercept,Block,9,-0.04119634536074228,0.14816926207212258,-0.09731647192703109,0.0274873078610437,-0.4047279198917403,0.23071218040006117,Wind,2012,Trait.PC1
Intercept,Block,10,-0.003008585906490908,0.1453481357549858,-0.0609820028394743,0.0533859785458598,-0.3157901282939333,0.3184341034555357,Wind,2012,Trait.PC1
Intercept,Genotype,F,-0.07328891967153674,0.31595114440252803,-0.2639795578828586,0.13293481014633304,-0.7493182536006248,0.5321598696709553,Wind,2012,Trait.PC1
Intercept,Genotype,G,-0.8738182584721849,0.4491983340606173,-1.1765182432923953,-0.5634752855807196,-1.7378358132340193,-0.004917738259509602,Wind,2012,Trait.PC1
Intercept,Genotype,I,-0.12287594187119262,0.3201069708630409,-0.3236910503927075,0.0788335457448734,-0.7764265820176602,0.4944382457543325,Wind,2012,Trait.PC1
Intercept,Genotype,J,0.04616975605816562,0.31507757183781426,-0.14337525511901794,0.2438776782138346,-0.5897735785885683,0.6861499534506512,Wind,2012,Trait.PC1
Intercept,Genotype,L,0.5144273650833229,0.3622783176536821,0.25627267448149554,0.7523791819937158,-0.12383904934946066,1.2532050187584158,Wind,2012,Trait.PC1
Intercept,Genotype,S,0.07559596671202513,0.3132364265776748,-0.11308359435192726,0.266200845310935,-0.5569279565920544,0.7212643126719367,Wind,2012,Trait.PC1
Intercept,Genotype,T,0.16640840866919476,0.31578400336429796,-0.03786939027787371,0.36707117843573295,-0.4452662855190441,0.8145290698886929,Wind,2012,Trait.PC1
Intercept,Genotype,U,-0.13389762544249112,0.32162079867979854,-0.33919304968701547,0.07093116871314196,-0.7745439690397937,0.47929465640480223,Wind,2012,Trait.PC1
Intercept,Genotype,W,0.37009424725688594,0.3406257666836366,0.12870539758132304,0.5977235758352932,-0.2540019067788413,1.0907026970353388,Wind,2012,Trait.PC1
Intercept,Genotype,X,-0.02005614091130426,0.3128274007196863,-0.22696831358879901,0.1790364197169936,-0.6388823153049841,0.6148683965154221,Wind,2012,Trait.PC1
Intercept,Genotype:Wind.Exposure,F_Exposed,0.03270783549927035,0.2931548563905875,-0.11944461138439269,0.1895588328232234,-0.572440772595992,0.663056099610315,Wind,2012,Trait.PC1
Intercept,Genotype:Wind.Exposure,F_Unexposed,-0.05739023965126195,0.2899979853267487,-0.21766432532287877,0.10354916016733487,-0.6871030345821019,0.5336171212395772,Wind,2012,Trait.PC1
Intercept,Genotype:Wind.Exposure,G_Exposed,-0.17247517999137288,0.36730593028553676,-0.35437468986185766,0.049491457794943246,-1.0466183068314827,0.42230504848663797,Wind,2012,Trait.PC1
Intercept,Genotype:Wind.Exposure,G_Unexposed,-0.37385930471878753,0.42390611732163885,-0.6222729266202303,-0.050885164506434474,-1.3918566843490272,0.22499075930606588,Wind,2012,Trait.PC1
Intercept,Genotype:Wind.Exposure,I_Exposed,-0.00603343106344264,0.2882672372807657,-0.15476558756938105,0.1499906156414369,-0.6410218144373995,0.5875460502561453,Wind,2012,Trait.PC1
Intercept,Genotype:Wind.Exposure,I_Unexposed,-0.06957072380280206,0.28933560347041876,-0.22904013560745265,0.08445792319610032,-0.6934136933241024,0.5019331228386601,Wind,2012,Trait.PC1
Intercept,Genotype:Wind.Exposure,J_Exposed,-0.3005656768520488,0.33363622247602487,-0.5014556024191581,-0.04700754373408168,-1.0648759272418553,0.21211821010579768,Wind,2012,Trait.PC1
Intercept,Genotype:Wind.Exposure,J_Unexposed,0.32100807062144465,0.337124888140526,0.05669859853626043,0.5262775147165685,-0.18361508035972385,1.0912919957847023,Wind,2012,Trait.PC1
Intercept,Genotype:Wind.Exposure,L_Exposed,0.03770926732892181,0.30066357378762676,-0.13016334861156512,0.19001135023361143,-0.5435157638611211,0.7240956694359546,Wind,2012,Trait.PC1
Intercept,Genotype:Wind.Exposure,L_Unexposed,0.2930185766856519,0.36548183100051634,0.019198244988949627,0.5011350765146607,-0.23915532551438953,1.1566350020483762,Wind,2012,Trait.PC1
Intercept,Genotype:Wind.Exposure,S_Exposed,-0.026181706852434015,0.28522201287230303,-0.17798156723027345,0.13208143747626244,-0.6354613271812287,0.5525440047722019,Wind,2012,Trait.PC1
Intercept,Genotype:Wind.Exposure,S_Unexposed,0.08600455569078788,0.29398546581367124,-0.0795610882224713,0.2407335069529565,-0.4719475154630599,0.7461435591643825,Wind,2012,Trait.PC1
Intercept,Genotype:Wind.Exposure,T_Exposed,0.2627857832223422,0.33101746684857386,0.02449884321154257,0.450456783584156,-0.2637570671440176,1.0520178866351466,Wind,2012,Trait.PC1
Intercept,Genotype:Wind.Exposure,T_Unexposed,-0.16368388429183253,0.2927462471063117,-0.33713565544600704,0.014245671391828363,-0.8068978480108179,0.3662635799233794,Wind,2012,Trait.PC1
Intercept,Genotype:Wind.Exposure,U_Exposed,-0.07408949295080322,0.2932475295942951,-0.22801589269079614,0.0865244251315888,-0.7166439178664799,0.5003578991969259,Wind,2012,Trait.PC1
Intercept,Genotype:Wind.Exposure,U_Unexposed,-0.013552617841403986,0.28964963787604064,-0.16718570492287338,0.13672004749811312,-0.6473115613230568,0.6028740899893591,Wind,2012,Trait.PC1
Intercept,Genotype:Wind.Exposure,W_Exposed,0.03936445764827823,0.28894990652337427,-0.12194771081491752,0.1914228602479217,-0.5272509009137127,0.6882312616479465,Wind,2012,Trait.PC1
Intercept,Genotype:Wind.Exposure,W_Unexposed,0.18337094483155272,0.32732073950478746,-0.018653517896495476,0.35961631806674177,-0.37039979408212653,0.9615226361574604,Wind,2012,Trait.PC1
Intercept,Genotype:Wind.Exposure,X_Exposed,-0.009679329329969151,0.28678149090698046,-0.15717748973799195,0.14796277473180675,-0.6094569257805067,0.5652441607149707,Wind,2012,Trait.PC1
Intercept,Genotype:Wind.Exposure,X_Unexposed,-0.0024108221411635405,0.29165844247973605,-0.15204830783720635,0.1537592050632986,-0.6088890300326538,0.6067533222670427,Wind,2012,Trait.PC1
Intercept,Plot_code,10_Exposed,-0.11858833094558217,0.2505352164564806,-0.25432207011673913,0.029137801057544342,-0.6830530775269933,0.33742467531444165,Wind,2012,Trait.PC1
Intercept,Plot_code,10_Unexposed,0.10719776120377816,0.2454279388294569,-0.04272800472957495,0.2446450593917919,-0.3428380363857927,0.6557850414510837,Wind,2012,Trait.PC1
Intercept,Plot_code,1_Exposed,0.1577851244224918,0.2532455318223071,-0.006777124348434428,0.3092709453277081,-0.2804105665697319,0.7158974486776223,Wind,2012,Trait.PC1
Intercept,Plot_code,1_Unexposed,-0.08068272647794923,0.23514292164523648,-0.21480357879921264,0.05767894422439296,-0.5808884110207048,0.37733587777695116,Wind,2012,Trait.PC1
Intercept,Plot_code,2_Exposed,0.12797375952643866,0.23910434839781472,-0.019594327951927365,0.26938989557587867,-0.3094703918096236,0.6613810270041925,Wind,2012,Trait.PC1
Intercept,Plot_code,2_Unexposed,-0.29922195739151874,0.28398487547368045,-0.47714551477359113,-0.07709819457923436,-0.9500914179785921,0.14072514394231067,Wind,2012,Trait.PC1
Intercept,Plot_code,3_Exposed,0.010960948547388119,0.23291139418024223,-0.1255591653208229,0.14139665370362375,-0.46019664447628983,0.4946561295139447,Wind,2012,Trait.PC1
Intercept,Plot_code,3_Unexposed,0.0617506038444311,0.24189120407040693,-0.07548875911060529,0.1978156114798405,-0.40321942730577454,0.5930812599891896,Wind,2012,Trait.PC1
Intercept,Plot_code,4_Exposed,0.07315255281536749,0.2358336390417185,-0.06404192170668405,0.20412908176189754,-0.38203359984415697,0.5871745506147305,Wind,2012,Trait.PC1
Intercept,Plot_code,4_Unexposed,0.04431123442971945,0.23800935052785274,-0.0908234314144282,0.1790052621300507,-0.43256753128236347,0.5623562641040936,Wind,2012,Trait.PC1
Intercept,Plot_code,5_Exposed,-0.06767959644852671,0.2404335047400532,-0.19947874491188794,0.0721542404362212,-0.609478091482173,0.38013262225973016,Wind,2012,Trait.PC1
Intercept,Plot_code,5_Unexposed,0.10304761134455474,0.2408489210516951,-0.0429560935360652,0.24280683894279176,-0.3460774480787794,0.6565637889225228,Wind,2012,Trait.PC1
Intercept,Plot_code,6_Exposed,-0.22386486045176152,0.2717033644829931,-0.3821181968463049,-0.02378439605330604,-0.8669506989175553,0.2113741187372494,Wind,2012,Trait.PC1
Intercept,Plot_code,6_Unexposed,-0.10049054304549224,0.2449537736439037,-0.23707001235103786,0.04243345209056503,-0.6342217400801827,0.3748564538150814,Wind,2012,Trait.PC1
Intercept,Plot_code,7_Exposed,0.1951613640206803,0.2579273300290024,0.016206845236609372,0.3532810121440601,-0.25331669261586165,0.7691776456144687,Wind,2012,Trait.PC1
Intercept,Plot_code,7_Unexposed,-0.06753297996325641,0.24069408904393197,-0.20806955130850469,0.07355442206817281,-0.5657659401131252,0.4099490480780589,Wind,2012,Trait.PC1
Intercept,Plot_code,8_Exposed,0.053593851223948885,0.23862290330517497,-0.07967138624776966,0.18855150985184221,-0.41638741641584803,0.5633315813623362,Wind,2012,Trait.PC1
Intercept,Plot_code,8_Unexposed,0.1590601881628979,0.25320071050858256,-0.006576306475427549,0.3071352758911545,-0.2852307459405045,0.7242377514889972,Wind,2012,Trait.PC1
Intercept,Plot_code,9_Exposed,-0.3514819929132657,0.30975236639215475,-0.5490145439849313,-0.10726034181450508,-1.0540000342662594,0.09833582003867637,Wind,2012,Trait.PC1
Intercept,Plot_code,9_Unexposed,0.1940554208702536,0.26145343084347317,0.010089119342056274,0.35107057878603537,-0.24244450715850663,0.7959475192496055,Wind,2012,Trait.PC1
Intercept,Wind.Exposure,Exposed,-0.3801632317423873,0.6973769265125567,-0.7254030737827741,-0.017449999255220932,-1.9188871568345858,1.0118356672246664,Wind,2012,Trait.PC1
Intercept,Wind.Exposure,Unexposed,0.4189029238764708,0.69704256158948,0.05604635150735131,0.7826791920532289,-1.0434735515124842,1.8294645109899776,Wind,2012,Trait.PC1
Intercept,Block,1,-0.09507070246569033,0.08858314507102175,-0.15240607937750536,-0.021393693385028403,-0.2973388089430863,0.027075044201007085,Wind,2012,Trait.PC2
Intercept,Block,2,0.033998771174766684,0.06314839072973547,-0.005155680053977186,0.06914427084072315,-0.07715061430192208,0.17759243880983605,Wind,2012,Trait.PC2
Intercept,Block,3,0.010589217924379455,0.06093710015888152,-0.02146650204327845,0.04290006615834613,-0.11051482506713088,0.14008042887435,Wind,2012,Trait.PC2
Intercept,Block,4,0.008522332039659082,0.059627120714369194,-0.023348482392385433,0.039462157020942565,-0.10975576609817964,0.1407384443678544,Wind,2012,Trait.PC2
Intercept,Block,5,0.03419433643936123,0.06446115257004134,-0.005269238926408615,0.07039754493750991,-0.08286599183381746,0.17724615869816607,Wind,2012,Trait.PC2
Intercept,Block,6,0.04623336237650155,0.06726426379528021,-5.97858302507518e-5,0.08414607071273525,-0.06775567610843156,0.19728673018107729,Wind,2012,Trait.PC2
Intercept,Block,7,0.01910909521768235,0.06343229011011323,-0.014591608810631967,0.052132513875838234,-0.10344421551999201,0.15975531184170066,Wind,2012,Trait.PC2
Intercept,Block,8,-0.013095290156185605,0.060967540922713885,-0.04541277044225641,0.019992712093931563,-0.14308234145265428,0.10371508936016896,Wind,2012,Trait.PC2
Intercept,Block,9,-0.021603389163444116,0.06381702291337399,-0.05541268270077973,0.014527466536675391,-0.16844859552846703,0.09188771372753508,Wind,2012,Trait.PC2
Intercept,Block,10,-0.026560734668855175,0.062149778266950055,-0.06088440177263495,0.008797936498133804,-0.16240123657114844,0.08589124919790113,Wind,2012,Trait.PC2
Intercept,Genotype,F,-0.18331170790096388,0.10125349996215066,-0.25079447378768677,-0.11723646992107967,-0.3874618046292095,0.008235993013309306,Wind,2012,Trait.PC2
Intercept,Genotype,G,0.0015042913471513162,0.09683849130259764,-0.05858759699471213,0.06185534400516644,-0.19148993431157554,0.1992923958789169,Wind,2012,Trait.PC2
Intercept,Genotype,I,-0.04873836448935472,0.09926943772488252,-0.11223728483673184,0.014767135401260578,-0.24701677442834402,0.14590356752804148,Wind,2012,Trait.PC2
Intercept,Genotype,J,0.08915820709020904,0.09824918399659942,0.024755540866483947,0.1524662961498338,-0.10330827707028646,0.29083331100456433,Wind,2012,Trait.PC2
Intercept,Genotype,L,0.2163529032412372,0.1018579036244789,0.15082597689286517,0.28206549251233004,0.017582107073931794,0.42396628255466107,Wind,2012,Trait.PC2
Intercept,Genotype,S,-0.08561089891679459,0.09918918354353264,-0.15004542498803047,-0.019322434220638268,-0.2927920221783021,0.10153417576608988,Wind,2012,Trait.PC2
Intercept,Genotype,T,-0.16526292108870136,0.10105520609858608,-0.23044798056335383,-0.09760298580245508,-0.36831716228697614,0.029497753875588516,Wind,2012,Trait.PC2
Intercept,Genotype,U,-0.09150461818081286,0.09885024959477,-0.1517833160364499,-0.028817256273405766,-0.29373367577705556,0.09753791092283629,Wind,2012,Trait.PC2
Intercept,Genotype,W,-0.010663568149785807,0.09777939904337152,-0.0719546482846221,0.05041283823773851,-0.2106416793672412,0.18245218827113335,Wind,2012,Trait.PC2
Intercept,Genotype,X,0.27100683916938234,0.1082702104097929,0.20074414920006353,0.341861703572127,0.05489836428312383,0.4865723894248802,Wind,2012,Trait.PC2
Intercept,Genotype:Wind.Exposure,F_Exposed,-0.03080051292591513,0.06799529132987671,-0.05676141114035601,0.00570810364393198,-0.20070560885501146,0.0728199478880313,Wind,2012,Trait.PC2
Intercept,Genotype:Wind.Exposure,F_Unexposed,9.935144255074989e-5,0.06037574874990837,-0.02442614866992264,0.026850058468605456,-0.1324680360622855,0.12567693782496858,Wind,2012,Trait.PC2
Intercept,Genotype:Wind.Exposure,G_Exposed,0.012679245312129633,0.059029416410481664,-0.014514777940115072,0.03738305939686042,-0.10308458459340607,0.15354694417136017,Wind,2012,Trait.PC2
Intercept,Genotype:Wind.Exposure,G_Unexposed,-0.014709660677617748,0.059686561604418355,-0.03851178952337479,0.01338624145694212,-0.1559163000048045,0.09781298681294587,Wind,2012,Trait.PC2
Intercept,Genotype:Wind.Exposure,I_Exposed,0.008911019366673814,0.06063905233071925,-0.017621480590763967,0.03385595979624514,-0.11465177631376386,0.1486886198064149,Wind,2012,Trait.PC2
Intercept,Genotype:Wind.Exposure,I_Unexposed,-0.018746956164517038,0.06206376814511429,-0.04315455816938252,0.011312895262672562,-0.17646901078517674,0.08998573927430396,Wind,2012,Trait.PC2
Intercept,Genotype:Wind.Exposure,J_Exposed,0.014582902278165236,0.05893963982269834,-0.01316299729461308,0.03904006924897054,-0.0933203215511849,0.1552980211706268,Wind,2012,Trait.PC2
Intercept,Genotype:Wind.Exposure,J_Unexposed,6.387055190275865e-4,0.059792965162013836,-0.024718271385290022,0.02589430808926977,-0.1328323372317017,0.13347538353087285,Wind,2012,Trait.PC2
Intercept,Genotype:Wind.Exposure,L_Exposed,0.0025232156825359766,0.060793611231883204,-0.02492495849105781,0.025525519966950246,-0.12053234944593073,0.14247693457065422,Wind,2012,Trait.PC2
Intercept,Genotype:Wind.Exposure,L_Unexposed,0.03288411726993557,0.07039210290600421,-0.004508351859920825,0.05977496241983968,-0.07089564026313672,0.21426516573186896,Wind,2012,Trait.PC2
Intercept,Genotype:Wind.Exposure,S_Exposed,-0.026009349081982255,0.06438655436557027,-0.05000612654495226,0.006825802037661468,-0.18779947789795082,0.0805649603498748,Wind,2012,Trait.PC2
Intercept,Genotype:Wind.Exposure,S_Unexposed,0.01059497715791221,0.059004513499411146,-0.01481704090260677,0.036294406366491956,-0.11281655132395971,0.13922184919961922,Wind,2012,Trait.PC2
Intercept,Genotype:Wind.Exposure,T_Exposed,-0.0012210745165127767,0.058882412874113,-0.02526035033643139,0.025454619456652134,-0.13558051172522528,0.11881774075654455,Wind,2012,Trait.PC2
Intercept,Genotype:Wind.Exposure,T_Unexposed,-0.024841328603936997,0.06524133806475922,-0.05274916501263817,0.00750022999318565,-0.18530735302053108,0.088312776411013,Wind,2012,Trait.PC2
Intercept,Genotype:Wind.Exposure,U_Exposed,0.025220916936707857,0.06255426777256524,-0.005804983339789571,0.05237850856337702,-0.0852441292319986,0.18114415115003252,Wind,2012,Trait.PC2
Intercept,Genotype:Wind.Exposure,U_Unexposed,-0.041084586740311485,0.07032932515446058,-0.06956069137038569,7.882378325916623e-4,-0.2368865042138686,0.05748296273723903,Wind,2012,Trait.PC2
Intercept,Genotype:Wind.Exposure,W_Exposed,-0.0133162329857264,0.06007657147214183,-0.03800339311903902,0.013269935809632294,-0.15119127680183664,0.1029774383563289,Wind,2012,Trait.PC2
Intercept,Genotype:Wind.Exposure,W_Unexposed,0.011961637604425665,0.059822825592579794,-0.014384660901133342,0.036726192298699833,-0.10757573410445966,0.14678060728060024,Wind,2012,Trait.PC2
Intercept,Genotype:Wind.Exposure,X_Exposed,0.01753443426849588,0.06727503640549311,-0.014562937703639978,0.04053915305973865,-0.10350572108232825,0.18937696292016074,Wind,2012,Trait.PC2
Intercept,Genotype:Wind.Exposure,X_Unexposed,0.028940842198705193,0.0694538158940011,-0.007146541540436053,0.05242899197741944,-0.07544502419994176,0.21190489894377926,Wind,2012,Trait.PC2
Intercept,Plot_code,10_Exposed,-0.033296947269329115,0.07449293094150485,-0.07445483998435751,0.011067729299064796,-0.1973420386157505,0.09982859334833867,Wind,2012,Trait.PC2
Intercept,Plot_code,10_Unexposed,-0.005767246683344397,0.07081631093941562,-0.045913600818617784,0.03537191725895679,-0.15759020804649027,0.14149357976488036,Wind,2012,Trait.PC2
Intercept,Plot_code,1_Exposed,-0.044232843992328685,0.08066414631600848,-0.09384513889946383,0.006658571885240724,-0.2289729617285958,0.0955629847408172,Wind,2012,Trait.PC2
Intercept,Plot_code,1_Unexposed,-0.09934056662435783,0.09692753903955759,-0.16091931561111764,-0.02045867244185756,-0.3099652037859706,0.04285159831882721,Wind,2012,Trait.PC2
Intercept,Plot_code,2_Exposed,-0.07281935988966136,0.07921611090601936,-0.1214763929618259,-0.011740760432753003,-0.24921181296120296,0.053282371581803316,Wind,2012,Trait.PC2
Intercept,Plot_code,2_Unexposed,0.12178941226991186,0.10128179272303307,0.03779363257324439,0.1907547473701169,-0.024611613055588448,0.3367646753441622,Wind,2012,Trait.PC2
Intercept,Plot_code,3_Exposed,0.010110384058753375,0.07458173558461903,-0.03173241960581591,0.05183720165260465,-0.14221835955421078,0.16773456581594481,Wind,2012,Trait.PC2
Intercept,Plot_code,3_Unexposed,0.006461535714240314,0.07198766965593785,-0.03297326318347829,0.04801422785738929,-0.14139817627191426,0.15878089047956154,Wind,2012,Trait.PC2
Intercept,Plot_code,4_Exposed,0.01705442704554331,0.07031207957577677,-0.023503090282044302,0.05651291709307584,-0.11443517423541226,0.17318788651065883,Wind,2012,Trait.PC2
Intercept,Plot_code,4_Unexposed,-0.0015386363994073081,0.07168176944146111,-0.041099167143105825,0.03961992813620198,-0.1539318038552319,0.14226165336989402,Wind,2012,Trait.PC2
Intercept,Plot_code,5_Exposed,0.033014128928199625,0.07604819582928682,-0.01129278608025855,0.07614786564855025,-0.11122726020931706,0.2044947719212945,Wind,2012,Trait.PC2
Intercept,Plot_code,5_Unexposed,0.024336213609382262,0.07363377291994619,-0.019751637270338993,0.06647731784292588,-0.10863144984012742,0.18335591392302633,Wind,2012,Trait.PC2
Intercept,Plot_code,6_Exposed,0.04693527087722459,0.0795904644959847,-0.00273898836364552,0.09194332270358367,-0.09013074034339283,0.22823666158340072,Wind,2012,Trait.PC2
Intercept,Plot_code,6_Unexposed,0.026548304506825885,0.07550782978596567,-0.017178021221141357,0.06893591935662459,-0.1150675773871724,0.1944263552002194,Wind,2012,Trait.PC2
Intercept,Plot_code,7_Exposed,0.057473534985721525,0.0783874211075848,0.0011132026785873358,0.1054335341437809,-0.07180160402596918,0.23305940812485226,Wind,2012,Trait.PC2
Intercept,Plot_code,7_Unexposed,-0.02714196416987934,0.07360343676360362,-0.07019526464725909,0.015051157216826679,-0.19070286793889626,0.11365096649506236,Wind,2012,Trait.PC2
Intercept,Plot_code,8_Exposed,0.01648966017975107,0.07265569418693911,-0.024267945900967668,0.057107136275981484,-0.12442533711758069,0.17722836920758706,Wind,2012,Trait.PC2
Intercept,Plot_code,8_Unexposed,-0.03422540904344285,0.07273331554401155,-0.0761941145059178,0.009850580446019216,-0.19697333804700365,0.09880206040939249,Wind,2012,Trait.PC2
Intercept,Plot_code,9_Exposed,-0.006740407286832047,0.06999371452257437,-0.04547528620912136,0.03274334355416983,-0.15532561124079194,0.13338744594471658,Wind,2012,Trait.PC2
Intercept,Plot_code,9_Unexposed,-0.02516376750253114,0.073278573759815,-0.06680193274089191,0.01733298117804997,-0.18784415579957897,0.11233277540579978,Wind,2012,Trait.PC2
Intercept,Wind.Exposure,Exposed,0.027729734953141922,0.330045222393215,-0.048443156613028546,0.10968556853789826,-0.7120370915712299,0.8026432889658798,Wind,2012,Trait.PC2
Intercept,Wind.Exposure,Unexposed,-0.019161770470584087,0.3300589487754183,-0.10296258792602853,0.06055877910293271,-0.7542337722395316,0.7522021019151295,Wind,2012,Trait.PC2
Intercept,Ant.mound.dist,1,0.034220321527923175,0.36693814425812277,-0.10464763904760739,0.16909140527372912,-0.7331407267198571,0.8883311267124043,Ant-Aphid,2012,Trait.PC1
Intercept,Ant.mound.dist,6,-0.06907347544248899,0.3661012439335589,-0.2014714639972728,0.0774241972309789,-0.9439078634518688,0.6427237374599424,Ant-Aphid,2012,Trait.PC1
Intercept,Ant.mound.dist,12,0.035238708169603825,0.36738435198210406,-0.1011679242961258,0.1735493697342571,-0.7216913252264426,0.8975201853188155,Ant-Aphid,2012,Trait.PC1
Intercept,Aphid.treatment,aphid,-0.07076018001523027,0.47232938646764144,-0.18940167909581412,0.07956606920910657,-1.1566548261529568,0.8821109061985537,Ant-Aphid,2012,Trait.PC1
Intercept,Aphid.treatment,none,0.018055607234564234,0.4696849021436706,-0.10516689486815287,0.17940145524539283,-1.0266595038183879,0.9844362641600988,Ant-Aphid,2012,Trait.PC1
Intercept,Aphid.treatment:Ant.mound.dist,aphid_1,0.02015553619007404,0.17360178876328317,-0.04408825429931705,0.07801998302769353,-0.322520180665636,0.4202507683514247,Ant-Aphid,2012,Trait.PC1
Intercept,Aphid.treatment:Ant.mound.dist,aphid_12,0.005571715498125631,0.17903702561540052,-0.056824841192360476,0.06484629625627235,-0.36601524921150547,0.39286553913228467,Ant-Aphid,2012,Trait.PC1
Intercept,Aphid.treatment:Ant.mound.dist,aphid_6,-0.053254287248564534,0.17849442139984636,-0.11823585234747906,0.023658603861776963,-0.5040439910753881,0.2484641771387022,Ant-Aphid,2012,Trait.PC1
Intercept,Aphid.treatment:Ant.mound.dist,none_1,-0.01088969654463939,0.17540571394563262,-0.07751684935975554,0.04837372099764587,-0.3799774334073774,0.3515765692003096,Ant-Aphid,2012,Trait.PC1
Intercept,Aphid.treatment:Ant.mound.dist,none_12,0.006490203935324825,0.1850316839017382,-0.06011355625216465,0.06610995189691042,-0.3552275088885367,0.40546527728272913,Ant-Aphid,2012,Trait.PC1
Intercept,Aphid.treatment:Ant.mound.dist,none_6,0.02790666274484439,0.18081750129670918,-0.034261168220494756,0.09036834508499232,-0.3738644109674051,0.4438058734964685,Ant-Aphid,2012,Trait.PC1
Intercept,Block,1,-0.3184085722035517,0.4421224139068017,-0.5712253275225319,-0.010895159252910555,-1.3369005069584499,0.39882185106077817,Ant-Aphid,2012,Trait.PC1
Intercept,Block,2,0.34498721051701264,0.44260730050630465,0.029655923526830826,0.5986579656803173,-0.3987331460588976,1.3393223112525945,Ant-Aphid,2012,Trait.PC1
Intercept,Block,3,-0.222744227286427,0.41990955691916626,-0.46275660616646996,0.02349510663188592,-1.136409863552154,0.5557153694108203,Ant-Aphid,2012,Trait.PC1
Intercept,Block,4,-0.13487614932043548,0.3995157457327662,-0.3566208815037743,0.0822057094182078,-1.0164214091060044,0.6203687310055139,Ant-Aphid,2012,Trait.PC1
Intercept,Block,5,0.29344049531163346,0.41629194863358504,0.011342101795240285,0.5490771259299083,-0.4026029731968367,1.2164852567645912,Ant-Aphid,2012,Trait.PC1
Intercept,Genotype,F,-0.3071588810207447,0.2823338478778739,-0.49032774184283623,-0.10869981530375841,-0.8790634546275444,0.21910872929436698,Ant-Aphid,2012,Trait.PC1
Intercept,Genotype,G,-0.6277700054439472,0.32094541766731344,-0.8378065157700733,-0.427128442294499,-1.2602285203545767,0.015161735340027342,Ant-Aphid,2012,Trait.PC1
Intercept,Genotype,I,-0.33461229665456466,0.2792663759246655,-0.5212844600198554,-0.14598751786690284,-0.8912552690228182,0.17349016141975931,Ant-Aphid,2012,Trait.PC1
Intercept,Genotype,J,0.2088550341184958,0.2757410775495857,0.01822215017382809,0.38719251430406154,-0.3135138732638585,0.7783775014906259,Ant-Aphid,2012,Trait.PC1
Intercept,Genotype,L,0.4330513885802692,0.29082764162848274,0.23047334953902585,0.6258496379626312,-0.10001360677672966,1.0103237686972695,Ant-Aphid,2012,Trait.PC1
Intercept,Genotype,S,0.19823768622617874,0.27231752443741963,0.014940160321188013,0.3752625286605921,-0.29929543904142797,0.7393892507120576,Ant-Aphid,2012,Trait.PC1
Intercept,Genotype,T,0.2604340282407365,0.27537295529240646,0.07445333908421511,0.4397526587962722,-0.2646661572208822,0.831523330675403,Ant-Aphid,2012,Trait.PC1
Intercept,Genotype,U,-0.13363059669402727,0.26103633155199096,-0.3051620062468437,0.03513630213537494,-0.6644938390746681,0.38047338558949667,Ant-Aphid,2012,Trait.PC1
Intercept,Genotype,W,0.4786144416115825,0.29642193463215527,0.27678865532810637,0.6691617030921339,-0.07373073247161603,1.0758052107452925,Ant-Aphid,2012,Trait.PC1
Intercept,Genotype,X,-0.17045909540399856,0.2714996815804756,-0.344744603588079,0.008505412203193898,-0.7322960153232737,0.3482209964491519,Ant-Aphid,2012,Trait.PC1
Intercept,Genotype:Ant.mound.dist,F_1,-0.011905966907977275,0.12265118297789634,-0.057482938237008036,0.04092923596751822,-0.29420001620899333,0.23432758538761372,Ant-Aphid,2012,Trait.PC1
Intercept,Genotype:Ant.mound.dist,F_12,-0.021113041163788836,0.1274649011385404,-0.06948354581819167,0.03611517381943842,-0.32138295478361234,0.22973421910782904,Ant-Aphid,2012,Trait.PC1
Intercept,Genotype:Ant.mound.dist,F_6,-0.0012134446047991872,0.13044582206530062,-0.04983646730495998,0.054113961986326356,-0.2924862304373151,0.2636892253313292,Ant-Aphid,2012,Trait.PC1
Intercept,Genotype:Ant.mound.dist,G_1,-0.06920147148788162,0.1531674622215926,-0.1181043353093786,0.011885935891357165,-0.47643162579273135,0.15316144329645978,Ant-Aphid,2012,Trait.PC1
Intercept,Genotype:Ant.mound.dist,G_12,0.00689669788960807,0.12090504075707327,-0.041312648314363536,0.056094848513770834,-0.2697530826082247,0.2811074852452103,Ant-Aphid,2012,Trait.PC1
Intercept,Genotype:Ant.mound.dist,G_6,0.0021312527254599995,0.12977859950260492,-0.045643362289098606,0.05171850285572109,-0.2898984307604849,0.3040861175630678,Ant-Aphid,2012,Trait.PC1
Intercept,Genotype:Ant.mound.dist,I_1,-0.01581097900820514,0.1259486270131083,-0.06423395241741735,0.037730335815239296,-0.3136194260527389,0.23928652877277598,Ant-Aphid,2012,Trait.PC1
Intercept,Genotype:Ant.mound.dist,I_12,0.008306638298857468,0.1231728379276406,-0.04062087163890307,0.05790777587837017,-0.24967314185670103,0.27926473383748424,Ant-Aphid,2012,Trait.PC1
Intercept,Genotype:Ant.mound.dist,I_6,-0.028827467147307745,0.130898189069366,-0.07463260516350165,0.029651861131174774,-0.3605814187738818,0.21161311229773694,Ant-Aphid,2012,Trait.PC1
Intercept,Genotype:Ant.mound.dist,J_1,-0.006237108002026656,0.12634522892999145,-0.05437296570475168,0.044160189818578444,-0.28676625016057455,0.2624221924020719,Ant-Aphid,2012,Trait.PC1
Intercept,Genotype:Ant.mound.dist,J_12,0.02947584989708058,0.13708884250133369,-0.03193346406751496,0.07637007087159041,-0.21751571803374778,0.3757530759114731,Ant-Aphid,2012,Trait.PC1
Intercept,Genotype:Ant.mound.dist,J_6,-0.0013356542828284249,0.1301757143301098,-0.051295475811772795,0.04839301983722856,-0.2948298900861471,0.28011109004638707,Ant-Aphid,2012,Trait.PC1
Intercept,Genotype:Ant.mound.dist,L_1,0.05646537573938921,0.14246007745868558,-0.01686262937796484,0.10926648627655643,-0.17111679208893862,0.4328347716359324,Ant-Aphid,2012,Trait.PC1
Intercept,Genotype:Ant.mound.dist,L_12,-0.03078944986233639,0.13275979785872358,-0.07915754127133404,0.026652525281464806,-0.34542798344666736,0.21142484706353437,Ant-Aphid,2012,Trait.PC1
Intercept,Genotype:Ant.mound.dist,L_6,0.019648492895008335,0.12969581592615126,-0.03575975965076122,0.06987533124452248,-0.23500933522762366,0.3157263592345719,Ant-Aphid,2012,Trait.PC1
Intercept,Genotype:Ant.mound.dist,S_1,-0.019628330338005474,0.1321780130673666,-0.06746593157146914,0.03602671737641517,-0.33197530244850754,0.23059319386477778,Ant-Aphid,2012,Trait.PC1
Intercept,Genotype:Ant.mound.dist,S_12,0.02838537257307636,0.13090520926402974,-0.027864346204823615,0.07622864625676389,-0.2226764759731514,0.34110696726456735,Ant-Aphid,2012,Trait.PC1
Intercept,Genotype:Ant.mound.dist,S_6,0.011126285551238485,0.12258530051063353,-0.0409123633357583,0.05557797065366069,-0.2301048044076366,0.2893128564528646,Ant-Aphid,2012,Trait.PC1
Intercept,Genotype:Ant.mound.dist,T_1,-0.02089101370153786,0.12408129086801745,-0.06796713559502099,0.03215860608127735,-0.3136346790782497,0.2326038126204651,Ant-Aphid,2012,Trait.PC1
Intercept,Genotype:Ant.mound.dist,T_12,0.029014822404197983,0.134711430459216,-0.02889851393584917,0.0772901933561252,-0.21976142705461824,0.3626112622864288,Ant-Aphid,2012,Trait.PC1
Intercept,Genotype:Ant.mound.dist,T_6,0.02586567641152937,0.1335091450360545,-0.03201171822288644,0.06659405937638543,-0.21602429834947617,0.35205695197591097,Ant-Aphid,2012,Trait.PC1
Intercept,Genotype:Ant.mound.dist,U_1,0.022522626112175523,0.13232320618177681,-0.034238202367551804,0.07043198905398658,-0.23318121748725293,0.3363939934570712,Ant-Aphid,2012,Trait.PC1
Intercept,Genotype:Ant.mound.dist,U_12,-0.0369813694620258,0.13659264194988993,-0.08850996075412806,0.025620045187660742,-0.39696400505474494,0.20233839837814316,Ant-Aphid,2012,Trait.PC1
Intercept,Genotype:Ant.mound.dist,U_6,-3.656882638573309e-4,0.12677045454577202,-0.05177907021119089,0.05027663603146422,-0.27594839029437745,0.27302273402995964,Ant-Aphid,2012,Trait.PC1
Intercept,Genotype:Ant.mound.dist,W_1,0.020920436754524416,0.13542442183301126,-0.03611892665648045,0.06587753171961316,-0.22551169690277617,0.3548172711001419,Ant-Aphid,2012,Trait.PC1
Intercept,Genotype:Ant.mound.dist,W_12,-0.005243963198821721,0.12762497300890116,-0.05561205622717233,0.04142358316819716,-0.2803677599701128,0.2716344845113915,Ant-Aphid,2012,Trait.PC1
Intercept,Genotype:Ant.mound.dist,W_6,0.03264934410854982,0.1359166922398669,-0.027962206865535078,0.07832025341677859,-0.21262237477136894,0.3656520735562747,Ant-Aphid,2012,Trait.PC1
Intercept,Genotype:Ant.mound.dist,X_1,0.050674239552245925,0.1351719765180192,-0.016791889066845485,0.10016227020730739,-0.16411196369294095,0.3875321211411213,Ant-Aphid,2012,Trait.PC1
Intercept,Genotype:Ant.mound.dist,X_12,-0.0015113394501538987,0.12607722845216854,-0.0487005938399457,0.048743454014190966,-0.28274077959162736,0.2657837568400514,Ant-Aphid,2012,Trait.PC1
Intercept,Genotype:Ant.mound.dist,X_6,-0.06190974830306253,0.15077841679487503,-0.10657142661510699,0.0132096865988582,-0.45977462164898564,0.16398154563115855,Ant-Aphid,2012,Trait.PC1
Intercept,Genotype:Aphid.treatment,F_aphid,-0.09719361863112927,0.21003515102425535,-0.1904745967386269,0.02017541349240091,-0.6304991478971398,0.24126237922469762,Ant-Aphid,2012,Trait.PC1
Intercept,Genotype:Aphid.treatment,F_none,0.001422804141559255,0.1906005045853038,-0.07915156638367678,0.08811377507459152,-0.430832094960526,0.39406717773987004,Ant-Aphid,2012,Trait.PC1
Intercept,Genotype:Aphid.treatment,G_aphid,-0.049402471356497404,0.21245150390453368,-0.13047221093445283,0.057724429565065676,-0.6163954660680596,0.31749995165551775,Ant-Aphid,2012,Trait.PC1
Intercept,Genotype:Aphid.treatment,G_none,-0.1346010223482934,0.24267714557326767,-0.23744516510221603,0.009016002040445125,-0.7872767461678546,0.21390743561802375,Ant-Aphid,2012,Trait.PC1
Intercept,Genotype:Aphid.treatment,I_aphid,-0.016508512836687687,0.1899332774971242,-0.09748983781866676,0.07326812333081703,-0.44965950275999905,0.35798017878830535,Ant-Aphid,2012,Trait.PC1
Intercept,Genotype:Aphid.treatment,I_none,-0.08290834093199347,0.20289934664720535,-0.17533227812292007,0.02536467252067017,-0.5705692587216863,0.272136842883424,Ant-Aphid,2012,Trait.PC1
Intercept,Genotype:Aphid.treatment,J_aphid,0.0839163967176624,0.20625456464691894,-0.026801271567134567,0.17501842561329115,-0.28042325841751004,0.5989375476109718,Ant-Aphid,2012,Trait.PC1
Intercept,Genotype:Aphid.treatment,J_none,-0.017356018648736295,0.18905184687695326,-0.10655204849824132,0.06549717276757258,-0.4114697752304718,0.39768614110112493,Ant-Aphid,2012,Trait.PC1
Intercept,Genotype:Aphid.treatment,L_aphid,-0.08590837633143847,0.19106164984804688,-0.1805389465654454,0.012178251323327649,-0.5226044259990026,0.27024110899023485,Ant-Aphid,2012,Trait.PC1
Intercept,Genotype:Aphid.treatment,L_none,0.21369326381559228,0.2710034298034422,0.015071765501373315,0.3517238004079732,-0.11759274629641614,0.9095586945244509,Ant-Aphid,2012,Trait.PC1
Intercept,Genotype:Aphid.treatment,S_aphid,0.01860428453486189,0.18647067324555422,-0.07140270451597763,0.10058607192167368,-0.35721413899846893,0.4484435826744644,Ant-Aphid,2012,Trait.PC1
Intercept,Genotype:Aphid.treatment,S_none,0.03280946858997807,0.19282321325005627,-0.06548895885732246,0.11975253021837062,-0.33452406045911126,0.48352265868584476,Ant-Aphid,2012,Trait.PC1
Intercept,Genotype:Aphid.treatment,T_aphid,0.09848738302499076,0.210812955826298,-0.018176243481591026,0.18899330335547465,-0.23988666390710348,0.6370791838003191,Ant-Aphid,2012,Trait.PC1
Intercept,Genotype:Aphid.treatment,T_none,-0.018765784027939054,0.19290583349711304,-0.11363535275705362,0.06736927987601682,-0.4421779135913517,0.4089275890146856,Ant-Aphid,2012,Trait.PC1
Intercept,Genotype:Aphid.treatment,U_aphid,-0.0911905752679509,0.19335363542437564,-0.18405113098990752,0.015830281525655215,-0.5605528836754964,0.2387843096542966,Ant-Aphid,2012,Trait.PC1
Intercept,Genotype:Aphid.treatment,U_none,0.05075915624077007,0.18948169406224435,-0.0444057481601757,0.14177341195299847,-0.3185211612072748,0.48935285417274904,Ant-Aphid,2012,Trait.PC1
Intercept,Genotype:Aphid.treatment,W_aphid,0.0991766656953961,0.2211555313554314,-0.02336022135696,0.19006602502134384,-0.24544934153618211,0.667438570618977,Ant-Aphid,2012,Trait.PC1
Intercept,Genotype:Aphid.treatment,W_none,0.03896836665721202,0.20776403972538615,-0.06277373196627223,0.11947634244282314,-0.33829496662382014,0.5609937741754881,Ant-Aphid,2012,Trait.PC1
Intercept,Genotype:Aphid.treatment,X_aphid,-0.01863255274993437,0.1823160526757147,-0.1006816969966146,0.07010772743814658,-0.44034628633725686,0.35498243225439835,Ant-Aphid,2012,Trait.PC1
Intercept,Genotype:Aphid.treatment,X_none,-0.030568124271433357,0.19504299998759048,-0.12019223013089017,0.06338919237925221,-0.4657726966484718,0.3591437814194682,Ant-Aphid,2012,Trait.PC1
Intercept,Genotype:Aphid.treatment:Ant.mound.dist,F_aphid_1,-0.015886827770454248,0.12035155571677984,-0.06196104813146721,0.03539089629068092,-0.30615759282316174,0.23146038279948214,Ant-Aphid,2012,Trait.PC1
Intercept,Genotype:Aphid.treatment:Ant.mound.dist,F_aphid_12,-0.009160818239263445,0.12682067690879129,-0.05795326195934047,0.04700105449752152,-0.2952668324238424,0.24257322995290148,Ant-Aphid,2012,Trait.PC1
Intercept,Genotype:Aphid.treatment:Ant.mound.dist,F_aphid_6,-0.00879157028971319,0.1280266059437572,-0.057558409454778955,0.04600853195911723,-0.3085576023386431,0.24707658178130676,Ant-Aphid,2012,Trait.PC1
Intercept,Genotype:Aphid.treatment:Ant.mound.dist,F_none_1,0.006660836075177089,0.12254601351694379,-0.045854765721088,0.05496459716406499,-0.24840166050121515,0.27747407313390143,Ant-Aphid,2012,Trait.PC1
Intercept,Genotype:Aphid.treatment:Ant.mound.dist,F_none_12,-0.0073768094108432256,0.12464125551265132,-0.05709886431532455,0.041491167624677916,-0.2774404174545407,0.26607902322594273,Ant-Aphid,2012,Trait.PC1
Intercept,Genotype:Aphid.treatment:Ant.mound.dist,F_none_6,0.011942014176296577,0.12304892335464394,-0.04049008134929507,0.05989339133100163,-0.24260928542367455,0.30255672320649846,Ant-Aphid,2012,Trait.PC1
Intercept,Genotype:Aphid.treatment:Ant.mound.dist,G_aphid_1,-0.037227561365447505,0.13258816119178798,-0.08401675462012109,0.02447233508436538,-0.37513648049266596,0.1895001993144787,Ant-Aphid,2012,Trait.PC1
Intercept,Genotype:Aphid.treatment:Ant.mound.dist,G_aphid_12,0.020756751318332656,0.12515316311352317,-0.03587205567820928,0.06890188721950288,-0.22957181658540496,0.31379235919098436,Ant-Aphid,2012,Trait.PC1
Intercept,Genotype:Aphid.treatment:Ant.mound.dist,G_aphid_6,0.009357758083591499,0.12443543108943843,-0.041099460545518766,0.0611581219692809,-0.25907730571338816,0.2888036467902608,Ant-Aphid,2012,Trait.PC1
Intercept,Genotype:Aphid.treatment:Ant.mound.dist,G_none_1,-0.02931035301038927,0.12696569146775857,-0.0759962309246863,0.030529392791205298,-0.33788657123372823,0.19606898526831215,Ant-Aphid,2012,Trait.PC1
Intercept,Genotype:Aphid.treatment:Ant.mound.dist,G_none_12,-0.01403714606593748,0.12385886149635135,-0.061446693227066945,0.038964211496859844,-0.2864198529408357,0.22804592851322295,Ant-Aphid,2012,Trait.PC1
Intercept,Genotype:Aphid.treatment:Ant.mound.dist,G_none_6,-0.00609230197165951,0.12258487624268956,-0.05433409745576673,0.0435892366737382,-0.2854264120659913,0.257623004165336,Ant-Aphid,2012,Trait.PC1
Intercept,Genotype:Aphid.treatment:Ant.mound.dist,I_aphid_1,0.003146255869380128,0.12623282852524706,-0.04691927154796774,0.05434524418601783,-0.28008116871567473,0.28202579126876154,Ant-Aphid,2012,Trait.PC1
Intercept,Genotype:Aphid.treatment:Ant.mound.dist,I_aphid_12,0.0010548482818716377,0.1202574434914007,-0.044809205568580375,0.047542010381494346,-0.25886672320165344,0.27219388502842284,Ant-Aphid,2012,Trait.PC1
Intercept,Genotype:Aphid.treatment:Ant.mound.dist,I_aphid_6,-0.002502483603596176,0.12308434210074223,-0.053250835407298955,0.04805363391920692,-0.2783578668817052,0.26128291495903216,Ant-Aphid,2012,Trait.PC1
Intercept,Genotype:Aphid.treatment:Ant.mound.dist,I_none_1,-0.015259709068009763,0.12462469704474796,-0.06137767785747713,0.04157458044611697,-0.31659330270097064,0.22012768594206164,Ant-Aphid,2012,Trait.PC1
Intercept,Genotype:Aphid.treatment:Ant.mound.dist,I_none_12,0.01050872281392977,0.12847077741266755,-0.04288250671878445,0.0578827054068172,-0.24281906747890128,0.29771620955437855,Ant-Aphid,2012,Trait.PC1
Intercept,Genotype:Aphid.treatment:Ant.mound.dist,I_none_6,-0.024851255749591843,0.1256650349865593,-0.07355045410293488,0.03135381231841116,-0.31784769140664165,0.2118915161063774,Ant-Aphid,2012,Trait.PC1
Intercept,Genotype:Aphid.treatment:Ant.mound.dist,J_aphid_1,0.01708861564983711,0.12581356890151796,-0.03657214776604714,0.0643611589222158,-0.2339278939128218,0.3175841322750781,Ant-Aphid,2012,Trait.PC1
Intercept,Genotype:Aphid.treatment:Ant.mound.dist,J_aphid_12,-0.0039585328950890565,0.12271724631304286,-0.0540443906864606,0.04312171326866168,-0.2724993729446621,0.2650418273106427,Ant-Aphid,2012,Trait.PC1
Intercept,Genotype:Aphid.treatment:Ant.mound.dist,J_aphid_6,0.02027470127554205,0.13374218931095072,-0.0360292383525189,0.06601215904644289,-0.2259664187208037,0.35259973124989563,Ant-Aphid,2012,Trait.PC1
Intercept,Genotype:Aphid.treatment:Ant.mound.dist,J_none_1,-0.020274238694730082,0.13048573391962517,-0.06948305859452789,0.03884514802917303,-0.33024224089935006,0.24191926162175542,Ant-Aphid,2012,Trait.PC1
Intercept,Genotype:Aphid.treatment:Ant.mound.dist,J_none_12,0.028898156984322257,0.1245839310465249,-0.029459925018492154,0.0752427281010339,-0.20259369119551782,0.33513429907582404,Ant-Aphid,2012,Trait.PC1
Intercept,Genotype:Aphid.treatment:Ant.mound.dist,J_none_6,-0.021728352674091754,0.1256183048969487,-0.0710134677055056,0.033097651760236844,-0.337195196215598,0.22460369789739473,Ant-Aphid,2012,Trait.PC1
Intercept,Genotype:Aphid.treatment:Ant.mound.dist,L_aphid_1,0.013833227540820498,0.12422280518472352,-0.03886426485942261,0.06327290431390131,-0.23825559547833666,0.31100339595855486,Ant-Aphid,2012,Trait.PC1
Intercept,Genotype:Aphid.treatment:Ant.mound.dist,L_aphid_12,-0.03466207253395048,0.12581108545072114,-0.0833829352952275,0.02525523866931462,-0.3495671160934781,0.18974916035753636,Ant-Aphid,2012,Trait.PC1
Intercept,Genotype:Aphid.treatment:Ant.mound.dist,L_aphid_6,-0.030681885143937982,0.12615661467832956,-0.07656600612622758,0.025624498994826637,-0.35123831475223666,0.19512889623420065,Ant-Aphid,2012,Trait.PC1
Intercept,Genotype:Aphid.treatment:Ant.mound.dist,L_none_1,0.04092432149205575,0.1362222771387935,-0.023704462641736396,0.09198599031563143,-0.18858995002948695,0.3807382285572794,Ant-Aphid,2012,Trait.PC1
Intercept,Genotype:Aphid.treatment:Ant.mound.dist,L_none_12,0.0014399107191875953,0.12565082593908158,-0.050302981502257954,0.05067235590573125,-0.2734847879571186,0.27237383988155756,Ant-Aphid,2012,Trait.PC1
Intercept,Genotype:Aphid.treatment:Ant.mound.dist,L_none_6,0.048533628301650394,0.13235046622007998,-0.017399770424938715,0.09975376740307523,-0.16184551735846364,0.3757325409048603,Ant-Aphid,2012,Trait.PC1
Intercept,Genotype:Aphid.treatment:Ant.mound.dist,S_aphid_1,-0.006316809175699386,0.12303757747017377,-0.05417480634325019,0.045776754627150085,-0.2857637547405767,0.25567397160865146,Ant-Aphid,2012,Trait.PC1
Intercept,Genotype:Aphid.treatment:Ant.mound.dist,S_aphid_12,-0.010890351569373383,0.12127690048911814,-0.05732151937948442,0.04149143946125561,-0.29170291522324093,0.22490870901426657,Ant-Aphid,2012,Trait.PC1
Intercept,Genotype:Aphid.treatment:Ant.mound.dist,S_aphid_6,0.020503152313825834,0.13145075711354504,-0.03587733560716277,0.06814485661898377,-0.23189594008537268,0.33509300045912765,Ant-Aphid,2012,Trait.PC1
Intercept,Genotype:Aphid.treatment:Ant.mound.dist,S_none_1,-0.013994521113919122,0.1263540536619826,-0.05858370164161867,0.036990151449977665,-0.3145534706151043,0.24019460298238737,Ant-Aphid,2012,Trait.PC1
Intercept,Genotype:Aphid.treatment:Ant.mound.dist,S_none_12,0.037060301914496635,0.13035353078036185,-0.025422564920669546,0.08431487132671203,-0.1904142426376264,0.37258605858302,Ant-Aphid,2012,Trait.PC1
Intercept,Genotype:Aphid.treatment:Ant.mound.dist,S_none_6,-0.010028620885741255,0.12169944004128068,-0.05924182205436691,0.03845743539163546,-0.27587844631586034,0.24120048077960607,Ant-Aphid,2012,Trait.PC1
Intercept,Genotype:Aphid.treatment:Ant.mound.dist,T_aphid_1,-0.03285980488708795,0.12776352162857815,-0.08025880119191994,0.026152601310809077,-0.34669362248986973,0.19724348271078415,Ant-Aphid,2012,Trait.PC1
Intercept,Genotype:Aphid.treatment:Ant.mound.dist,T_aphid_12,0.04780335457752979,0.1361877007104919,-0.01961577443052543,0.09644190028863928,-0.17753789204088732,0.39440316976352674,Ant-Aphid,2012,Trait.PC1
Intercept,Genotype:Aphid.treatment:Ant.mound.dist,T_aphid_6,0.029358513045865717,0.13102924582789724,-0.026513302776770106,0.07331295746868526,-0.2129156618084996,0.34382237068013566,Ant-Aphid,2012,Trait.PC1
Intercept,Genotype:Aphid.treatment:Ant.mound.dist,T_none_1,0.008072828742932511,0.12113210567442119,-0.04188964062910632,0.054817284736383684,-0.24339219812091673,0.27328615792621413,Ant-Aphid,2012,Trait.PC1
Intercept,Genotype:Aphid.treatment:Ant.mound.dist,T_none_12,-0.01538122215387481,0.1250721207104495,-0.064783138767524,0.03524465152037682,-0.3059870552355605,0.2324119611969559,Ant-Aphid,2012,Trait.PC1
Intercept,Genotype:Aphid.treatment:Ant.mound.dist,T_none_6,-0.010765318795994515,0.1217890058982601,-0.05884003492167219,0.04169053610538993,-0.29855150471652175,0.233723495569231,Ant-Aphid,2012,Trait.PC1
Intercept,Genotype:Aphid.treatment:Ant.mound.dist,U_aphid_1,0.01377931922238582,0.12216343418453618,-0.03756801419645994,0.0609278034711338,-0.2447496332738661,0.29465149593469103,Ant-Aphid,2012,Trait.PC1
Intercept,Genotype:Aphid.treatment:Ant.mound.dist,U_aphid_12,-0.020748110238912484,0.12785084895459187,-0.06715194175183181,0.03586617435492917,-0.3341852668679004,0.22806878179780105,Ant-Aphid,2012,Trait.PC1
Intercept,Genotype:Aphid.treatment:Ant.mound.dist,U_aphid_6,-0.028769107303343866,0.12622018440766544,-0.07314939422430743,0.02911145802703623,-0.3399345622469191,0.20706187461424613,Ant-Aphid,2012,Trait.PC1
Intercept,Genotype:Aphid.treatment:Ant.mound.dist,U_none_1,0.00842451222936107,0.12452801515504287,-0.04315008718355539,0.05907226406168085,-0.2565822283888436,0.29467253811267474,Ant-Aphid,2012,Trait.PC1
Intercept,Genotype:Aphid.treatment:Ant.mound.dist,U_none_12,-0.013762042531157332,0.12389819045892186,-0.05914605848318138,0.03971668927947365,-0.3067451318651183,0.23047580818887747,Ant-Aphid,2012,Trait.PC1
Intercept,Genotype:Aphid.treatment:Ant.mound.dist,U_none_6,0.026063394021651434,0.12612135305963337,-0.02914525084750992,0.07456452632647065,-0.21075325679577472,0.32957677280112396,Ant-Aphid,2012,Trait.PC1
Intercept,Genotype:Aphid.treatment:Ant.mound.dist,W_aphid_1,0.040256984379898705,0.13685447459877062,-0.02447691951643004,0.08617953485688279,-0.18921474623891374,0.3869807823347139,Ant-Aphid,2012,Trait.PC1
Intercept,Genotype:Aphid.treatment:Ant.mound.dist,W_aphid_12,0.003061590761766035,0.12141725549191906,-0.043775309300558646,0.052128066350300026,-0.27258935107788185,0.2675509282476146,Ant-Aphid,2012,Trait.PC1
Intercept,Genotype:Aphid.treatment:Ant.mound.dist,W_aphid_6,-6.695617163898563e-4,0.12430013322495494,-0.054378784978510564,0.04943683626352486,-0.26685167416821903,0.28021929205995594,Ant-Aphid,2012,Trait.PC1
Intercept,Genotype:Aphid.treatment:Ant.mound.dist,W_none_1,-0.01676669245856536,0.12891737333941305,-0.0679130105799282,0.03821411407479309,-0.3189338562490691,0.2430044391380607,Ant-Aphid,2012,Trait.PC1
Intercept,Genotype:Aphid.treatment:Ant.mound.dist,W_none_12,-0.009371868828751632,0.12434032419090596,-0.05986629733770653,0.04206050923303766,-0.2759185745397016,0.261713440058467,Ant-Aphid,2012,Trait.PC1
Intercept,Genotype:Aphid.treatment:Ant.mound.dist,W_none_6,0.033533737520544026,0.1299952762843812,-0.024174925225923696,0.07880384255643963,-0.19514282136201005,0.34640269463792267,Ant-Aphid,2012,Trait.PC1
Intercept,Genotype:Aphid.treatment:Ant.mound.dist,X_aphid_1,0.030202792039139493,0.12763926127221747,-0.02825011218937583,0.0771371093872601,-0.20165204389549443,0.3406151328290634,Ant-Aphid,2012,Trait.PC1
Intercept,Genotype:Aphid.treatment:Ant.mound.dist,X_aphid_12,0.01101292159413739,0.12565606580027674,-0.042325273197388866,0.05843112511419177,-0.24199699910943442,0.3018653622891039,Ant-Aphid,2012,Trait.PC1
Intercept,Genotype:Aphid.treatment:Ant.mound.dist,X_aphid_6,-0.04631182586586435,0.13555971128539415,-0.0960886897566017,0.020240744867811165,-0.4053758767042917,0.1803227695669659,Ant-Aphid,2012,Trait.PC1
Intercept,Genotype:Aphid.treatment:Ant.mound.dist,X_none_1,0.016000786687865566,0.12538348540048702,-0.0378641083223557,0.06447449757403309,-0.2332626638598117,0.3062488345254421,Ant-Aphid,2012,Trait.PC1
Intercept,Genotype:Aphid.treatment:Ant.mound.dist,X_none_12,-0.013012408327163296,0.12539123338849092,-0.06261709483771416,0.038618367939187215,-0.28822151625396364,0.2424241212081924,Ant-Aphid,2012,Trait.PC1
Intercept,Genotype:Aphid.treatment:Ant.mound.dist,X_none_6,-0.012675011181594517,0.12380628750338714,-0.058411132370651445,0.03854470667699042,-0.31231576765162866,0.2387180737421481,Ant-Aphid,2012,Trait.PC1
Intercept,Plot_code,1_1,0.7218627142749356,0.4610252654011558,0.4311015309268698,1.0236159489576977,-0.20142972000656587,1.6470903297104103,Ant-Aphid,2012,Trait.PC1
Intercept,Plot_code,1_12,-0.6434376819116365,0.47803212955841645,-0.9674724715241239,-0.32591198095005924,-1.546675106568145,0.30190004560704836,Ant-Aphid,2012,Trait.PC1
Intercept,Plot_code,1_6,-0.9693912054224104,0.4800014718972303,-1.2791510171836065,-0.653492928797911,-1.907073755463779,-0.0038215507464951543,Ant-Aphid,2012,Trait.PC1
Intercept,Plot_code,2_1,0.43117553431491423,0.47440920002551645,0.11110641339053956,0.7427639877056026,-0.5029676857174876,1.3596612691769125,Ant-Aphid,2012,Trait.PC1
Intercept,Plot_code,2_12,0.2570450850231019,0.47654253268017954,-0.05339797059548943,0.5735223846957126,-0.7046636652715923,1.1868206443328404,Ant-Aphid,2012,Trait.PC1
Intercept,Plot_code,2_6,0.2884611255323088,0.47627944692497626,-0.029393966964359246,0.587623864937546,-0.6447256064676867,1.2359270620504321,Ant-Aphid,2012,Trait.PC1
Intercept,Plot_code,3_1,-0.3420372221825691,0.4521160451525449,-0.6257119121832742,-0.049614437194569726,-1.2415939547496,0.545971565186263,Ant-Aphid,2012,Trait.PC1
Intercept,Plot_code,3_12,-0.8255017246317812,0.45853010877721273,-1.135040452783627,-0.5222850418573803,-1.7346560477590844,0.035489465616038475,Ant-Aphid,2012,Trait.PC1
Intercept,Plot_code,3_6,0.5416296113219714,0.4467997063461969,0.2561856228421421,0.8313562423445784,-0.3520290807459223,1.433108983320236,Ant-Aphid,2012,Trait.PC1
Intercept,Plot_code,4_1,-0.4306503908883019,0.4347749094716373,-0.707722157334313,-0.1434796549710703,-1.3073191654392162,0.4040573896738992,Ant-Aphid,2012,Trait.PC1
Intercept,Plot_code,4_12,0.29321240167044427,0.439781953744205,0.012599950856632437,0.5689831381784068,-0.5668669217494132,1.181539789134592,Ant-Aphid,2012,Trait.PC1
Intercept,Plot_code,4_6,-0.23404942907691378,0.44439006925939756,-0.5212541798225686,0.04826679793987202,-1.1300158073336946,0.6812781808271355,Ant-Aphid,2012,Trait.PC1
Intercept,Plot_code,5_1,-0.22082203963402292,0.4596907235451235,-0.5326865557436239,0.084791320879041,-1.126103661086942,0.6748259285078352,Ant-Aphid,2012,Trait.PC1
Intercept,Plot_code,5_12,1.1281368616585288,0.47994784889045944,0.7995080253064522,1.4404530455191524,0.1981458972281663,2.0711698700648586,Ant-Aphid,2012,Trait.PC1
Intercept,Plot_code,5_6,-0.03582219717384959,0.46969161284451366,-0.34870543051677083,0.2841039544018282,-0.945423711356902,0.8964014907001425,Ant-Aphid,2012,Trait.PC1
Intercept,Ant.mound.dist,1,-0.0031209249983104453,0.24858935820081107,-0.07928503065544562,0.06971573205238754,-0.5158908861088428,0.5082572223473962,Ant-Aphid,2012,Trait.PC2
Intercept,Ant.mound.dist,6,0.0055905090803157875,0.2477598750944752,-0.06935513732729101,0.08500768350030015,-0.5212745317538723,0.5428894393087517,Ant-Aphid,2012,Trait.PC2
Intercept,Ant.mound.dist,12,-3.140626275332186e-4,0.2470156669495646,-0.07565293382291502,0.07686402152533996,-0.5153539045299137,0.51731849614958,Ant-Aphid,2012,Trait.PC2
Intercept,Aphid.treatment,aphid,-0.013361460255642828,0.4304267109649103,-0.14690988222312837,0.1138618660434217,-0.8999962683570244,0.924640868874564,Ant-Aphid,2012,Trait.PC2
Intercept,Aphid.treatment,none,0.029082089943940306,0.43169741588978305,-0.09711243153872781,0.15157481439897974,-0.8431514212860548,0.9736767490297484,Ant-Aphid,2012,Trait.PC2
Intercept,Aphid.treatment:Ant.mound.dist,aphid_1,0.050208164639993634,0.18833291492243412,-0.03561644839014425,0.12605571682567884,-0.29501730719881186,0.4956824440323726,Ant-Aphid,2012,Trait.PC2
Intercept,Aphid.treatment:Ant.mound.dist,aphid_12,0.023316882350561067,0.1855533070582321,-0.05371967251879872,0.10296465352148039,-0.3573554038562036,0.4451262234099518,Ant-Aphid,2012,Trait.PC2
Intercept,Aphid.treatment:Ant.mound.dist,aphid_6,-0.09162475309384248,0.1921919416204629,-0.1747533291197941,0.006801266111913091,-0.5309581679083032,0.22780808896625915,Ant-Aphid,2012,Trait.PC2
Intercept,Aphid.treatment:Ant.mound.dist,none_1,-0.04802997598864438,0.18609416474470816,-0.13016985328029196,0.033071937976888476,-0.4448334617003539,0.3085606632449907,Ant-Aphid,2012,Trait.PC2
Intercept,Aphid.treatment:Ant.mound.dist,none_12,-0.024762622244618487,0.19234051347185255,-0.10451914381226077,0.0540724424865458,-0.43262563975295987,0.36217872274389623,Ant-Aphid,2012,Trait.PC2
Intercept,Aphid.treatment:Ant.mound.dist,none_6,0.09466300199433961,0.18868383923639484,-0.006288212957053245,0.17800301747263444,-0.2120646175847765,0.5393373808499213,Ant-Aphid,2012,Trait.PC2
Intercept,Block,1,0.06493230290572996,0.16609894760882218,-0.018217044156816832,0.14081364550778244,-0.21959714236736788,0.438675623078459,Ant-Aphid,2012,Trait.PC2
Intercept,Block,2,-0.10869459197796724,0.1729542722591952,-0.18917631436394888,-6.375949460448344e-4,-0.5316370008825962,0.16234288587036044,Ant-Aphid,2012,Trait.PC2
Intercept,Block,3,0.06346945918733078,0.16456977653515148,-0.018188587010083357,0.14003225737404837,-0.23137949691821014,0.4259584770401223,Ant-Aphid,2012,Trait.PC2
Intercept,Block,4,-0.07741432218213948,0.16914297571591422,-0.15547768519535515,0.012850952981991348,-0.47602843262919814,0.19813955862760213,Ant-Aphid,2012,Trait.PC2
Intercept,Block,5,0.06883194594070698,0.1646287439734289,-0.014472621691520313,0.1391317621125409,-0.23081561014759844,0.45628063908231203,Ant-Aphid,2012,Trait.PC2
Intercept,Genotype,F,0.581540803848097,0.3070023538271691,0.38179110369427705,0.7841115219815892,-0.001403285778753635,1.2103495789471432,Ant-Aphid,2012,Trait.PC2
Intercept,Genotype,G,0.49121607979860593,0.3024873908487561,0.2886902243881802,0.687124527598314,-0.09247205242088888,1.0972971530741353,Ant-Aphid,2012,Trait.PC2
Intercept,Genotype,I,0.6372159184658973,0.31254605339037933,0.43042511894286445,0.8369444724981134,0.018109088223993323,1.2929147182620344,Ant-Aphid,2012,Trait.PC2
Intercept,Genotype,J,-0.07651697904773629,0.29471065300714183,-0.2677375129714325,0.11771519996299776,-0.6607788803522238,0.49758472449300717,Ant-Aphid,2012,Trait.PC2
Intercept,Genotype,L,0.4781663116524855,0.30867975604154735,0.2742795531957026,0.6777121303590168,-0.11823063344770772,1.1001628822106755,Ant-Aphid,2012,Trait.PC2
Intercept,Genotype,S,-0.1432715250022799,0.30028123266090556,-0.33609774902302864,0.05298297016465913,-0.7483237718163078,0.4510637465595254,Ant-Aphid,2012,Trait.PC2
Intercept,Genotype,T,-0.3486088511450064,0.29739286624796896,-0.5492098005556213,-0.15344466334804685,-0.9255079217251931,0.22581726186469447,Ant-Aphid,2012,Trait.PC2
Intercept,Genotype,U,-0.19825535512047088,0.29512567904551096,-0.3899705403246315,-0.01007891109735723,-0.791424983140884,0.3837839403185829,Ant-Aphid,2012,Trait.PC2
Intercept,Genotype,W,-0.6112501813172727,0.302982854830236,-0.8040332838799056,-0.40994287439270294,-1.2270873624838359,-0.016610524598056668,Ant-Aphid,2012,Trait.PC2
Intercept,Genotype,X,-0.7554133964199994,0.3110536643427222,-0.9595045197951413,-0.5559808054467492,-1.357410756899531,-0.1406794513863369,Ant-Aphid,2012,Trait.PC2
Intercept,Genotype:Ant.mound.dist,F_1,0.014411261403173224,0.121595998448952,-0.0363730662438403,0.05798758639102691,-0.2229146941326186,0.3026235415444139,Ant-Aphid,2012,Trait.PC2
Intercept,Genotype:Ant.mound.dist,F_12,0.01517712933300609,0.12216709965309622,-0.0369922306723795,0.0618700552308567,-0.2154370682747492,0.29527881709535275,Ant-Aphid,2012,Trait.PC2
Intercept,Genotype:Ant.mound.dist,F_6,0.002101140413836153,0.12180862131270864,-0.04308164300239137,0.04627928910055873,-0.2641342124380005,0.2788500942065287,Ant-Aphid,2012,Trait.PC2
Intercept,Genotype:Ant.mound.dist,G_1,0.0033253413109718415,0.11986855661535266,-0.04721512067435007,0.0505208965618143,-0.25095307086121627,0.2742605520113508,Ant-Aphid,2012,Trait.PC2
Intercept,Genotype:Ant.mound.dist,G_12,-0.009159250769370266,0.12378241554938813,-0.056148459551744044,0.04118802131635303,-0.2969432919029612,0.24744816120115729,Ant-Aphid,2012,Trait.PC2
Intercept,Genotype:Ant.mound.dist,G_6,0.03145441807742088,0.13144177021512427,-0.02664285002673901,0.07508103330570602,-0.20440297402954133,0.3520048920553219,Ant-Aphid,2012,Trait.PC2
Intercept,Genotype:Ant.mound.dist,I_1,-0.00525883844656042,0.12393876552744616,-0.053674763828905334,0.04284754550782832,-0.2822909252121844,0.2691802049464049,Ant-Aphid,2012,Trait.PC2
Intercept,Genotype:Ant.mound.dist,I_12,-0.010957580048322757,0.11895850787502514,-0.05572854193502498,0.037469776591020215,-0.2851175767669609,0.24279262716495623,Ant-Aphid,2012,Trait.PC2
Intercept,Genotype:Ant.mound.dist,I_6,0.04668569185043341,0.12955180405827213,-0.01620943958529275,0.09462017581618787,-0.16345976515185817,0.3748708164663323,Ant-Aphid,2012,Trait.PC2
Intercept,Genotype:Ant.mound.dist,J_1,-0.02163830438398654,0.12363285229336038,-0.06420083995033717,0.030075063151859247,-0.31223126669942763,0.21862548099935472,Ant-Aphid,2012,Trait.PC2
Intercept,Genotype:Ant.mound.dist,J_12,0.03749247316814007,0.12845830374133052,-0.01858899117759919,0.07859600805556434,-0.18482758094236018,0.35212508107952506,Ant-Aphid,2012,Trait.PC2
Intercept,Genotype:Ant.mound.dist,J_6,-0.023253286470434273,0.12285587062704777,-0.06542243251570914,0.02858608997314055,-0.32396074808463254,0.19621873663958486,Ant-Aphid,2012,Trait.PC2
Intercept,Genotype:Ant.mound.dist,L_1,0.02264955136525931,0.1254716900512324,-0.03023096157061604,0.06212943074594991,-0.20785712049564886,0.3259705984893414,Ant-Aphid,2012,Trait.PC2
Intercept,Genotype:Ant.mound.dist,L_12,0.008252584092381105,0.11851579226753264,-0.041093145262778616,0.050827943256994856,-0.23246769779657264,0.27327114530604246,Ant-Aphid,2012,Trait.PC2
Intercept,Genotype:Ant.mound.dist,L_6,-0.005728530533417718,0.12407719719217056,-0.05223085829543385,0.04256311266273964,-0.29112712988539724,0.2502069736298956,Ant-Aphid,2012,Trait.PC2
Intercept,Genotype:Ant.mound.dist,S_1,-0.017808922999633773,0.12420243446207033,-0.06300000558779384,0.03212563863653359,-0.32058578885219335,0.22893966529544976,Ant-Aphid,2012,Trait.PC2
Intercept,Genotype:Ant.mound.dist,S_12,0.013190680105201455,0.11919119347032861,-0.035786414176523874,0.057727513135442846,-0.23428987176071076,0.28818555692335246,Ant-Aphid,2012,Trait.PC2
Intercept,Genotype:Ant.mound.dist,S_6,-0.005354632340632936,0.11815361342512334,-0.049523541440019504,0.04217464660276371,-0.27399117512231347,0.24240238998182914,Ant-Aphid,2012,Trait.PC2
Intercept,Genotype:Ant.mound.dist,T_1,-0.026961176069005197,0.12298742957472039,-0.07158143063800894,0.027594446109411353,-0.33220023265648013,0.2058292923960794,Ant-Aphid,2012,Trait.PC2
Intercept,Genotype:Ant.mound.dist,T_12,0.027059750203941364,0.12575297750105954,-0.02562116847733533,0.07039315386515815,-0.20645126255699994,0.3327854953334131,Ant-Aphid,2012,Trait.PC2
Intercept,Genotype:Ant.mound.dist,T_6,-0.019300353544833358,0.1212669884823712,-0.06336061952492991,0.03325113208156659,-0.3098672167405344,0.2199817123052599,Ant-Aphid,2012,Trait.PC2
Intercept,Genotype:Ant.mound.dist,U_1,-0.012251898107757014,0.12008183311900053,-0.05765346821143572,0.037685307972944566,-0.27801526006350097,0.23871873808224664,Ant-Aphid,2012,Trait.PC2
Intercept,Genotype:Ant.mound.dist,U_12,0.016249456466728835,0.12390362550516267,-0.0332070817584688,0.06002348399748105,-0.22398993058435562,0.3014862520306968,Ant-Aphid,2012,Trait.PC2
Intercept,Genotype:Ant.mound.dist,U_6,-0.012139825959937697,0.12284830974788313,-0.0555908964154672,0.037729005094503096,-0.29792180966855225,0.23333664549357194,Ant-Aphid,2012,Trait.PC2
Intercept,Genotype:Ant.mound.dist,W_1,0.03771077949348366,0.1240516366072502,-0.021017615137018962,0.08344643522137275,-0.18622016039171127,0.35207899567225825,Ant-Aphid,2012,Trait.PC2
Intercept,Genotype:Ant.mound.dist,W_12,-0.057479346503000135,0.14002093082493697,-0.10302188749164301,0.012872104062532853,-0.4376627852091751,0.14638674672827184,Ant-Aphid,2012,Trait.PC2
Intercept,Genotype:Ant.mound.dist,W_6,-0.013600173250030446,0.11804703192874955,-0.06009596773225999,0.034782943409885886,-0.2789884611364674,0.22907909610448696,Ant-Aphid,2012,Trait.PC2
Intercept,Genotype:Ant.mound.dist,X_1,0.008739004999051562,0.1205444456938246,-0.04056515355081344,0.05496284383376613,-0.2412552823900515,0.2788745503516601,Ant-Aphid,2012,Trait.PC2
Intercept,Genotype:Ant.mound.dist,X_12,-0.05073312237054109,0.13471435625485337,-0.09636729676759181,0.015061363815857045,-0.39293119903242146,0.16003424200648347,Ant-Aphid,2012,Trait.PC2
Intercept,Genotype:Ant.mound.dist,X_6,-0.004595290612947397,0.12061251026541174,-0.052202276299500104,0.04488345085480168,-0.2714575836659366,0.258271258527553,Ant-Aphid,2012,Trait.PC2
Intercept,Genotype:Aphid.treatment,F_aphid,0.03848395112757329,0.16349304123927813,-0.03330771462870105,0.09609375985957581,-0.2617139142933781,0.4348287518123864,Ant-Aphid,2012,Trait.PC2
Intercept,Genotype:Aphid.treatment,F_none,0.02660164472694615,0.15923906722460915,-0.04112475704344367,0.08144625097296364,-0.26753613466733916,0.404769550109705,Ant-Aphid,2012,Trait.PC2
Intercept,Genotype:Aphid.treatment,G_aphid,0.0040207471512176945,0.158552224306374,-0.06438628276336265,0.06589480560408621,-0.3199632833526976,0.36754490125637007,Ant-Aphid,2012,Trait.PC2
Intercept,Genotype:Aphid.treatment,G_none,0.04093846206075386,0.16748136302589917,-0.0314206808077884,0.09842609528160282,-0.26458771151827853,0.44809376382888144,Ant-Aphid,2012,Trait.PC2
Intercept,Genotype:Aphid.treatment,I_aphid,0.029961047852437403,0.1586964454534428,-0.03966037688466165,0.08806458278944657,-0.27669223980840607,0.40528891256276517,Ant-Aphid,2012,Trait.PC2
Intercept,Genotype:Aphid.treatment,I_none,0.031103437597469332,0.1683710974157281,-0.043347694338904855,0.09066731071033346,-0.2968717621495073,0.4412261055498066,Ant-Aphid,2012,Trait.PC2
Intercept,Genotype:Aphid.treatment,J_aphid,-0.011462510432958657,0.15098130132151474,-0.07412659604352922,0.054388515385226426,-0.36097735530687236,0.29548513093459183,Ant-Aphid,2012,Trait.PC2
Intercept,Genotype:Aphid.treatment,J_none,0.003986929530598652,0.1525346865516371,-0.05750681717469748,0.06298700979981148,-0.3137783973699141,0.33233665794018385,Ant-Aphid,2012,Trait.PC2
Intercept,Genotype:Aphid.treatment,L_aphid,-0.05026753069483329,0.16467808917869275,-0.11580079244387105,0.024347034850283486,-0.43510517719975755,0.2517604105736842,Ant-Aphid,2012,Trait.PC2
Intercept,Genotype:Aphid.treatment,L_none,0.09693647852745894,0.18981421503521306,-0.007509241913904641,0.1647658952754651,-0.15773788917015222,0.6101159854164951,Ant-Aphid,2012,Trait.PC2
Intercept,Genotype:Aphid.treatment,S_aphid,-0.0037604863462212213,0.15563039657167466,-0.062380169510393296,0.059248302242522276,-0.34784458168330223,0.32188161698881107,Ant-Aphid,2012,Trait.PC2
Intercept,Genotype:Aphid.treatment,S_none,-0.011757181914494682,0.15575930311729488,-0.07184048104036306,0.05494518053107415,-0.3731348562165653,0.3072955655360856,Ant-Aphid,2012,Trait.PC2
Intercept,Genotype:Aphid.treatment,T_aphid,-0.003563129827172003,0.1523469141607983,-0.06381976937232951,0.06396856643732,-0.3383680472892965,0.30607211834541115,Ant-Aphid,2012,Trait.PC2
Intercept,Genotype:Aphid.treatment,T_none,-0.029992631564597333,0.15850345715341152,-0.09330358571393854,0.04026488103583246,-0.40849264110978317,0.2870337463472138,Ant-Aphid,2012,Trait.PC2
Intercept,Genotype:Aphid.treatment,U_aphid,-0.013201314979435923,0.1499483829806606,-0.06932851808245437,0.051889878646371616,-0.358761334876226,0.28887321689385637,Ant-Aphid,2012,Trait.PC2
Intercept,Genotype:Aphid.treatment,U_none,-0.005179101426627764,0.14981929789413423,-0.06677006618892882,0.058587947222991876,-0.34057889043138206,0.3119673755237954,Ant-Aphid,2012,Trait.PC2
Intercept,Genotype:Aphid.treatment,W_aphid,0.0508376296172821,0.15901883677507234,-0.022105823320638214,0.11072703577717602,-0.23062047119939322,0.4267243305018018,Ant-Aphid,2012,Trait.PC2
Intercept,Genotype:Aphid.treatment,W_none,-0.11590507770685461,0.20461760610598448,-0.19330830582706926,0.0031107844492726014,-0.6547623146181883,0.13803297491576733,Ant-Aphid,2012,Trait.PC2
Intercept,Genotype:Aphid.treatment,X_aphid,-0.049343100508354706,0.1784128179179526,-0.10791179586357316,0.03316860601990119,-0.49394979523583415,0.25132831951133056,Ant-Aphid,2012,Trait.PC2
Intercept,Genotype:Aphid.treatment,X_none,-0.024467682815157446,0.16755656397406818,-0.08324015535897428,0.04600344682849265,-0.4307238025258553,0.29650128882562143,Ant-Aphid,2012,Trait.PC2
Intercept,Genotype:Aphid.treatment:Ant.mound.dist,F_aphid_1,-0.005575731000490343,0.13389664553501404,-0.05785937661186668,0.048537221198957224,-0.3102588740297925,0.27241092974451947,Ant-Aphid,2012,Trait.PC2
Intercept,Genotype:Aphid.treatment:Ant.mound.dist,F_aphid_12,0.016977931674496433,0.1338240688536025,-0.0382119057654559,0.07060948277831111,-0.2565990246885065,0.31207804457603716,Ant-Aphid,2012,Trait.PC2
Intercept,Genotype:Aphid.treatment:Ant.mound.dist,F_aphid_6,0.011367600707882054,0.12812157847913577,-0.0429960444980738,0.06105497679899371,-0.24549518154792938,0.30590275248558535,Ant-Aphid,2012,Trait.PC2
Intercept,Genotype:Aphid.treatment:Ant.mound.dist,F_none_1,0.018363781696046244,0.13708776264561617,-0.037623220556336615,0.07224543181149118,-0.2647067895579643,0.32887271431736037,Ant-Aphid,2012,Trait.PC2
Intercept,Genotype:Aphid.treatment:Ant.mound.dist,F_none_12,0.002545041620595185,0.13152022486588902,-0.05226244592654243,0.05718771858904178,-0.27353632877949596,0.3016346594218982,Ant-Aphid,2012,Trait.PC2
Intercept,Genotype:Aphid.treatment:Ant.mound.dist,F_none_6,-0.011629965671536478,0.13498795872310593,-0.0614639142626123,0.04197824557140005,-0.32978816673398803,0.2797336954852251,Ant-Aphid,2012,Trait.PC2
Intercept,Genotype:Aphid.treatment:Ant.mound.dist,G_aphid_1,0.00801203346365648,0.13070130802535262,-0.04829109711225953,0.0581020181293857,-0.258105387110417,0.30417595126195124,Ant-Aphid,2012,Trait.PC2
Intercept,Genotype:Aphid.treatment:Ant.mound.dist,G_aphid_12,0.003197688981304621,0.13286687099460043,-0.05009299325175737,0.05527611820804177,-0.2833376668319324,0.2991113860636697,Ant-Aphid,2012,Trait.PC2
Intercept,Genotype:Aphid.treatment:Ant.mound.dist,G_aphid_6,-0.005421713081829546,0.129562591842785,-0.053892540496116206,0.047941751316698686,-0.2992114286888819,0.26175847691661047,Ant-Aphid,2012,Trait.PC2
Intercept,Genotype:Aphid.treatment:Ant.mound.dist,G_none_1,-0.0010786099331209704,0.1345157356841751,-0.05680155837453387,0.04878437391424406,-0.29651847619559507,0.3045844854229566,Ant-Aphid,2012,Trait.PC2
Intercept,Genotype:Aphid.treatment:Ant.mound.dist,G_none_12,-0.011578990993350696,0.13153448413601565,-0.06526892775631592,0.04529752073888134,-0.31368744554234296,0.25528697239990145,Ant-Aphid,2012,Trait.PC2
Intercept,Genotype:Aphid.treatment:Ant.mound.dist,G_none_6,0.04815014339767007,0.1383980123311987,-0.01934809386952689,0.09897045831929985,-0.18480697524087727,0.3979384893397163,Ant-Aphid,2012,Trait.PC2
Intercept,Genotype:Aphid.treatment:Ant.mound.dist,I_aphid_1,-0.004911611650625975,0.13028085684958318,-0.055523544046101034,0.04628715907640721,-0.3016035712571582,0.28184866617439264,Ant-Aphid,2012,Trait.PC2
Intercept,Genotype:Aphid.treatment:Ant.mound.dist,I_aphid_12,-0.011498062018157795,0.1322837500861959,-0.06450295809534398,0.044218454060437326,-0.3138717022897164,0.25882029379552807,Ant-Aphid,2012,Trait.PC2
Intercept,Genotype:Aphid.treatment:Ant.mound.dist,I_aphid_6,0.030674840652276568,0.13419606166712114,-0.03328555616919076,0.07949651431896708,-0.2094254336249006,0.36533510612974707,Ant-Aphid,2012,Trait.PC2
Intercept,Genotype:Aphid.treatment:Ant.mound.dist,I_none_1,-0.006926939134091232,0.13882872072832078,-0.05644525325800596,0.04924796956620302,-0.3415760420276083,0.2704462904744669,Ant-Aphid,2012,Trait.PC2
Intercept,Genotype:Aphid.treatment:Ant.mound.dist,I_none_12,-0.003528212617349248,0.13354035375481232,-0.05459789934252886,0.046800082258755885,-0.28794571579011907,0.28587815015528534,Ant-Aphid,2012,Trait.PC2
Intercept,Genotype:Aphid.treatment:Ant.mound.dist,I_none_6,0.030500726559222324,0.13795627191177615,-0.03170917312756383,0.08149087398294655,-0.2277846433112132,0.36114303541937887,Ant-Aphid,2012,Trait.PC2
Intercept,Genotype:Aphid.treatment:Ant.mound.dist,J_aphid_1,-0.005922019974706228,0.13303075585697705,-0.0590508232067269,0.05158435406204352,-0.30768892077926985,0.2764444480063459,Ant-Aphid,2012,Trait.PC2
Intercept,Genotype:Aphid.treatment:Ant.mound.dist,J_aphid_12,-0.025913566557939697,0.1351037883480114,-0.07394304165048232,0.03360243717243383,-0.35186840747251474,0.22639915308787797,Ant-Aphid,2012,Trait.PC2
Intercept,Genotype:Aphid.treatment:Ant.mound.dist,J_aphid_6,0.019701974597910375,0.13127335381466207,-0.03679600446861185,0.06887652299106678,-0.23693338814756165,0.33644020618490084,Ant-Aphid,2012,Trait.PC2
Intercept,Genotype:Aphid.treatment:Ant.mound.dist,J_none_1,-0.02460407156140449,0.13936507649430235,-0.07507861070550245,0.034582999456031036,-0.35030984510800917,0.24756554531053548,Ant-Aphid,2012,Trait.PC2
Intercept,Genotype:Aphid.treatment:Ant.mound.dist,J_none_12,0.07102805417601928,0.1532667867196287,-0.010318135028398363,0.1269249032595553,-0.1519305811825056,0.4818692713181121,Ant-Aphid,2012,Trait.PC2
Intercept,Genotype:Aphid.treatment:Ant.mound.dist,J_none_6,-0.04870991291490998,0.14452074316006328,-0.10365519004788679,0.01968711891217679,-0.40756730294490456,0.19510175957830037,Ant-Aphid,2012,Trait.PC2
Intercept,Genotype:Aphid.treatment:Ant.mound.dist,L_aphid_1,-0.005842614734178546,0.1362601602502424,-0.05894499311216846,0.04480858169295191,-0.30946828335719667,0.28946471626028497,Ant-Aphid,2012,Trait.PC2
Intercept,Genotype:Aphid.treatment:Ant.mound.dist,L_aphid_12,-0.0018640755203697366,0.13502475769152789,-0.05328868325902829,0.050677608436079026,-0.2909538889923968,0.28833958145416855,Ant-Aphid,2012,Trait.PC2
Intercept,Genotype:Aphid.treatment:Ant.mound.dist,L_aphid_6,-0.04168217575802665,0.144054708450488,-0.09197343101392903,0.025239110855833708,-0.40856186537698264,0.21691667145883023,Ant-Aphid,2012,Trait.PC2
Intercept,Genotype:Aphid.treatment:Ant.mound.dist,L_none_1,0.03593725494545213,0.14252670403552442,-0.028634638159106746,0.08307232720962017,-0.21261633623440865,0.39133225588849135,Ant-Aphid,2012,Trait.PC2
Intercept,Genotype:Aphid.treatment:Ant.mound.dist,L_none_12,0.00798085030989307,0.13460135424371497,-0.04532628864827006,0.057096332418711315,-0.26721301882998005,0.31797265358252497,Ant-Aphid,2012,Trait.PC2
Intercept,Genotype:Aphid.treatment:Ant.mound.dist,L_none_6,0.03467194889092495,0.1366363775091066,-0.027699840330928253,0.08412624129258518,-0.20821671609060066,0.3678880433816067,Ant-Aphid,2012,Trait.PC2
Intercept,Genotype:Aphid.treatment:Ant.mound.dist,S_aphid_1,-0.04467491025903058,0.1456059332418932,-0.09712544826175576,0.023735399452549023,-0.42038766376989845,0.20051017771522803,Ant-Aphid,2012,Trait.PC2
Intercept,Genotype:Aphid.treatment:Ant.mound.dist,S_aphid_12,0.04632608880791618,0.1365465325579537,-0.019675005629166187,0.09887240331561763,-0.1865156367368039,0.37900536053683204,Ant-Aphid,2012,Trait.PC2
Intercept,Genotype:Aphid.treatment:Ant.mound.dist,S_aphid_6,-0.009485917776376699,0.13666346859935716,-0.06019305340248103,0.0472392074380984,-0.3258996038683019,0.27628677148486497,Ant-Aphid,2012,Trait.PC2
Intercept,Genotype:Aphid.treatment:Ant.mound.dist,S_none_1,0.01568173497340877,0.1364254671973691,-0.039061874035804835,0.06993894755192692,-0.27507209013106687,0.3252272488160814,Ant-Aphid,2012,Trait.PC2
Intercept,Genotype:Aphid.treatment:Ant.mound.dist,S_none_12,-0.03140793010335227,0.1351560194951339,-0.08050553665973256,0.03128392234226985,-0.3808995795074007,0.21353101091612844,Ant-Aphid,2012,Trait.PC2
Intercept,Genotype:Aphid.treatment:Ant.mound.dist,S_none_6,0.0033989446444960252,0.1331126528221388,-0.04902164013944841,0.05660720544283805,-0.2879308169036084,0.29067842805251576,Ant-Aphid,2012,Trait.PC2
Intercept,Genotype:Aphid.treatment:Ant.mound.dist,T_aphid_1,-9.925019980078658e-4,0.13363488407417154,-0.05247612071136115,0.04746206583801072,-0.2980804587168257,0.28580430387737504,Ant-Aphid,2012,Trait.PC2
Intercept,Genotype:Aphid.treatment:Ant.mound.dist,T_aphid_12,0.01922628075644492,0.1324808000447014,-0.03807321343802328,0.06867718331851393,-0.24064718220220746,0.3275371143373782,Ant-Aphid,2012,Trait.PC2
Intercept,Genotype:Aphid.treatment:Ant.mound.dist,T_aphid_6,-0.018079934248040688,0.1361802580824752,-0.06745854671498827,0.03961672646399793,-0.3402233646119576,0.25490039346498694,Ant-Aphid,2012,Trait.PC2
Intercept,Genotype:Aphid.treatment:Ant.mound.dist,T_none_1,-0.033736930497870896,0.13338847037556428,-0.08290458654205471,0.027033562914737037,-0.35816591925443775,0.211694006584279,Ant-Aphid,2012,Trait.PC2
Intercept,Genotype:Aphid.treatment:Ant.mound.dist,T_none_12,0.013391435455337438,0.13118526661523533,-0.04138621806828237,0.06306166809117476,-0.24810959785916722,0.3163018683225221,Ant-Aphid,2012,Trait.PC2
Intercept,Genotype:Aphid.treatment:Ant.mound.dist,T_none_6,-0.00495726491626431,0.13786740028832448,-0.058181500690612384,0.04813949199358729,-0.30319235285117035,0.29277192412440567,Ant-Aphid,2012,Trait.PC2
Intercept,Genotype:Aphid.treatment:Ant.mound.dist,U_aphid_1,0.001787555854421053,0.13656720362483646,-0.053250895357556484,0.054465219487658596,-0.29535193388773684,0.2992561909597365,Ant-Aphid,2012,Trait.PC2
Intercept,Genotype:Aphid.treatment:Ant.mound.dist,U_aphid_12,3.927242656277176e-4,0.12714790883536556,-0.05172153959353021,0.0531087641150486,-0.27259585221450194,0.28352390309346875,Ant-Aphid,2012,Trait.PC2
Intercept,Genotype:Aphid.treatment:Ant.mound.dist,U_aphid_6,-0.014248583728365575,0.13224462314169394,-0.06506149568988064,0.04174485420262995,-0.3259529967159064,0.25053765396303457,Ant-Aphid,2012,Trait.PC2
Intercept,Genotype:Aphid.treatment:Ant.mound.dist,U_none_1,-0.014430657478535027,0.12969634772037947,-0.06484175877212274,0.041988166332948905,-0.32081665798454734,0.25259911956426656,Ant-Aphid,2012,Trait.PC2
Intercept,Genotype:Aphid.treatment:Ant.mound.dist,U_none_12,0.021267064022993547,0.13397466788754445,-0.03616946218785082,0.0733037343307712,-0.24079058036908688,0.33745211230775224,Ant-Aphid,2012,Trait.PC2
Intercept,Genotype:Aphid.treatment:Ant.mound.dist,U_none_6,-0.003417384644083835,0.131977299766106,-0.05615019861083608,0.04954708280882192,-0.2902018465238525,0.2766637002234802,Ant-Aphid,2012,Trait.PC2
Intercept,Genotype:Aphid.treatment:Ant.mound.dist,W_aphid_1,0.08368152311478512,0.16138036780529735,-0.005658027138668401,0.13947862526555954,-0.13228422008072485,0.5102818189783116,Ant-Aphid,2012,Trait.PC2
Intercept,Genotype:Aphid.treatment:Ant.mound.dist,W_aphid_12,-0.019943767068369776,0.13188091130925755,-0.0699237542369131,0.03822876625439555,-0.32537517133663857,0.2463793683953668,Ant-Aphid,2012,Trait.PC2
Intercept,Genotype:Aphid.treatment:Ant.mound.dist,W_aphid_6,-0.0205422324119196,0.13033403579442207,-0.06945611137787244,0.03461342790096903,-0.3284052196766344,0.24292440203033655,Ant-Aphid,2012,Trait.PC2
Intercept,Genotype:Aphid.treatment:Ant.mound.dist,W_none_1,-0.03870976266593689,0.1418398756998917,-0.09004404004147941,0.02462627816162459,-0.39453657802662373,0.209988011405387,Ant-Aphid,2012,Trait.PC2
Intercept,Genotype:Aphid.treatment:Ant.mound.dist,W_none_12,-0.05248110388290306,0.1475614750378473,-0.10432012927079862,0.019317694221200273,-0.4444436938033611,0.1883015238814536,Ant-Aphid,2012,Trait.PC2
Intercept,Genotype:Aphid.treatment:Ant.mound.dist,W_none_6,6.813443682043688e-4,0.13169606084844035,-0.05136886789643949,0.0527351909453383,-0.28788855289684556,0.2929064353870901,Ant-Aphid,2012,Trait.PC2
Intercept,Genotype:Aphid.treatment:Ant.mound.dist,X_aphid_1,0.008454619288752213,0.13438316726762592,-0.04746491079238542,0.058884866144714894,-0.2624975663285933,0.31825676940937087,Ant-Aphid,2012,Trait.PC2
Intercept,Genotype:Aphid.treatment:Ant.mound.dist,X_aphid_12,-0.016192411522200325,0.1363724333901762,-0.06793469170521937,0.042401740726621624,-0.3355821436908815,0.2532612350931595,Ant-Aphid,2012,Trait.PC2
Intercept,Genotype:Aphid.treatment:Ant.mound.dist,X_aphid_6,-0.029247266831294572,0.13424580299877006,-0.07886625513452586,0.029698290253206448,-0.35869926788909967,0.22512422034070217,Ant-Aphid,2012,Trait.PC2
Intercept,Genotype:Aphid.treatment:Ant.mound.dist,X_none_1,0.0014373474270738401,0.13421929246588502,-0.05130784191042737,0.05743820442857139,-0.30062574058308933,0.2874146931270128,Ant-Aphid,2012,Trait.PC2
Intercept,Genotype:Aphid.treatment:Ant.mound.dist,X_none_12,-0.04322728464816216,0.14193066879729446,-0.09417275235709616,0.024275151158988966,-0.41223204202888664,0.19385060334073465,Ant-Aphid,2012,Trait.PC2
Intercept,Genotype:Aphid.treatment:Ant.mound.dist,X_none_6,0.029372111748295404,0.1386208949210016,-0.033317311740415634,0.07894566004563573,-0.2262953483253421,0.37070004888672764,Ant-Aphid,2012,Trait.PC2
Intercept,Plot_code,1_1,-0.09549085088542254,0.1657128035985177,-0.18486400369754644,0.005510386849491075,-0.49170301067003147,0.17896661337913622,Ant-Aphid,2012,Trait.PC2
Intercept,Plot_code,1_12,0.012273120969483855,0.16080443240212225,-0.0627452887999001,0.09146789581169705,-0.3319010016567019,0.3654534437766478,Ant-Aphid,2012,Trait.PC2
Intercept,Plot_code,1_6,0.17596910909122318,0.19494212870160618,0.021667463048295213,0.2899099906826185,-0.09186551879106554,0.6374997672033195,Ant-Aphid,2012,Trait.PC2
Intercept,Plot_code,2_1,0.02734914785163148,0.15407877880321924,-0.05483954679302678,0.10680091475624066,-0.2730741540714846,0.3652405544884883,Ant-Aphid,2012,Trait.PC2
Intercept,Plot_code,2_12,-0.11256397362858579,0.176329179481826,-0.2012207894918082,4.071732734338442e-4,-0.5337909958559482,0.16259484983596437,Ant-Aphid,2012,Trait.PC2
Intercept,Plot_code,2_6,-0.04838160064261616,0.16488553707334808,-0.1292544302897018,0.03958395494162406,-0.4329289396207609,0.2610563787049079,Ant-Aphid,2012,Trait.PC2
Intercept,Plot_code,3_1,-0.014825333357645626,0.15607370089672537,-0.09551205248277374,0.06346180183914304,-0.349122972391256,0.299330368169803,Ant-Aphid,2012,Trait.PC2
Intercept,Plot_code,3_12,0.1401430094561082,0.18461108596316267,0.005427057264370826,0.2412871432217114,-0.12520062495224538,0.5872691383630163,Ant-Aphid,2012,Trait.PC2
Intercept,Plot_code,3_6,-0.03681587148137753,0.1511919849104755,-0.11631986331357708,0.038845908712541316,-0.35987554177702624,0.26079410326707914,Ant-Aphid,2012,Trait.PC2
Intercept,Plot_code,4_1,0.006406463378824099,0.15719401742854347,-0.07059347070969907,0.08403250364212822,-0.32631454427335566,0.34595729992735863,Ant-Aphid,2012,Trait.PC2
Intercept,Plot_code,4_12,-0.05358274390241722,0.16315859339097494,-0.13236273916066352,0.03061613662209051,-0.42826563766413334,0.25937512328081896,Ant-Aphid,2012,Trait.PC2
Intercept,Plot_code,4_6,-0.06226317892789251,0.1593827884739204,-0.14236236648687373,0.024271407455333124,-0.4300795123758558,0.22083087642670737,Ant-Aphid,2012,Trait.PC2
Intercept,Plot_code,5_1,0.08525855452998397,0.16142432034108742,-0.00885771409625408,0.1724173959307868,-0.19357987723015907,0.46604937507656496,Ant-Aphid,2012,Trait.PC2
Intercept,Plot_code,5_12,0.011195175174880796,0.15225786722557322,-0.0647849043330011,0.08361709474944631,-0.31081719111138706,0.3429933113020939,Ant-Aphid,2012,Trait.PC2
Intercept,Plot_code,5_6,-0.01279265524494271,0.15998376179946805,-0.09329226754621289,0.07018446303895624,-0.36112332009547926,0.31461537301274234,Ant-Aphid,2012,Trait.PC2
