"","Year","Block","Aphid.treatment","Ant.mound.dist","Genotype","plant_ID","Height","all.shoot.count","mature.shoot.avg.length","leaf_WC","leaf_trichome.density","trait.PC1","trait.PC2"
"1",2012,"1","aphid",1,"G","1_1_aphid_G_1",50.5,1,0.638888888888889,NA,NA,-0.658793157025124,-1.24991943322557
"2",2012,"1","aphid",1,"W","1_1_aphid_W_2",56,3,0.888888888888889,1.66666666666667,2,1.03721536998683,0.908924421576881
"3",2012,"1","aphid",1,"T","1_1_aphid_T_3",51.5,1,0.583333333333333,NA,NA,-0.711253113766669,-1.33162579699778
"4",2012,"1","aphid",1,"F","1_1_aphid_F_4",49,2,0.638888888888889,NA,NA,-0.505356134250306,-0.996668920873011
"5",2012,"1","none",1,"F","1_1_none_F_5",49,4,0.483333333333333,NA,NA,-0.340105257900384,-0.730803850874904
"6",2012,"1","aphid",1,"J","1_1_aphid_J_6",47,7,0.388888888888889,NA,NA,0.0520827226698773,-0.157385676809338
"7",2012,"1","aphid",1,"X","1_1_aphid_X_7",56.2,7,1.31111111111111,NA,NA,1.60206555286193,-0.330759600875276
"8",2012,"1","none",1,"G","1_1_none_G_8",33,3,0.811111111111111,NA,NA,-0.489381697143352,0.185785079429318
"9",2012,"1","none",1,"J","1_1_none_J_9",53.4,6,0.783333333333333,NA,NA,0.586993973356495,-0.542009175069724
"10",2012,"1","none",1,"T","1_1_none_T_10",56.5,4,0.966666666666667,NA,NA,0.542737849556287,-0.980467513788871
"11",2012,"1","none",1,"W","1_1_none_W_11",52,4,1.37222222222222,2.26262626262626,53,0.690139751983995,-1.89419241650257
"12",2012,"1","none",1,"X","1_1_none_X_12",53.5,3,0.811111111111111,1.77142857142857,77,0.185315437299765,-2.51009905375329
"13",2012,"1","aphid",1,"S","1_1_aphid_S_13",59,2,1.16666666666667,2.34615384615385,30,0.425192516266721,-1.31679206391429
"14",2012,"1","aphid",1,"L","1_1_aphid_L_14",48,9,1.32222222222222,NA,NA,1.78781384784467,0.488536100205308
"15",2012,"1","aphid",1,"I","1_1_aphid_I_15",48.3,7,1.18888888888889,1.75,0,1.79000123704372,1.51496951407672
"16",2012,"1","none",1,"S","1_1_none_S_16",NA,NA,NA,NA,NA,0.000319895103668056,-1.15475423723682e-05
"17",2012,"1","aphid",1,"U","1_1_aphid_U_17",48,4,1.38888888888889,1.75308641975309,4,1.43055955502068,0.968764544459072
"18",2012,"1","none",1,"I","1_1_none_I_18",32.5,3,1.37222222222222,1.75757575757576,2,0.734985788252382,1.44535132588614
"19",2012,"1","none",1,"L","1_1_none_L_19",41,10,1.02222222222222,1.65789473684211,3,1.96635707537099,2.06517412401531
"20",2012,"1","none",1,"U","1_1_none_U_20",50,3,1.38888888888889,NA,NA,0.777467078663987,-0.589033389183006
"21",2012,"1","aphid",6,"W","1_6_aphid_W_21",45.5,2,0.833333333333333,2.078125,10,0.00742695303837393,0.373681948947433
"22",2012,"1","none",6,"W","1_6_none_W_22",54.5,2,0.927777777777778,2.54929577464789,51,-0.345166253125965,-2.27339651281197
"23",2012,"1","aphid",6,"T","1_6_aphid_T_23",51,11,0.25,NA,NA,0.732107534788088,0.206670357738849
"24",2012,"1","aphid",6,"G","1_6_aphid_G_24",11,3,0,NA,NA,-2.21873893638914,1.16291108286108
"25",2012,"1","none",6,"G","1_6_none_G_25",13,5,0,NA,NA,-1.7802471489243,1.37295870394517
"26",2012,"1","aphid",6,"F","1_6_aphid_F_26",19.5,3,0,NA,NA,-1.9949887751333,0.658940296705336
"27",2012,"1","aphid",6,"X","1_6_aphid_X_27",18,4,0,NA,NA,-1.84155175235848,0.912190809057894
"28",2012,"1","none",6,"T","1_6_none_T_28",6.5,6,0,NA,NA,-1.75842786806468,1.92266261991876
"29",2012,"1","aphid",6,"J","1_6_aphid_J_29",14,4,0,NA,NA,-1.94684594589064,1.14935353195472
"30",2012,"1","none",6,"F","1_6_none_F_30",18.9,1,0,NA,NA,-2.39662759486188,0.365885722607358
"31",2012,"1","none",6,"J","1_6_none_J_31",20,5,0,NA,NA,-1.59598231024303,0.957923938875733
"32",2012,"1","aphid",6,"S","1_6_aphid_S_32",13,2,0,NA,NA,-2.35901418497244,0.880015230146422
"33",2012,"1","none",6,"S","1_6_none_S_33",NA,NA,NA,NA,NA,0.000319895103668056,-1.15475423723682e-05
"34",2012,"1","none",6,"X","1_6_none_X_34",47,1,0.472222222222222,NA,NA,-0.987276091739512,-1.10964909983484
"35",2012,"1","aphid",6,"L","1_6_aphid_L_35",11,5,0,NA,NA,-1.83289424569038,1.49154006539358
"36",2012,"1","aphid",6,"I","1_6_aphid_I_36",7.5,2,0,NA,NA,-2.50379370107915,1.20611397412955
"37",2012,"1","none",6,"L","1_6_none_L_37",8,5,0,NA,NA,-1.9118648908395,1.6694121075662
"38",2012,"1","none",6,"I","1_6_none_I_38",15,4,0,NA,NA,-1.9205223975076,1.09006285123051
"39",2012,"1","aphid",6,"U","1_6_aphid_U_39",10,4,0,NA,NA,-2.0521401394228,1.38651625485154
"40",2012,"1","none",6,"U","1_6_none_U_40",56,1,0.583333333333333,NA,NA,-0.59279714604299,-1.5984338602567
"41",2012,"1","aphid",12,"W","1_12_aphid_W_41",55,2,0.888888888888889,1.78787878787879,57,0.282633315169009,-1.79045049536649
"42",2012,"1","aphid",12,"G","1_12_aphid_G_42",28,4,0.927777777777778,NA,NA,-0.262631732947546,0.69362590871739
"43",2012,"1","none",12,"G","1_12_none_G_43",40.5,3,0.65,NA,NA,-0.520427249131847,-0.323900506841415
"44",2012,"1","aphid",12,"T","1_12_aphid_T_44",57.5,3,1.42777777777778,2.07407407407407,5,1.30050267303342,0.183151897250803
"45",2012,"1","none",12,"W","1_12_none_W_45",57.5,3,1.61666666666667,NA,NA,1.29790606254758,-0.94180919411776
"46",2012,"1","aphid",12,"J","1_12_aphid_J_46",48,4,0.888888888888889,4.26315789473684,25,-1.61835376784378,-2.37557167047649
"47",2012,"1","none",12,"J","1_12_none_J_47",10,5,0,NA,NA,-1.85921779407342,1.55083074611779
"48",2012,"1","aphid",12,"X","1_12_aphid_X_48",NA,NA,NA,NA,NA,0.000319895103668056,-1.15475423723682e-05
"49",2012,"1","none",12,"X","1_12_none_X_49",48.5,2,0.805555555555556,3.62790697674419,77,-1.87850173591019,-4.31518354632831
"50",2012,"1","none",12,"T","1_12_none_T_50",48,5,0.372222222222222,NA,NA,-0.331073471183213,-0.552030044980443
"51",2012,"1","aphid",12,"S","1_12_aphid_S_51",11,6,0.322222222222222,NA,NA,-1.18302757061842,1.78586551833822
"52",2012,"1","none",12,"S","1_12_none_S_52",NA,NA,NA,NA,NA,0.000319895103668056,-1.15475423723682e-05
"53",2012,"1","aphid",12,"L","1_12_aphid_L_53",21,2,0.616666666666667,NA,NA,-1.27392889102524,0.654503866185545
"54",2012,"1","aphid",12,"F","1_12_aphid_F_54",16,3,0,NA,NA,-2.08712119447394,0.866457679240056
"55",2012,"1","none",12,"F","1_12_none_F_55",NA,NA,NA,NA,NA,0.000319895103668056,-1.15475423723682e-05
"56",2012,"1","aphid",12,"U","1_12_aphid_U_56",9,1,0.416666666666667,NA,NA,-2.0663544354196,1.12098108463697
"57",2012,"1","aphid",12,"I","1_12_aphid_I_57",8,1,0,NA,NA,-2.68355427223701,1.0121541425012
"58",2012,"1","none",12,"I","1_12_none_I_58",2.5,1,0,NA,NA,-2.82833378834373,1.33825288648433
"59",2012,"1","none",12,"U","1_12_none_U_59",10,3,0,NA,NA,-2.24506248477218,1.22220176358529
"60",2012,"1","none",12,"L","1_12_none_L_60",12,6,0,NA,NA,-1.61364835195797,1.59656387593563
"61",2012,"2","aphid",1,"W","2_1_aphid_W_1",NA,NA,NA,1.57142857142857,22,1.20184314111588,0.508592097584903
"62",2012,"2","aphid",1,"X","2_1_aphid_X_2",32.5,5,1.20555555555556,1.97058823529412,31,0.484721652699788,0.167793403744997
"63",2012,"2","aphid",1,"G","2_1_aphid_G_3",NA,NA,NA,NA,NA,0.000319895103668056,-1.15475423723682e-05
"64",2012,"2","none",1,"G","2_1_none_G_4",34,1,0.222222222222222,1.88636363636364,59,-1.45076203275424,-1.25379702989648
"65",2012,"2","none",1,"X","2_1_none_X_5",NA,NA,NA,NA,NA,0.000319895103668056,-1.15475423723682e-05
"66",2012,"2","none",1,"W","2_1_none_W_6",51,1,0.666666666666667,NA,NA,-0.606239630271313,-1.26835693206368
"67",2012,"2","aphid",1,"T","2_1_aphid_T_7",NA,NA,NA,NA,NA,0.000319895103668056,-1.15475423723682e-05
"68",2012,"2","none",1,"T","2_1_none_T_8",60,2,1.41666666666667,NA,NA,0.887171969707296,-1.33504684616731
"69",2012,"2","aphid",1,"S","2_1_aphid_S_9",NA,NA,NA,NA,NA,0.000319895103668056,-1.15475423723682e-05
"70",2012,"2","aphid",1,"F","2_1_aphid_F_10",46.5,6,1.01111111111111,NA,NA,0.728373860524314,-0.0409991775759171
"71",2012,"2","aphid",1,"J","2_1_aphid_J_11",52,8,2.74444444444444,1.81578947368421,5,3.76338551795459,0.824957925315187
"72",2012,"2","none",1,"S","2_1_none_S_12",56,2,1.25,2.025,28,0.733851968186586,-0.829550420066592
"73",2012,"2","aphid",1,"I","2_1_aphid_I_13",51,3,0.633333333333333,2,38,-0.00557673060164064,-0.840565355303145
"74",2012,"2","none",1,"F","2_1_none_F_14",49,5,1.25555555555556,1.45833333333333,2,1.78011254434101,1.46312870729673
"75",2012,"2","none",1,"I","2_1_none_I_15",47,12,1.83333333333333,NA,NA,3.06506558265593,1.24699453876984
"76",2012,"2","aphid",1,"U","2_1_aphid_U_16",33,2,1.03888888888889,NA,NA,-0.359291671481937,0.113374888659856
"77",2012,"2","none",1,"J","2_1_none_J_17",48,6,1.31666666666667,2.025,42,1.16328286327575,-0.800745069821873
"78",2012,"2","none",1,"U","2_1_none_U_18",NA,NA,NA,NA,NA,0.000319895103668056,-1.15475423723682e-05
"79",2012,"2","aphid",1,"L","2_1_aphid_L_19",51,6,1.69444444444444,1.73684210526316,6,2.23812748415242,0.93680040900352
"80",2012,"2","none",1,"L","2_1_none_L_20",53.5,9,2.65555555555556,NA,NA,3.82339748694139,0.700413749374109
"81",2012,"2","aphid",6,"X","2_6_aphid_X_21",38,1,0.261111111111111,2.31111111111111,75,-1.79233263264773,-2.5439554884228
"82",2012,"2","aphid",6,"G","2_6_aphid_G_22",32,2,0.472222222222222,NA,NA,-1.18920697213573,-0.0559743977055088
"83",2012,"2","none",6,"X","2_6_none_X_23",42,5,1.25555555555556,1.70588235294118,44,0.995205016958021,-0.473323126160891
"84",2012,"2","none",6,"G","2_6_none_G_24",48.5,6,0.861111111111111,1.80882352941176,5,1.14901223286132,1.19651553179158
"85",2012,"2","aphid",6,"W","2_6_aphid_W_25",51,3,0.961111111111111,2.3125,60,-0.0923117748954523,-2.23586004750903
"86",2012,"2","aphid",6,"T","2_6_aphid_T_26",52.5,2,0.638888888888889,NA,NA,-0.413223714909668,-1.20418630340773
"87",2012,"2","none",6,"T","2_6_none_T_27",55.5,3,1.06111111111111,NA,NA,0.457423914535662,-1.04738466314932
"88",2012,"2","none",6,"W","2_6_none_W_28",51,2,1.18888888888889,1.92857142857143,49,0.425931990076175,-1.51447073866849
"89",2012,"2","aphid",6,"S","2_6_aphid_S_29",33,4,1.41666666666667,1.83720930232558,36,0.644392841709388,-0.101498478183221
"90",2012,"2","none",6,"S","2_6_none_S_30",NA,NA,NA,NA,NA,0.000319895103668056,-1.15475423723682e-05
"91",2012,"2","aphid",6,"I","2_6_aphid_I_31",48,7,0.883333333333333,NA,NA,0.779579466661709,-0.0171767784063686
"92",2012,"2","none",6,"I","2_6_none_I_32",47,5,1.17777777777778,NA,NA,0.784963804740206,-0.167711960060279
"93",2012,"2","aphid",6,"F","2_6_aphid_F_33",NA,NA,NA,NA,NA,0.000319895103668056,-1.15475423723682e-05
"94",2012,"2","aphid",6,"U","2_6_aphid_U_34",48,5,0.566666666666667,2.41176470588235,24,-0.0881337107199733,-0.289733663720139
"95",2012,"2","aphid",6,"J","2_6_aphid_J_35",48.5,8,1.90555555555556,1.96153846153846,1,2.59057429131491,1.1805251642463
"96",2012,"2","none",6,"J","2_6_none_J_36",54,8,1.48333333333333,1.89189189189189,1,2.35403092191275,1.18009288333225
"97",2012,"2","none",6,"F","2_6_none_F_37",48,6,1.22777777777778,1.57692307692308,2,1.78745915024639,1.4901090379604
"98",2012,"2","none",6,"U","2_6_none_U_38",49,3,1.05555555555556,1.94117647058824,9,0.690144847253409,0.496841768514393
"99",2012,"2","aphid",6,"L","2_6_aphid_L_39",51.5,4,0.433333333333333,2.31578947368421,42,-0.358381472082936,-1.19799339017054
"100",2012,"2","none",6,"L","2_6_none_L_40",53,8,2.26666666666667,NA,NA,3.06582883152841,0.408834817133981
"101",2012,"2","aphid",12,"X","2_12_aphid_X_41",52,3,1.19444444444444,1.87719298245614,55,0.646667758412218,-1.66225114176482
"102",2012,"2","none",12,"X","2_12_none_X_42",45,6,1.27777777777778,2.33333333333333,84,0.408847713309866,-2.91560704109623
"103",2012,"2","aphid",12,"G","2_12_aphid_G_43",31,4,0.777777777777778,NA,NA,-0.396376551634803,0.455231522315181
"104",2012,"2","aphid",12,"T","2_12_aphid_T_44",55,7,0.888888888888889,2.23076923076923,0,1.22401802343236,0.895042531320535
"105",2012,"2","none",12,"T","2_12_none_T_45",49,4,1.41666666666667,NA,NA,0.983457628192617,-0.354220375668552
"106",2012,"2","none",12,"G","2_12_none_G_46",38,5,0.666666666666667,NA,NA,-0.176756377853316,0.159679882415998
"107",2012,"2","aphid",12,"S","2_12_aphid_S_47",NA,NA,NA,NA,NA,0.000319895103668056,-1.15475423723682e-05
"108",2012,"2","none",12,"S","2_12_none_S_48",58,2,1.61111111111111,1.84931506849315,37,1.30228704104081,-1.21643272912301
"109",2012,"2","aphid",12,"I","2_12_aphid_I_49",48.5,6,0.983333333333333,2.02083333333333,39,0.82738448361645,-0.59325224240238
"110",2012,"2","none",12,"I","2_12_none_I_50",NA,NA,NA,NA,NA,0.000319895103668056,-1.15475423723682e-05
"111",2012,"2","aphid",12,"W","2_12_aphid_W_51",55,4,1.25,1.7979797979798,34,1.22599667786403,-0.629514360922956
"112",2012,"2","none",12,"W","2_12_none_W_52",57,4,1.27777777777778,2.85185185185185,49,0.233705045475011,-2.43760531308132
"113",2012,"2","aphid",12,"J","2_12_aphid_J_53",58,2,1.27777777777778,2.01666666666667,1,1.04915277381099,0.336958070375227
"114",2012,"2","none",12,"J","2_12_none_J_54",47,10,1.70555555555556,2.16666666666667,9,2.42435368782586,0.922460773543152
"115",2012,"2","aphid",12,"F","2_12_aphid_F_55",NA,NA,NA,NA,NA,0.000319895103668056,-1.15475423723682e-05
"116",2012,"2","aphid",12,"L","2_12_aphid_L_56",47,7,1.28888888888889,1.82692307692308,10,1.71236742909259,0.999435117972231
"117",2012,"2","none",12,"F","2_12_none_F_57",NA,NA,NA,NA,NA,0.000319895103668056,-1.15475423723682e-05
"118",2012,"2","aphid",12,"U","2_12_aphid_U_58",52,2,0.805555555555556,2.53030303030303,54,-0.571955296576096,-2.28107050411447
"119",2012,"2","none",12,"U","2_12_none_U_59",56,4,1.28333333333333,NA,NA,0.978642054574893,-0.823052780053184
"120",2012,"2","none",12,"L","2_12_none_L_60",50,7,1.45555555555556,NA,NA,1.643696666211,0.0951233955395906
"121",2012,"3","aphid",1,"X","3_1_aphid_X_1",43,2,0.777777777777778,NA,NA,-0.466338661737084,-0.584885628907786
"122",2012,"3","none",1,"X","3_1_none_X_2",57,2,0.611111111111111,1.87234042553192,3,0.375022159439339,0.587639079118619
"123",2012,"3","aphid",1,"T","3_1_aphid_T_3",55,4,0,NA,NA,-0.867580462186023,-1.28156437773771
"124",2012,"3","none",1,"T","3_1_none_T_4",55,3,0.561111111111111,1.89156626506024,30,0.205465870811414,-0.477256981622957
"125",2012,"3","aphid",1,"G","3_1_aphid_G_5",6,2,0,NA,NA,-2.54327902365371,1.29504999521586
"126",2012,"3","none",1,"G","3_1_none_G_6",7,1,0,NA,NA,-2.70987782062005,1.0714448232254
"127",2012,"3","aphid",1,"S","3_1_aphid_S_7",59,1,0.75,NA,NA,-0.277475985520122,-1.70905885328532
"128",2012,"3","none",1,"S","3_1_none_S_8",NA,NA,NA,NA,NA,0.000319895103668056,-1.15475423723682e-05
"129",2012,"3","aphid",1,"I","3_1_aphid_I_9",20,9,0,NA,NA,-0.824292928845517,1.61518190394073
"130",2012,"3","aphid",1,"J","3_1_aphid_J_10",52,2,0.527777777777778,NA,NA,-0.583952499350354,-1.21937232914162
"131",2012,"3","none",1,"I","3_1_none_I_11",5,1,0,NA,NA,-2.76252491738613,1.19002618467382
"132",2012,"3","aphid",1,"W","3_1_aphid_W_12",52.5,5,1.33333333333333,1.68421052631579,11,1.70454148377048,0.696848611381365
"133",2012,"3","aphid",1,"F","3_1_aphid_F_13",22,2,0.444444444444444,1.95,4,-1.03892636148302,1.61882512696067
"134",2012,"3","none",1,"W","3_1_none_W_14",51,3,0.833333333333333,1.82926829268293,55,0.247060071890794,-1.49287581242486
"135",2012,"3","aphid",1,"U","3_1_aphid_U_15",52,3,0.877777777777778,NA,NA,0.105305928283899,-0.913839034672991
"136",2012,"3","none",1,"F","3_1_none_F_16",28,2,0.505555555555556,NA,NA,-1.24723106259314,0.194637735020112
"137",2012,"3","none",1,"U","3_1_none_U_17",51.5,3,1.13888888888889,NA,NA,0.462426628177921,-0.778839983985302
"138",2012,"3","none",1,"J","3_1_none_J_18",40,2,1.18333333333333,2.88235294117647,39,-0.742179261571202,-1.66301157857092
"139",2012,"3","aphid",1,"L","3_1_aphid_L_19",46,2,0.444444444444444,2.16901408450704,1,-0.432628541744437,0.772837310021691
"140",2012,"3","none",1,"L","3_1_none_L_20",26,5,1.25,NA,NA,0.334587845358336,1.10653272311043
"141",2012,"3","aphid",6,"X","3_6_aphid_X_21",NA,NA,NA,NA,NA,0.000319895103668056,-1.15475423723682e-05
"142",2012,"3","none",6,"X","3_6_none_X_22",56,1,0.722222222222222,2.46666666666667,56,-0.673978421241176,-2.52191412595587
"143",2012,"3","aphid",6,"T","3_6_aphid_T_23",56,3,1.05555555555556,NA,NA,0.462707338214723,-1.07927157181622
"144",2012,"3","none",6,"T","3_6_none_T_24",56,5,1.13888888888889,NA,NA,0.966727286600353,-0.717019064711727
"145",2012,"3","aphid",6,"G","3_6_aphid_G_25",32,4,0.805555555555556,NA,NA,-0.330661250689472,0.407148683114974
"146",2012,"3","none",6,"G","3_6_none_G_26",8,4,0.166666666666667,NA,NA,-1.86843672081513,1.57234466544394
"147",2012,"3","aphid",6,"S","3_6_aphid_S_27",NA,NA,NA,NA,NA,0.000319895103668056,-1.15475423723682e-05
"148",2012,"3","none",6,"S","3_6_none_S_28",NA,NA,NA,NA,NA,0.000319895103668056,-1.15475423723682e-05
"149",2012,"3","aphid",6,"I","3_6_aphid_I_29",24,3,0.861111111111111,1.84615384615385,0,-0.191042667282533,1.84482424024891
"150",2012,"3","none",6,"I","3_6_none_I_30",4,4,0,NA,NA,-2.21008142972104,1.74226033919677
"151",2012,"3","aphid",6,"W","3_6_aphid_W_31",54,3,1.03888888888889,1.65753424657534,7,1.11200391025006,0.716924045764636
"152",2012,"3","aphid",6,"U","3_6_aphid_U_32",49,1,0.622222222222222,3.32258064516129,29,-1.59590431811738,-1.90265615551908
"153",2012,"3","aphid",6,"J","3_6_aphid_J_33",51,3,1.08333333333333,NA,NA,0.370481348861818,-0.771610326671196
"154",2012,"3","aphid",6,"F","3_6_aphid_F_34",46,3,0.55,NA,NA,-0.51745804224938,-0.690347480310941
"155",2012,"3","none",6,"F","3_6_none_F_35",48,4,0.833333333333333,NA,NA,0.129907276001452,-0.530294366948316
"156",2012,"3","none",6,"U","3_6_none_U_36",51,3,1.27777777777778,2.11111111111111,3,0.898560213008967,0.481019659570272
"157",2012,"3","aphid",6,"L","3_6_aphid_L_37",53,9,2,2.1875,49,2.44353968687629,-1.28950942564463
"158",2012,"3","none",6,"W","3_6_none_W_38",52,4,1.58333333333333,NA,NA,1.29877878871549,-0.464845368697178
"159",2012,"3","none",6,"L","3_6_none_L_39",51,10,2.04444444444444,1.6,0,3.53402142954833,1.68799759347446
"160",2012,"3","none",6,"J","3_6_none_J_40",53,9,1.63888888888889,NA,NA,2.36849756897,0.319852089957864
"161",2012,"3","aphid",12,"T","3_12_aphid_T_41",56,1,0.472222222222222,NA,NA,-0.750364156292157,-1.64326522635269
"162",2012,"3","aphid",12,"X","3_12_aphid_X_42",52,3,0.527777777777778,NA,NA,-0.391030154000977,-1.05505783787537
"163",2012,"3","aphid",12,"S","3_12_aphid_S_43",NA,NA,NA,NA,NA,0.000319895103668056,-1.15475423723682e-05
"164",2012,"3","aphid",12,"G","3_12_aphid_G_44",19,5,0.527777777777778,NA,NA,-0.873862559942525,1.23016360855591
"165",2012,"3","aphid",12,"I","3_12_aphid_I_45",16,4,0.194444444444444,NA,NA,-1.61845658118852,1.1092270611743
"166",2012,"3","none",12,"T","3_12_none_T_46",14,6,0,NA,NA,-1.56100125519189,1.47798251448722
"167",2012,"3","none",12,"G","3_12_none_G_47",8,2,0,NA,NA,-2.49063192688763,1.17646863376745
"168",2012,"3","none",12,"I","3_12_none_I_48",16,4,0,NA,NA,-1.89419884912456,1.03077217050631
"169",2012,"3","none",12,"X","3_12_none_X_49",NA,NA,NA,NA,NA,0.000319895103668056,-1.15475423723682e-05
"170",2012,"3","aphid",12,"F","3_12_aphid_F_50",10,6,0.388888888888889,NA,NA,-1.11481091285196,1.87205501872002
"171",2012,"3","aphid",12,"U","3_12_aphid_U_51",47,1,0,NA,NA,-1.65693588529847,-1.30018240574282
"172",2012,"3","none",12,"F","3_12_none_F_52",12,2,0.333333333333333,NA,NA,-1.91263670260798,1.07380000915861
"173",2012,"3","none",12,"S","3_12_none_S_53",NA,NA,NA,NA,NA,0.000319895103668056,-1.15475423723682e-05
"174",2012,"3","aphid",12,"W","3_12_aphid_W_54",44,4,1,NA,NA,0.260963597843044,-0.225884594907503
"175",2012,"3","none",12,"W","3_12_none_W_55",NA,NA,NA,NA,NA,0.000319895103668056,-1.15475423723682e-05
"176",2012,"3","aphid",12,"J","3_12_aphid_J_56",NA,NA,NA,NA,NA,0.000319895103668056,-1.15475423723682e-05
"177",2012,"3","none",12,"U","3_12_none_U_57",9,3,0,NA,NA,-2.27138603315522,1.28149244430949
"178",2012,"3","none",12,"J","3_12_none_J_58",17,2,0.722222222222222,NA,NA,-1.22953442482069,0.934256386873562
"179",2012,"3","aphid",12,"L","3_12_aphid_L_59",7,1,0.166666666666667,NA,NA,-2.4735273052463,1.1386918723694
"180",2012,"3","none",12,"L","3_12_none_L_60",13,5,0,NA,NA,-1.7802471489243,1.37295870394517
"181",2012,"4","aphid",1,"G","4_1_aphid_G_1",2.5,3,0.194444444444444,NA,NA,-2.16674682970893,1.74533675968482
"182",2012,"4","aphid",1,"X","4_1_aphid_X_2",47.5,2,1,1.83333333333333,53,0.153085157754164,-1.44298023693114
"183",2012,"4","none",1,"X","4_1_none_X_3",47.5,2,0.805555555555556,1.7027027027027,36,0.184822395501466,-0.490362277288123
"184",2012,"4","aphid",1,"I","4_1_aphid_I_4",40,5,0.388888888888889,NA,NA,-0.518026806710154,-0.0709798942723983
"185",2012,"4","none",1,"I","4_1_none_I_5",14,3,0.833333333333333,4.19354838709677,48,-3.08989311907002,-2.36446482243364
"186",2012,"4","none",1,"G","4_1_none_G_6",17,5,0,NA,NA,-1.67495295539215,1.13579598104835
"187",2012,"4","aphid",1,"T","4_1_aphid_T_7",29.5,5,0,NA,NA,-1.34590860060415,0.39466247199578
"188",2012,"4","none",1,"T","4_1_none_T_8",52,2,1.16111111111111,NA,NA,0.314179459069897,-0.963833542394456
"189",2012,"4","aphid",1,"F","4_1_aphid_F_9",18,5,0.305555555555556,NA,NA,-1.2153201288239,1.19979155708813
"190",2012,"4","none",1,"F","4_1_none_F_10",15,3,0.222222222222222,NA,NA,-1.79831072235865,1.01541109215625
"191",2012,"4","aphid",1,"W","4_1_aphid_W_11",50,2,0.805555555555556,1.94117647058824,17,0.194745967385894,0.0560166984793138
"192",2012,"4","aphid",1,"U","4_1_aphid_U_12",49,7,0,NA,NA,-0.446754716436127,-0.432876819593729
"193",2012,"4","aphid",1,"S","4_1_aphid_S_13",NA,NA,NA,NA,NA,0.000319895103668056,-1.15475423723682e-05
"194",2012,"4","aphid",1,"J","4_1_aphid_J_14",52,5,0.583333333333333,NA,NA,0.0735980418223615,-0.704013172294876
"195",2012,"4","none",1,"U","4_1_none_U_15",53.5,4,0.5,NA,NA,-0.198014238639332,-0.99088720921943
"196",2012,"4","none",1,"J","4_1_none_J_16",53,3,1.38888888888889,NA,NA,0.856437723813105,-0.766905431355624
"197",2012,"4","none",1,"W","4_1_none_W_17",52.5,3,1.17777777777778,1.92452830188679,29,0.803147520524044,-0.538246269505753
"198",2012,"4","aphid",1,"L","4_1_aphid_L_18",NA,NA,NA,NA,NA,0.000319895103668056,-1.15475423723682e-05
"199",2012,"4","none",1,"L","4_1_none_L_19",25,7,0,NA,NA,-1.07851987762907,0.990099517787205
"200",2012,"4","none",1,"S","4_1_none_S_20",22,3,1.22222222222222,NA,NA,-0.195942791434868,1.00385862195076
"201",2012,"4","aphid",6,"I","4_6_aphid_I_21",44,3,0.666666666666667,3.31034482758621,5,-1.14818760017916,-0.436271844542175
"202",2012,"4","none",6,"I","4_6_none_I_22",18.5,5,0.111111111111111,NA,NA,-1.47790062256842,1.09169132605804
"203",2012,"4","aphid",6,"X","4_6_aphid_X_23",41,1,0.555555555555556,2.3625,61,-1.29721930425868,-2.12677799211823
"204",2012,"4","none",6,"X","4_6_none_X_24",20,2,0.861111111111111,1.77894736842105,2,-0.456555885933978,1.84129727132042
"205",2012,"4","aphid",6,"F","4_6_aphid_F_25",4.5,2,0,NA,NA,-2.58276434622827,1.38398601630217
"206",2012,"4","none",6,"F","4_6_none_F_26",21,6,0,NA,NA,-1.37673641651061,1.06294774941778
"207",2012,"4","aphid",6,"U","4_6_aphid_U_27",47,1,0.722222222222222,NA,NA,-0.632750318678887,-1.00877852611886
"208",2012,"4","aphid",6,"G","4_6_aphid_G_28",NA,NA,NA,NA,NA,0.000319895103668056,-1.15475423723682e-05
"209",2012,"4","aphid",6,"W","4_6_aphid_W_29",53,2,1.03333333333333,2.12048192771084,63,0.0279988254813425,-2.36868098190001
"210",2012,"4","none",6,"W","4_6_none_W_30",46.5,5,1.36111111111111,NA,NA,1.03178759745981,-0.0640948656397851
"211",2012,"4","none",6,"U","4_6_none_U_31",49,4,0.638888888888889,NA,NA,-0.119511443551551,-0.668039938340512
"212",2012,"4","aphid",6,"T","4_6_aphid_T_32",59,2,0.75,NA,NA,-0.0845536401707443,-1.54474436201907
"213",2012,"4","aphid",6,"L","4_6_aphid_L_33",49.5,3,0.872222222222222,2.84210526315789,42,-0.590823880108418,-1.87716714677574
"214",2012,"4","none",6,"G","4_6_none_G_34",9,2,0,NA,NA,-2.46430837850459,1.11717795304324
"215",2012,"4","none",6,"T","4_6_none_T_35",59,5,1.09444444444444,2.86274509803922,18,0.503210838853297,-0.948937238021753
"216",2012,"4","none",6,"L","4_6_none_L_36",48,4,0.566666666666667,2.34210526315789,7,-0.0723737985099143,0.446600219807752
"217",2012,"4","aphid",6,"J","4_6_aphid_J_37",52,3,1.37222222222222,3.21428571428571,26,-0.158420562178174,-1.72521366354345
"218",2012,"4","none",6,"J","4_6_none_J_38",29,2,0.333333333333333,NA,NA,-1.4651363800963,0.0658584368471148
"219",2012,"4","aphid",6,"S","4_6_aphid_S_39",54,6,2.51111111111111,1.92307692307692,3,3.11757689703449,0.588849998190775
"220",2012,"4","none",6,"S","4_6_none_S_40",NA,NA,NA,NA,NA,0.000319895103668056,-1.15475423723682e-05
"221",2012,"4","aphid",12,"I","4_12_aphid_I_41",39,7,0.755555555555556,2.9047619047619,10,-0.150937220457024,0.307185504960331
"222",2012,"4","aphid",12,"X","4_12_aphid_X_42",48,3,0.877777777777778,NA,NA,1.17347517401903e-05,-0.67667631177617
"223",2012,"4","none",12,"X","4_12_none_X_43",NA,NA,NA,NA,NA,0.000319895103668056,-1.15475423723682e-05
"224",2012,"4","none",12,"I","4_12_none_I_44",NA,NA,NA,NA,NA,0.000319895103668056,-1.15475423723682e-05
"225",2012,"4","aphid",12,"F","4_12_aphid_F_45",22,1,0.305555555555556,NA,NA,-1.88171531668925,0.305370869126306
"226",2012,"4","aphid",12,"W","4_12_aphid_W_46",50,2,0.805555555555556,2.40322580645161,53,-0.512324008290591,-2.04474607496527
"227",2012,"4","none",12,"F","4_12_none_F_47",31,2,0.611111111111111,2,3,-0.593148181087233,1.2867038428597
"228",2012,"4","none",12,"W","4_12_none_W_48",52,3,1.44444444444444,2.63333333333333,69,0.124455738040994,-3.11831645617526
"229",2012,"4","aphid",12,"U","4_12_aphid_U_49",58,2,0.777777777777778,2.09803921568628,11,0.326845011922673,-0.0755050827943954
"230",2012,"4","none",12,"U","4_12_none_U_50",54.5,2,1.61111111111111,NA,NA,1.01813472153662,-0.930493211516193
"231",2012,"4","aphid",12,"G","4_12_aphid_G_51",NA,NA,NA,NA,NA,0.000319895103668056,-1.15475423723682e-05
"232",2012,"4","none",12,"G","4_12_none_G_52",37.5,3,0.527777777777778,2.71186440677966,0,-0.927728986546171,0.631557025561135
"233",2012,"4","aphid",12,"L","4_12_aphid_L_53",57,6,1.22222222222222,NA,NA,1.30414843801965,-0.578371729597687
"234",2012,"4","aphid",12,"T","4_12_aphid_T_54",51,4,1.47222222222222,1.93150684931507,0,1.49013250621232,0.856093414993683
"235",2012,"4","none",12,"T","4_12_none_T_55",54,3,1.33333333333333,NA,NA,0.803977767071562,-0.848611795127826
"236",2012,"4","none",12,"L","4_12_none_L_56",58,5,1.56666666666667,3.46153846153846,27,0.385457003292009,-2.04329057769838
"237",2012,"4","aphid",12,"J","4_12_aphid_J_57",50,2,1.16666666666667,2,1,0.676374977197598,0.635629779502243
"238",2012,"4","aphid",12,"S","4_12_aphid_S_58",35,4,2.61111111111111,2.2875,1,1.92716725286105,0.680475194960389
"239",2012,"4","none",12,"J","4_12_none_J_59",48,5,0.972222222222222,2.02777777777778,4,0.883845402516438,0.904162173589731
"240",2012,"4","none",12,"S","4_12_none_S_60",NA,NA,NA,NA,NA,0.000319895103668056,-1.15475423723682e-05
"241",2012,"5","aphid",1,"X","5_1_aphid_X_1",48,3,1,2.10596026490066,40,0.200383156177013,-1.0332196124311
"242",2012,"5","aphid",1,"I","5_1_aphid_I_2",17,4,0,NA,NA,-1.86787530074152,0.971481489782099
"243",2012,"5","none",1,"I","5_1_none_I_3",19,4,0.722222222222222,NA,NA,-0.791042637355861,1.14430400795765
"244",2012,"5","aphid",1,"F","5_1_aphid_F_4",25.5,2,0.444444444444444,2.03333333333333,10,-1.04813206623677,1.15105782951331
"245",2012,"5","none",1,"F","5_1_none_F_5",19,7,1.34444444444444,1.73076923076923,1,1.01872211989115,2.38192854371808
"246",2012,"5","aphid",1,"W","5_1_aphid_W_6",58,4,1.30555555555556,1.421875,1,1.99174408876603,1.1395022722656
"247",2012,"5","none",1,"W","5_1_none_W_7",54,3,1.26666666666667,NA,NA,0.709437560922061,-0.875510614785423
"248",2012,"5","aphid",1,"G","5_1_aphid_G_8",19,6,0.333333333333333,NA,NA,-0.956682482529189,1.31602320915417
"249",2012,"5","aphid",1,"U","5_1_aphid_U_9",46,4,0.361111111111111,NA,NA,-0.592399614323586,-0.602246311407881
"250",2012,"5","none",1,"X","5_1_none_X_10",57,2,1.17777777777778,NA,NA,0.469432252522469,-1.25356224110108
"251",2012,"5","aphid",1,"T","5_1_aphid_T_11",52,9,2.01111111111111,2.90196078431373,0,2.14644334516795,0.254104007639704
"252",2012,"5","aphid",1,"J","5_1_aphid_J_12",41,2,0.888888888888889,2.55882352941176,0,-0.44202831009959,0.476854157565057
"253",2012,"5","none",1,"J","5_1_none_J_13",8,4,0,NA,NA,-2.10478723618888,1.50509761629995
"254",2012,"5","none",1,"U","5_1_none_U_14",NA,NA,NA,NA,NA,0.000319895103668056,-1.15475423723682e-05
"255",2012,"5","aphid",1,"S","5_1_aphid_S_15",53,4,1.44444444444444,2.72881355932203,13,0.686907632012826,-0.590360515306643
"256",2012,"5","aphid",1,"L","5_1_aphid_L_16",44,5,0.472222222222222,NA,NA,-0.294557355491121,-0.274519092597225
"257",2012,"5","none",1,"G","5_1_none_G_17",30,7,1.33333333333333,2.67857142857143,0,0.499169366040266,1.13154555845285
"258",2012,"5","none",1,"L","5_1_none_L_18",51,8,1.38888888888889,NA,NA,1.76840235379391,0.173248386424039
"259",2012,"5","none",1,"T","5_1_none_T_19",53,6,0.722222222222222,NA,NA,0.489802698366237,-0.542950154132839
"260",2012,"5","none",1,"S","5_1_none_S_20",NA,NA,NA,NA,NA,0.000319895103668056,-1.15475423723682e-05
"261",2012,"5","aphid",6,"F","5_6_aphid_F_21",39,5,1.08333333333333,1.58181818181818,0,1.15863516554517,1.79127775484016
"262",2012,"5","aphid",6,"W","5_6_aphid_W_22",39.5,5,1.36111111111111,2.34883720930233,44,0.440393678994392,-1.06365226778466
"263",2012,"5","none",6,"W","5_6_none_W_23",44.5,6,2.08333333333333,1.69411764705882,0,2.55448650788052,1.3628334311682
"264",2012,"5","none",6,"F","5_6_none_F_24",47.5,5,1.19444444444444,2.44642857142857,2,0.749821151599504,0.536838618345085
"265",2012,"5","aphid",6,"X","5_6_aphid_X_25",41.5,7,0.388888888888889,3.22033898305085,71,-1.25351600370427,-2.7731293357201
"266",2012,"5","aphid",6,"J","5_6_aphid_J_26",51.5,4,1.13888888888889,2.09302325581395,5,0.938976080785876,0.533676977688263
"267",2012,"5","none",6,"J","5_6_none_J_27",51,4,0.777777777777778,5.14285714285714,78,-2.87172402942197,-5.73587425351963
"268",2012,"5","none",6,"X","5_6_none_X_28",16,3,0.305555555555556,NA,NA,-1.65381191628873,0.989743936004039
"269",2012,"5","aphid",6,"L","5_6_aphid_L_29",14,7,0,NA,NA,-1.36807890984251,1.64229700575347
"270",2012,"5","aphid",6,"G","5_6_aphid_G_30",NA,NA,NA,NA,NA,0.000319895103668056,-1.15475423723682e-05
"271",2012,"5","aphid",6,"I","5_6_aphid_I_31",14,6,0.722222222222222,1.75,4,-0.0754353689878124,2.43255005721307
"272",2012,"5","aphid",6,"S","5_6_aphid_S_32",49,8,1.52777777777778,3.875,57,-0.0253467445362711,-3.20549807530773
"273",2012,"5","none",6,"S","5_6_none_S_33",NA,NA,NA,NA,NA,0.000319895103668056,-1.15475423723682e-05
"274",2012,"5","aphid",6,"T","5_6_aphid_T_34",54,6,1.91666666666667,NA,NA,2.20997160692782,-0.120303649325106
"275",2012,"5","none",6,"G","5_6_none_G_35",23,6,1.11111111111111,NA,NA,0.251580782747136,1.39268004892931
"276",2012,"5","aphid",6,"U","5_6_aphid_U_36",48.5,4,0.583333333333333,NA,NA,-0.211456722867654,-0.660810281026406
"277",2012,"5","none",6,"T","5_6_none_T_37",54,5,0.444444444444444,NA,NA,-0.0707136242230181,-0.878633741363279
"278",2012,"5","none",6,"U","5_6_none_U_38",51.5,2,1.08333333333333,2.15909090909091,1,0.483778653630608,0.449340698665292
"279",2012,"5","none",6,"I","5_6_none_I_39",34,7,0.222222222222222,1.64285714285714,0,0.320612377033578,2.31684498237675
"280",2012,"5","none",6,"L","5_6_none_L_40",37,10,1.5,NA,NA,1.94328437737928,1.37677826519141
"281",2012,"5","aphid",12,"W","5_12_aphid_W_41",54,6,1.36111111111111,1.61666666666667,24,1.92725217100821,0.225293889160519
"282",2012,"5","aphid",12,"X","5_12_aphid_X_42",50,4,0.833333333333333,2.39130434782609,51,-0.0919144304049117,-1.73468584366765
"283",2012,"5","none",12,"W","5_12_none_W_43",53,3,1.09444444444444,1.79807692307692,41,0.747708801686814,-0.952956552412257
"284",2012,"5","none",12,"X","5_12_none_X_44",NA,NA,NA,NA,NA,0.000319895103668056,-1.15475423723682e-05
"285",2012,"5","aphid",12,"G","5_12_aphid_G_45",NA,NA,NA,NA,NA,0.000319895103668056,-1.15475423723682e-05
"286",2012,"5","aphid",12,"T","5_12_aphid_T_46",56.5,5,2.02777777777778,NA,NA,2.24042514278521,-0.388013476305875
"287",2012,"5","aphid",12,"F","5_12_aphid_F_47",49,7,1.59444444444444,1.575,7,2.38148218072922,1.24872938134467
"288",2012,"5","aphid",12,"J","5_12_aphid_J_48",55,3,1.77777777777778,2,25,1.52956625014603,-0.660149322634451
"289",2012,"5","none",12,"J","5_12_none_J_49",54,13,2.13888888888889,1.8125,24,3.89971042664904,0.585293385991643
"290",2012,"5","aphid",12,"I","5_12_aphid_I_50",48,9,1.55555555555556,NA,NA,2.11870456936792,0.582681969006897
"291",2012,"5","none",12,"I","5_12_none_I_51",51.5,15,2.25,2.11111111111111,21,4.0545144467848,0.688823376386236
"292",2012,"5","none",12,"T","5_12_none_T_52",53,4,1.30555555555556,NA,NA,0.931184811475608,-0.636214464661369
"293",2012,"5","aphid",12,"S","5_12_aphid_S_53",NA,NA,NA,NA,NA,0.000319895103668056,-1.15475423723682e-05
"294",2012,"5","none",12,"G","5_12_none_G_54",NA,NA,NA,NA,NA,0.000319895103668056,-1.15475423723682e-05
"295",2012,"5","aphid",12,"L","5_12_aphid_L_55",NA,NA,NA,NA,NA,0.000319895103668056,-1.15475423723682e-05
"296",2012,"5","aphid",12,"U","5_12_aphid_U_56",37,2,1.58333333333333,1.43859649122807,0,1.25132116525041,1.55319187004104
"297",2012,"5","none",12,"U","5_12_none_U_57",54.5,5,1.55555555555556,NA,NA,1.51811825246017,-0.45996542076544
"298",2012,"5","none",12,"S","5_12_none_S_58",60,9,2.41666666666667,1.93548387096774,51,3.36377885843112,-1.45423225640455
"299",2012,"5","none",12,"L","5_12_none_L_59",53.5,18,2.11111111111111,1.675,0,5.07124151015999,2.37289405569688
"300",2012,"5","none",12,"F","5_12_none_F_60",38,8,1.08333333333333,NA,NA,0.992886946629192,0.820740979074727
"301",2013,"1","aphid",1,"G","1_1_aphid_G_1",NA,0,NA,NA,NA,NA,NA
"302",2013,"1","aphid",1,"W","1_1_aphid_W_2",6.5,1,NA,NA,NA,NA,NA
"303",2013,"1","aphid",1,"T","1_1_aphid_T_3",NA,0,NA,NA,NA,NA,NA
"304",2013,"1","aphid",1,"F","1_1_aphid_F_4",NA,0,NA,NA,NA,NA,NA
"305",2013,"1","none",1,"F","1_1_none_F_5",11,3,NA,NA,NA,NA,NA
"306",2013,"1","aphid",1,"J","1_1_aphid_J_6",7,5,NA,NA,NA,NA,NA
"307",2013,"1","aphid",1,"X","1_1_aphid_X_7",4,3,NA,NA,NA,NA,NA
"308",2013,"1","none",1,"G","1_1_none_G_8",7,4,NA,NA,NA,NA,NA
"309",2013,"1","none",1,"J","1_1_none_J_9",NA,0,NA,NA,NA,NA,NA
"310",2013,"1","none",1,"T","1_1_none_T_10",NA,0,NA,NA,NA,NA,NA
"311",2013,"1","none",1,"W","1_1_none_W_11",6,2,NA,NA,NA,NA,NA
"312",2013,"1","none",1,"X","1_1_none_X_12",NA,0,NA,NA,NA,NA,NA
"313",2013,"1","aphid",1,"S","1_1_aphid_S_13",NA,0,NA,NA,NA,NA,NA
"314",2013,"1","aphid",1,"L","1_1_aphid_L_14",4,2,NA,NA,NA,NA,NA
"315",2013,"1","aphid",1,"I","1_1_aphid_I_15",6,3,NA,NA,NA,NA,NA
"316",2013,"1","none",1,"S","1_1_none_S_16",NA,0,NA,NA,NA,NA,NA
"317",2013,"1","aphid",1,"U","1_1_aphid_U_17",11,1,NA,NA,NA,NA,NA
"318",2013,"1","none",1,"I","1_1_none_I_18",8,2,NA,NA,NA,NA,NA
"319",2013,"1","none",1,"L","1_1_none_L_19",NA,0,NA,NA,NA,NA,NA
"320",2013,"1","none",1,"U","1_1_none_U_20",NA,0,NA,NA,NA,NA,NA
"321",2013,"1","aphid",6,"W","1_6_aphid_W_21",14,2,NA,NA,NA,NA,NA
"322",2013,"1","none",6,"W","1_6_none_W_22",NA,0,NA,NA,NA,NA,NA
"323",2013,"1","aphid",6,"T","1_6_aphid_T_23",NA,0,NA,NA,NA,NA,NA
"324",2013,"1","aphid",6,"G","1_6_aphid_G_24",NA,0,NA,NA,NA,NA,NA
"325",2013,"1","none",6,"G","1_6_none_G_25",3,1,NA,NA,NA,NA,NA
"326",2013,"1","aphid",6,"F","1_6_aphid_F_26",3,1,NA,NA,NA,NA,NA
"327",2013,"1","aphid",6,"X","1_6_aphid_X_27",NA,0,NA,NA,NA,NA,NA
"328",2013,"1","none",6,"T","1_6_none_T_28",7,1,NA,NA,NA,NA,NA
"329",2013,"1","aphid",6,"J","1_6_aphid_J_29",NA,0,NA,NA,NA,NA,NA
"330",2013,"1","none",6,"F","1_6_none_F_30",NA,0,NA,NA,NA,NA,NA
"331",2013,"1","none",6,"J","1_6_none_J_31",NA,0,NA,NA,NA,NA,NA
"332",2013,"1","aphid",6,"S","1_6_aphid_S_32",NA,0,NA,NA,NA,NA,NA
"333",2013,"1","none",6,"S","1_6_none_S_33",NA,0,NA,NA,NA,NA,NA
"334",2013,"1","none",6,"X","1_6_none_X_34",NA,0,NA,NA,NA,NA,NA
"335",2013,"1","aphid",6,"L","1_6_aphid_L_35",NA,0,NA,NA,NA,NA,NA
"336",2013,"1","aphid",6,"I","1_6_aphid_I_36",NA,0,NA,NA,NA,NA,NA
"337",2013,"1","none",6,"L","1_6_none_L_37",NA,0,NA,NA,NA,NA,NA
"338",2013,"1","none",6,"I","1_6_none_I_38",NA,0,NA,NA,NA,NA,NA
"339",2013,"1","aphid",6,"U","1_6_aphid_U_39",NA,0,NA,NA,NA,NA,NA
"340",2013,"1","none",6,"U","1_6_none_U_40",NA,0,NA,NA,NA,NA,NA
"341",2013,"1","aphid",12,"W","1_12_aphid_W_41",6,2,NA,NA,NA,NA,NA
"342",2013,"1","aphid",12,"G","1_12_aphid_G_42",NA,0,NA,NA,NA,NA,NA
"343",2013,"1","none",12,"G","1_12_none_G_43",4,3,NA,NA,NA,NA,NA
"344",2013,"1","aphid",12,"T","1_12_aphid_T_44",10,2,NA,NA,NA,NA,NA
"345",2013,"1","none",12,"W","1_12_none_W_45",NA,0,NA,NA,NA,NA,NA
"346",2013,"1","aphid",12,"J","1_12_aphid_J_46",4.5,5,NA,NA,NA,NA,NA
"347",2013,"1","none",12,"J","1_12_none_J_47",4.5,1,NA,NA,NA,NA,NA
"348",2013,"1","aphid",12,"X","1_12_aphid_X_48",NA,0,NA,NA,NA,NA,NA
"349",2013,"1","none",12,"X","1_12_none_X_49",NA,0,NA,NA,NA,NA,NA
"350",2013,"1","none",12,"T","1_12_none_T_50",9,1,NA,NA,NA,NA,NA
"351",2013,"1","aphid",12,"S","1_12_aphid_S_51",NA,0,NA,NA,NA,NA,NA
"352",2013,"1","none",12,"S","1_12_none_S_52",NA,0,NA,NA,NA,NA,NA
"353",2013,"1","aphid",12,"L","1_12_aphid_L_53",13,2,NA,NA,NA,NA,NA
"354",2013,"1","aphid",12,"F","1_12_aphid_F_54",5,3,NA,NA,NA,NA,NA
"355",2013,"1","none",12,"F","1_12_none_F_55",NA,0,NA,NA,NA,NA,NA
"356",2013,"1","aphid",12,"U","1_12_aphid_U_56",NA,0,NA,NA,NA,NA,NA
"357",2013,"1","aphid",12,"I","1_12_aphid_I_57",NA,0,NA,NA,NA,NA,NA
"358",2013,"1","none",12,"I","1_12_none_I_58",NA,0,NA,NA,NA,NA,NA
"359",2013,"1","none",12,"U","1_12_none_U_59",NA,0,NA,NA,NA,NA,NA
"360",2013,"1","none",12,"L","1_12_none_L_60",NA,0,NA,NA,NA,NA,NA
"361",2013,"2","aphid",1,"W","2_1_aphid_W_1",NA,0,NA,NA,NA,NA,NA
"362",2013,"2","aphid",1,"X","2_1_aphid_X_2",NA,0,NA,NA,NA,NA,NA
"363",2013,"2","aphid",1,"G","2_1_aphid_G_3",NA,0,NA,NA,NA,NA,NA
"364",2013,"2","none",1,"G","2_1_none_G_4",NA,0,NA,NA,NA,NA,NA
"365",2013,"2","none",1,"X","2_1_none_X_5",NA,0,NA,NA,NA,NA,NA
"366",2013,"2","none",1,"W","2_1_none_W_6",NA,0,NA,NA,NA,NA,NA
"367",2013,"2","aphid",1,"T","2_1_aphid_T_7",NA,0,NA,NA,NA,NA,NA
"368",2013,"2","none",1,"T","2_1_none_T_8",NA,0,NA,NA,NA,NA,NA
"369",2013,"2","aphid",1,"S","2_1_aphid_S_9",NA,0,NA,NA,NA,NA,NA
"370",2013,"2","aphid",1,"F","2_1_aphid_F_10",16,6,NA,NA,NA,NA,NA
"371",2013,"2","aphid",1,"J","2_1_aphid_J_11",NA,0,NA,NA,NA,NA,NA
"372",2013,"2","none",1,"S","2_1_none_S_12",NA,0,NA,NA,NA,NA,NA
"373",2013,"2","aphid",1,"I","2_1_aphid_I_13",NA,0,NA,NA,NA,NA,NA
"374",2013,"2","none",1,"F","2_1_none_F_14",34.5,11,NA,NA,NA,NA,NA
"375",2013,"2","none",1,"I","2_1_none_I_15",14.5,3,NA,NA,NA,NA,NA
"376",2013,"2","aphid",1,"U","2_1_aphid_U_16",NA,0,NA,NA,NA,NA,NA
"377",2013,"2","none",1,"J","2_1_none_J_17",18.5,9,NA,NA,NA,NA,NA
"378",2013,"2","none",1,"U","2_1_none_U_18",NA,0,NA,NA,NA,NA,NA
"379",2013,"2","aphid",1,"L","2_1_aphid_L_19",NA,0,NA,NA,NA,NA,NA
"380",2013,"2","none",1,"L","2_1_none_L_20",28,6,NA,NA,NA,NA,NA
"381",2013,"2","aphid",6,"X","2_6_aphid_X_21",NA,0,NA,NA,NA,NA,NA
"382",2013,"2","aphid",6,"G","2_6_aphid_G_22",5.5,1,NA,NA,NA,NA,NA
"383",2013,"2","none",6,"X","2_6_none_X_23",NA,0,NA,NA,NA,NA,NA
"384",2013,"2","none",6,"G","2_6_none_G_24",NA,0,NA,NA,NA,NA,NA
"385",2013,"2","aphid",6,"W","2_6_aphid_W_25",8.5,4,NA,NA,NA,NA,NA
"386",2013,"2","aphid",6,"T","2_6_aphid_T_26",9,1,NA,NA,NA,NA,NA
"387",2013,"2","none",6,"T","2_6_none_T_27",NA,0,NA,NA,NA,NA,NA
"388",2013,"2","none",6,"W","2_6_none_W_28",NA,0,NA,NA,NA,NA,NA
"389",2013,"2","aphid",6,"S","2_6_aphid_S_29",5,4,NA,NA,NA,NA,NA
"390",2013,"2","none",6,"S","2_6_none_S_30",NA,0,NA,NA,NA,NA,NA
"391",2013,"2","aphid",6,"I","2_6_aphid_I_31",6,5,NA,NA,NA,NA,NA
"392",2013,"2","none",6,"I","2_6_none_I_32",NA,0,NA,NA,NA,NA,NA
"393",2013,"2","aphid",6,"F","2_6_aphid_F_33",NA,0,NA,NA,NA,NA,NA
"394",2013,"2","aphid",6,"U","2_6_aphid_U_34",NA,0,NA,NA,NA,NA,NA
"395",2013,"2","aphid",6,"J","2_6_aphid_J_35",3,1,NA,NA,NA,NA,NA
"396",2013,"2","none",6,"J","2_6_none_J_36",4.5,3,NA,NA,NA,NA,NA
"397",2013,"2","none",6,"F","2_6_none_F_37",3.5,1,NA,NA,NA,NA,NA
"398",2013,"2","none",6,"U","2_6_none_U_38",NA,0,NA,NA,NA,NA,NA
"399",2013,"2","aphid",6,"L","2_6_aphid_L_39",4.5,4,NA,NA,NA,NA,NA
"400",2013,"2","none",6,"L","2_6_none_L_40",6,2,NA,NA,NA,NA,NA
"401",2013,"2","aphid",12,"X","2_12_aphid_X_41",NA,0,NA,NA,NA,NA,NA
"402",2013,"2","none",12,"X","2_12_none_X_42",5,1,NA,NA,NA,NA,NA
"403",2013,"2","aphid",12,"G","2_12_aphid_G_43",9,5,NA,NA,NA,NA,NA
"404",2013,"2","aphid",12,"T","2_12_aphid_T_44",NA,0,NA,NA,NA,NA,NA
"405",2013,"2","none",12,"T","2_12_none_T_45",1.5,1,NA,NA,NA,NA,NA
"406",2013,"2","none",12,"G","2_12_none_G_46",NA,0,NA,NA,NA,NA,NA
"407",2013,"2","aphid",12,"S","2_12_aphid_S_47",NA,0,NA,NA,NA,NA,NA
"408",2013,"2","none",12,"S","2_12_none_S_48",NA,0,NA,NA,NA,NA,NA
"409",2013,"2","aphid",12,"I","2_12_aphid_I_49",10,4,NA,NA,NA,NA,NA
"410",2013,"2","none",12,"I","2_12_none_I_50",NA,0,NA,NA,NA,NA,NA
"411",2013,"2","aphid",12,"W","2_12_aphid_W_51",NA,0,NA,NA,NA,NA,NA
"412",2013,"2","none",12,"W","2_12_none_W_52",NA,0,NA,NA,NA,NA,NA
"413",2013,"2","aphid",12,"J","2_12_aphid_J_53",NA,0,NA,NA,NA,NA,NA
"414",2013,"2","none",12,"J","2_12_none_J_54",NA,0,NA,NA,NA,NA,NA
"415",2013,"2","aphid",12,"F","2_12_aphid_F_55",NA,0,NA,NA,NA,NA,NA
"416",2013,"2","aphid",12,"L","2_12_aphid_L_56",NA,0,NA,NA,NA,NA,NA
"417",2013,"2","none",12,"F","2_12_none_F_57",NA,0,NA,NA,NA,NA,NA
"418",2013,"2","aphid",12,"U","2_12_aphid_U_58",NA,0,NA,NA,NA,NA,NA
"419",2013,"2","none",12,"U","2_12_none_U_59",NA,0,NA,NA,NA,NA,NA
"420",2013,"2","none",12,"L","2_12_none_L_60",10,2,NA,NA,NA,NA,NA
"421",2013,"3","aphid",1,"X","3_1_aphid_X_1",NA,0,NA,NA,NA,NA,NA
"422",2013,"3","none",1,"X","3_1_none_X_2",4,1,NA,NA,NA,NA,NA
"423",2013,"3","aphid",1,"T","3_1_aphid_T_3",NA,0,NA,NA,NA,NA,NA
"424",2013,"3","none",1,"T","3_1_none_T_4",NA,0,NA,NA,NA,NA,NA
"425",2013,"3","aphid",1,"G","3_1_aphid_G_5",NA,0,NA,NA,NA,NA,NA
"426",2013,"3","none",1,"G","3_1_none_G_6",NA,0,NA,NA,NA,NA,NA
"427",2013,"3","aphid",1,"S","3_1_aphid_S_7",NA,0,NA,NA,NA,NA,NA
"428",2013,"3","none",1,"S","3_1_none_S_8",NA,0,NA,NA,NA,NA,NA
"429",2013,"3","aphid",1,"I","3_1_aphid_I_9",NA,0,NA,NA,NA,NA,NA
"430",2013,"3","aphid",1,"J","3_1_aphid_J_10",NA,0,NA,NA,NA,NA,NA
"431",2013,"3","none",1,"I","3_1_none_I_11",NA,0,NA,NA,NA,NA,NA
"432",2013,"3","aphid",1,"W","3_1_aphid_W_12",NA,0,NA,NA,NA,NA,NA
"433",2013,"3","aphid",1,"F","3_1_aphid_F_13",NA,0,NA,NA,NA,NA,NA
"434",2013,"3","none",1,"W","3_1_none_W_14",4,1,NA,NA,NA,NA,NA
"435",2013,"3","aphid",1,"U","3_1_aphid_U_15",NA,0,NA,NA,NA,NA,NA
"436",2013,"3","none",1,"F","3_1_none_F_16",NA,0,NA,NA,NA,NA,NA
"437",2013,"3","none",1,"U","3_1_none_U_17",NA,0,NA,NA,NA,NA,NA
"438",2013,"3","none",1,"J","3_1_none_J_18",5,1,NA,NA,NA,NA,NA
"439",2013,"3","aphid",1,"L","3_1_aphid_L_19",NA,0,NA,NA,NA,NA,NA
"440",2013,"3","none",1,"L","3_1_none_L_20",4,4,NA,NA,NA,NA,NA
"441",2013,"3","aphid",6,"X","3_6_aphid_X_21",NA,0,NA,NA,NA,NA,NA
"442",2013,"3","none",6,"X","3_6_none_X_22",3.5,2,NA,NA,NA,NA,NA
"443",2013,"3","aphid",6,"T","3_6_aphid_T_23",NA,0,NA,NA,NA,NA,NA
"444",2013,"3","none",6,"T","3_6_none_T_24",NA,0,NA,NA,NA,NA,NA
"445",2013,"3","aphid",6,"G","3_6_aphid_G_25",2,3,NA,NA,NA,NA,NA
"446",2013,"3","none",6,"G","3_6_none_G_26",NA,0,NA,NA,NA,NA,NA
"447",2013,"3","aphid",6,"S","3_6_aphid_S_27",NA,0,NA,NA,NA,NA,NA
"448",2013,"3","none",6,"S","3_6_none_S_28",NA,0,NA,NA,NA,NA,NA
"449",2013,"3","aphid",6,"I","3_6_aphid_I_29",NA,0,NA,NA,NA,NA,NA
"450",2013,"3","none",6,"I","3_6_none_I_30",1.5,1,NA,NA,NA,NA,NA
"451",2013,"3","aphid",6,"W","3_6_aphid_W_31",NA,0,NA,NA,NA,NA,NA
"452",2013,"3","aphid",6,"U","3_6_aphid_U_32",NA,0,NA,NA,NA,NA,NA
"453",2013,"3","aphid",6,"J","3_6_aphid_J_33",NA,0,NA,NA,NA,NA,NA
"454",2013,"3","aphid",6,"F","3_6_aphid_F_34",6,3,NA,NA,NA,NA,NA
"455",2013,"3","none",6,"F","3_6_none_F_35",NA,0,NA,NA,NA,NA,NA
"456",2013,"3","none",6,"U","3_6_none_U_36",NA,0,NA,NA,NA,NA,NA
"457",2013,"3","aphid",6,"L","3_6_aphid_L_37",NA,0,NA,NA,NA,NA,NA
"458",2013,"3","none",6,"W","3_6_none_W_38",7,1,NA,NA,NA,NA,NA
"459",2013,"3","none",6,"L","3_6_none_L_39",47.5,10,NA,NA,NA,NA,NA
"460",2013,"3","none",6,"J","3_6_none_J_40",NA,0,NA,NA,NA,NA,NA
"461",2013,"3","aphid",12,"T","3_12_aphid_T_41",NA,0,NA,NA,NA,NA,NA
"462",2013,"3","aphid",12,"X","3_12_aphid_X_42",NA,0,NA,NA,NA,NA,NA
"463",2013,"3","aphid",12,"S","3_12_aphid_S_43",NA,0,NA,NA,NA,NA,NA
"464",2013,"3","aphid",12,"G","3_12_aphid_G_44",NA,0,NA,NA,NA,NA,NA
"465",2013,"3","aphid",12,"I","3_12_aphid_I_45",NA,0,NA,NA,NA,NA,NA
"466",2013,"3","none",12,"T","3_12_none_T_46",NA,0,NA,NA,NA,NA,NA
"467",2013,"3","none",12,"G","3_12_none_G_47",NA,0,NA,NA,NA,NA,NA
"468",2013,"3","none",12,"I","3_12_none_I_48",NA,0,NA,NA,NA,NA,NA
"469",2013,"3","none",12,"X","3_12_none_X_49",NA,0,NA,NA,NA,NA,NA
"470",2013,"3","aphid",12,"F","3_12_aphid_F_50",5,3,NA,NA,NA,NA,NA
"471",2013,"3","aphid",12,"U","3_12_aphid_U_51",NA,0,NA,NA,NA,NA,NA
"472",2013,"3","none",12,"F","3_12_none_F_52",5,1,NA,NA,NA,NA,NA
"473",2013,"3","none",12,"S","3_12_none_S_53",NA,0,NA,NA,NA,NA,NA
"474",2013,"3","aphid",12,"W","3_12_aphid_W_54",NA,0,NA,NA,NA,NA,NA
"475",2013,"3","none",12,"W","3_12_none_W_55",NA,0,NA,NA,NA,NA,NA
"476",2013,"3","aphid",12,"J","3_12_aphid_J_56",NA,0,NA,NA,NA,NA,NA
"477",2013,"3","none",12,"U","3_12_none_U_57",NA,0,NA,NA,NA,NA,NA
"478",2013,"3","none",12,"J","3_12_none_J_58",NA,0,NA,NA,NA,NA,NA
"479",2013,"3","aphid",12,"L","3_12_aphid_L_59",NA,0,NA,NA,NA,NA,NA
"480",2013,"3","none",12,"L","3_12_none_L_60",NA,0,NA,NA,NA,NA,NA
"481",2013,"4","aphid",1,"G","4_1_aphid_G_1",NA,0,NA,NA,NA,NA,NA
"482",2013,"4","aphid",1,"X","4_1_aphid_X_2",NA,0,NA,NA,NA,NA,NA
"483",2013,"4","none",1,"X","4_1_none_X_3",NA,0,NA,NA,NA,NA,NA
"484",2013,"4","aphid",1,"I","4_1_aphid_I_4",NA,0,NA,NA,NA,NA,NA
"485",2013,"4","none",1,"I","4_1_none_I_5",NA,0,NA,NA,NA,NA,NA
"486",2013,"4","none",1,"G","4_1_none_G_6",NA,0,NA,NA,NA,NA,NA
"487",2013,"4","aphid",1,"T","4_1_aphid_T_7",NA,0,NA,NA,NA,NA,NA
"488",2013,"4","none",1,"T","4_1_none_T_8",NA,0,NA,NA,NA,NA,NA
"489",2013,"4","aphid",1,"F","4_1_aphid_F_9",NA,0,NA,NA,NA,NA,NA
"490",2013,"4","none",1,"F","4_1_none_F_10",NA,0,NA,NA,NA,NA,NA
"491",2013,"4","aphid",1,"W","4_1_aphid_W_11",NA,0,NA,NA,NA,NA,NA
"492",2013,"4","aphid",1,"U","4_1_aphid_U_12",NA,0,NA,NA,NA,NA,NA
"493",2013,"4","aphid",1,"S","4_1_aphid_S_13",NA,0,NA,NA,NA,NA,NA
"494",2013,"4","aphid",1,"J","4_1_aphid_J_14",NA,0,NA,NA,NA,NA,NA
"495",2013,"4","none",1,"U","4_1_none_U_15",NA,0,NA,NA,NA,NA,NA
"496",2013,"4","none",1,"J","4_1_none_J_16",4,1,NA,NA,NA,NA,NA
"497",2013,"4","none",1,"W","4_1_none_W_17",5.5,1,NA,NA,NA,NA,NA
"498",2013,"4","aphid",1,"L","4_1_aphid_L_18",NA,0,NA,NA,NA,NA,NA
"499",2013,"4","none",1,"L","4_1_none_L_19",NA,0,NA,NA,NA,NA,NA
"500",2013,"4","none",1,"S","4_1_none_S_20",NA,0,NA,NA,NA,NA,NA
"501",2013,"4","aphid",6,"I","4_6_aphid_I_21",6,2,NA,NA,NA,NA,NA
"502",2013,"4","none",6,"I","4_6_none_I_22",NA,0,NA,NA,NA,NA,NA
"503",2013,"4","aphid",6,"X","4_6_aphid_X_23",NA,0,NA,NA,NA,NA,NA
"504",2013,"4","none",6,"X","4_6_none_X_24",NA,0,NA,NA,NA,NA,NA
"505",2013,"4","aphid",6,"F","4_6_aphid_F_25",NA,0,NA,NA,NA,NA,NA
"506",2013,"4","none",6,"F","4_6_none_F_26",NA,0,NA,NA,NA,NA,NA
"507",2013,"4","aphid",6,"U","4_6_aphid_U_27",NA,0,NA,NA,NA,NA,NA
"508",2013,"4","aphid",6,"G","4_6_aphid_G_28",NA,0,NA,NA,NA,NA,NA
"509",2013,"4","aphid",6,"W","4_6_aphid_W_29",5,4,NA,NA,NA,NA,NA
"510",2013,"4","none",6,"W","4_6_none_W_30",NA,0,NA,NA,NA,NA,NA
"511",2013,"4","none",6,"U","4_6_none_U_31",NA,0,NA,NA,NA,NA,NA
"512",2013,"4","aphid",6,"T","4_6_aphid_T_32",NA,0,NA,NA,NA,NA,NA
"513",2013,"4","aphid",6,"L","4_6_aphid_L_33",NA,0,NA,NA,NA,NA,NA
"514",2013,"4","none",6,"G","4_6_none_G_34",NA,0,NA,NA,NA,NA,NA
"515",2013,"4","none",6,"T","4_6_none_T_35",NA,0,NA,NA,NA,NA,NA
"516",2013,"4","none",6,"L","4_6_none_L_36",NA,0,NA,NA,NA,NA,NA
"517",2013,"4","aphid",6,"J","4_6_aphid_J_37",5,1,NA,NA,NA,NA,NA
"518",2013,"4","none",6,"J","4_6_none_J_38",2,2,NA,NA,NA,NA,NA
"519",2013,"4","aphid",6,"S","4_6_aphid_S_39",28,4,NA,NA,NA,NA,NA
"520",2013,"4","none",6,"S","4_6_none_S_40",NA,0,NA,NA,NA,NA,NA
"521",2013,"4","aphid",12,"I","4_12_aphid_I_41",5,1,NA,NA,NA,NA,NA
"522",2013,"4","aphid",12,"X","4_12_aphid_X_42",10.5,1,NA,NA,NA,NA,NA
"523",2013,"4","none",12,"X","4_12_none_X_43",NA,0,NA,NA,NA,NA,NA
"524",2013,"4","none",12,"I","4_12_none_I_44",NA,0,NA,NA,NA,NA,NA
"525",2013,"4","aphid",12,"F","4_12_aphid_F_45",6,1,NA,NA,NA,NA,NA
"526",2013,"4","aphid",12,"W","4_12_aphid_W_46",6,2,NA,NA,NA,NA,NA
"527",2013,"4","none",12,"F","4_12_none_F_47",NA,0,NA,NA,NA,NA,NA
"528",2013,"4","none",12,"W","4_12_none_W_48",NA,0,NA,NA,NA,NA,NA
"529",2013,"4","aphid",12,"U","4_12_aphid_U_49",NA,0,NA,NA,NA,NA,NA
"530",2013,"4","none",12,"U","4_12_none_U_50",NA,0,NA,NA,NA,NA,NA
"531",2013,"4","aphid",12,"G","4_12_aphid_G_51",NA,0,NA,NA,NA,NA,NA
"532",2013,"4","none",12,"G","4_12_none_G_52",NA,0,NA,NA,NA,NA,NA
"533",2013,"4","aphid",12,"L","4_12_aphid_L_53",NA,0,NA,NA,NA,NA,NA
"534",2013,"4","aphid",12,"T","4_12_aphid_T_54",15,4,NA,NA,NA,NA,NA
"535",2013,"4","none",12,"T","4_12_none_T_55",NA,0,NA,NA,NA,NA,NA
"536",2013,"4","none",12,"L","4_12_none_L_56",9,1,NA,NA,NA,NA,NA
"537",2013,"4","aphid",12,"J","4_12_aphid_J_57",9,5,NA,NA,NA,NA,NA
"538",2013,"4","aphid",12,"S","4_12_aphid_S_58",17,2,NA,NA,NA,NA,NA
"539",2013,"4","none",12,"J","4_12_none_J_59",5,1,NA,NA,NA,NA,NA
"540",2013,"4","none",12,"S","4_12_none_S_60",NA,0,NA,NA,NA,NA,NA
"541",2013,"5","aphid",1,"X","5_1_aphid_X_1",8,1,NA,NA,NA,NA,NA
"542",2013,"5","aphid",1,"I","5_1_aphid_I_2",NA,0,NA,NA,NA,NA,NA
"543",2013,"5","none",1,"I","5_1_none_I_3",13,3,NA,NA,NA,NA,NA
"544",2013,"5","aphid",1,"F","5_1_aphid_F_4",5,1,NA,NA,NA,NA,NA
"545",2013,"5","none",1,"F","5_1_none_F_5",17,9,NA,NA,NA,NA,NA
"546",2013,"5","aphid",1,"W","5_1_aphid_W_6",15,5,NA,NA,NA,NA,NA
"547",2013,"5","none",1,"W","5_1_none_W_7",13,3,NA,NA,NA,NA,NA
"548",2013,"5","aphid",1,"G","5_1_aphid_G_8",NA,0,NA,NA,NA,NA,NA
"549",2013,"5","aphid",1,"U","5_1_aphid_U_9",NA,0,NA,NA,NA,NA,NA
"550",2013,"5","none",1,"X","5_1_none_X_10",22,1,NA,NA,NA,NA,NA
"551",2013,"5","aphid",1,"T","5_1_aphid_T_11",19,2,NA,NA,NA,NA,NA
"552",2013,"5","aphid",1,"J","5_1_aphid_J_12",3.5,1,NA,NA,NA,NA,NA
"553",2013,"5","none",1,"J","5_1_none_J_13",10,8,NA,NA,NA,NA,NA
"554",2013,"5","none",1,"U","5_1_none_U_14",NA,0,NA,NA,NA,NA,NA
"555",2013,"5","aphid",1,"S","5_1_aphid_S_15",14,9,NA,NA,NA,NA,NA
"556",2013,"5","aphid",1,"L","5_1_aphid_L_16",NA,0,NA,NA,NA,NA,NA
"557",2013,"5","none",1,"G","5_1_none_G_17",17,8,NA,NA,NA,NA,NA
"558",2013,"5","none",1,"L","5_1_none_L_18",9,1,NA,NA,NA,NA,NA
"559",2013,"5","none",1,"T","5_1_none_T_19",14,1,NA,NA,NA,NA,NA
"560",2013,"5","none",1,"S","5_1_none_S_20",NA,0,NA,NA,NA,NA,NA
"561",2013,"5","aphid",6,"F","5_6_aphid_F_21",NA,0,NA,NA,NA,NA,NA
"562",2013,"5","aphid",6,"W","5_6_aphid_W_22",10,2,NA,NA,NA,NA,NA
"563",2013,"5","none",6,"W","5_6_none_W_23",9.5,3,NA,NA,NA,NA,NA
"564",2013,"5","none",6,"F","5_6_none_F_24",5.5,1,NA,NA,NA,NA,NA
"565",2013,"5","aphid",6,"X","5_6_aphid_X_25",NA,0,NA,NA,NA,NA,NA
"566",2013,"5","aphid",6,"J","5_6_aphid_J_26",7.5,2,NA,NA,NA,NA,NA
"567",2013,"5","none",6,"J","5_6_none_J_27",10,4,NA,NA,NA,NA,NA
"568",2013,"5","none",6,"X","5_6_none_X_28",NA,0,NA,NA,NA,NA,NA
"569",2013,"5","aphid",6,"L","5_6_aphid_L_29",5.5,2,NA,NA,NA,NA,NA
"570",2013,"5","aphid",6,"G","5_6_aphid_G_30",NA,0,NA,NA,NA,NA,NA
"571",2013,"5","aphid",6,"I","5_6_aphid_I_31",11.5,7,NA,NA,NA,NA,NA
"572",2013,"5","aphid",6,"S","5_6_aphid_S_32",NA,0,NA,NA,NA,NA,NA
"573",2013,"5","none",6,"S","5_6_none_S_33",NA,0,NA,NA,NA,NA,NA
"574",2013,"5","aphid",6,"T","5_6_aphid_T_34",10,2,NA,NA,NA,NA,NA
"575",2013,"5","none",6,"G","5_6_none_G_35",NA,0,NA,NA,NA,NA,NA
"576",2013,"5","aphid",6,"U","5_6_aphid_U_36",NA,0,NA,NA,NA,NA,NA
"577",2013,"5","none",6,"T","5_6_none_T_37",8.5,6,NA,NA,NA,NA,NA
"578",2013,"5","none",6,"U","5_6_none_U_38",NA,0,NA,NA,NA,NA,NA
"579",2013,"5","none",6,"I","5_6_none_I_39",13,6,NA,NA,NA,NA,NA
"580",2013,"5","none",6,"L","5_6_none_L_40",7,8,NA,NA,NA,NA,NA
"581",2013,"5","aphid",12,"W","5_12_aphid_W_41",55,22,NA,NA,NA,NA,NA
"582",2013,"5","aphid",12,"X","5_12_aphid_X_42",15,1,NA,NA,NA,NA,NA
"583",2013,"5","none",12,"W","5_12_none_W_43",50,1,NA,NA,NA,NA,NA
"584",2013,"5","none",12,"X","5_12_none_X_44",NA,0,NA,NA,NA,NA,NA
"585",2013,"5","aphid",12,"G","5_12_aphid_G_45",NA,0,NA,NA,NA,NA,NA
"586",2013,"5","aphid",12,"T","5_12_aphid_T_46",58,11,NA,NA,NA,NA,NA
"587",2013,"5","aphid",12,"F","5_12_aphid_F_47",51,18,NA,NA,NA,NA,NA
"588",2013,"5","aphid",12,"J","5_12_aphid_J_48",56,18,NA,NA,NA,NA,NA
"589",2013,"5","none",12,"J","5_12_none_J_49",11,1,NA,NA,NA,NA,NA
"590",2013,"5","aphid",12,"I","5_12_aphid_I_50",49.5,7,NA,NA,NA,NA,NA
"591",2013,"5","none",12,"I","5_12_none_I_51",49.5,16,NA,NA,NA,NA,NA
"592",2013,"5","none",12,"T","5_12_none_T_52",NA,0,NA,NA,NA,NA,NA
"593",2013,"5","aphid",12,"S","5_12_aphid_S_53",NA,0,NA,NA,NA,NA,NA
"594",2013,"5","none",12,"G","5_12_none_G_54",NA,0,NA,NA,NA,NA,NA
"595",2013,"5","aphid",12,"L","5_12_aphid_L_55",NA,0,NA,NA,NA,NA,NA
"596",2013,"5","aphid",12,"U","5_12_aphid_U_56",38,2,NA,NA,NA,NA,NA
"597",2013,"5","none",12,"U","5_12_none_U_57",12,1,NA,NA,NA,NA,NA
"598",2013,"5","none",12,"S","5_12_none_S_58",63,11,NA,NA,NA,NA,NA
"599",2013,"5","none",12,"L","5_12_none_L_59",56.5,13,NA,NA,NA,NA,NA
"600",2013,"5","none",12,"F","5_12_none_F_60",39.5,14,NA,NA,NA,NA,NA
