"","Year","Block","Wind.Exposure","Genotype","plant_ID","Dead","Height","all.shoot.count","all.shoot.avg.length","leaf_trichome.density","leaf_WC","SLA","leaf_area.mm2","leaf_C_N","leaf_C.mg","leaf_N.mg","leaf_C.perc","leaf_N.perc","trait.PC1","trait.PC2","root_N.perc","root_N.mg","root_C.perc","root_C.mg","root_CN"
"1",2012,"1","Exposed","I","1EI1",0,29,6,1.25,3,1.67391304347826,NA,NA,NA,NA,NA,NA,NA,0.844346058869037,-0.564189049516298,NA,NA,NA,NA,NA
"2",2012,"1","Exposed","W","1EW2",0,32,6,1.09375,23,1.13793103448276,NA,NA,NA,NA,NA,NA,NA,0.979603944184565,-0.695707513191406,NA,NA,NA,NA,NA
"3",2012,"1","Exposed","F","1EF3",0,34,3,1.09375,2,1.49152542372881,NA,NA,NA,NA,NA,NA,NA,0.2424355266968,-1.38347114937189,NA,NA,NA,NA,NA
"4",2012,"1","Exposed","L","1EL4",0,26.5,4,0.78125,25,1.62790697674419,NA,NA,NA,NA,NA,NA,NA,-0.493048894505681,-0.0223063363077598,NA,NA,NA,NA,NA
"5",2012,"1","Exposed","T","1ET5",0,38.5,2,0.96875,0,1.89795918367347,NA,NA,NA,NA,NA,NA,NA,0.0117458565443154,-1.0810219676704,NA,NA,NA,NA,NA
"6",2012,"1","Exposed","X","1EX6",0,17,3,0.5625,63,2.39130434782609,NA,NA,NA,NA,NA,NA,NA,-1.72408542336146,2.51735100780161,NA,NA,NA,NA,NA
"7",2012,"1","Exposed","J","1EJ7",0,36.5,6,1.125,3,1.91666666666667,NA,NA,NA,NA,NA,NA,NA,1.0958800395945,-0.354555276175928,NA,NA,NA,NA,NA
"8",2012,"1","Exposed","S","1ES8",0,38.5,2,1.1875,30,1.55769230769231,NA,NA,NA,NA,NA,NA,NA,0.598623237815047,-0.575685604261242,NA,NA,NA,NA,NA
"9",2012,"1","Exposed","U","1EU9",0,33.5,2,0.9375,0,1.74285714285714,NA,NA,NA,NA,NA,NA,NA,-0.355115421181959,-1.19158906514198,NA,NA,NA,NA,NA
"10",2012,"1","Exposed","G","1EG10",0,23,5,0.65625,0,1.61111111111111,NA,NA,NA,NA,NA,NA,NA,-0.829855020915975,-0.670741134928938,NA,NA,NA,NA,NA
"11",2012,"1","Unexposed","W","1UW1",0,32,4,1.3125,20,1.39473684210526,NA,NA,NA,NA,NA,NA,NA,0.822880415064248,-0.74910053085772,NA,NA,NA,NA,NA
"12",2012,"1","Unexposed","F","1UF2",0,31,3,0.6875,1,1.66666666666667,NA,NA,NA,NA,NA,NA,NA,-0.703565708817612,-1.02643864210685,NA,NA,NA,NA,NA
"13",2012,"1","Unexposed","I","1UI3",0,25.5,1,1.0625,0,1.49056603773585,NA,NA,NA,NA,NA,NA,NA,-0.874295335643185,-1.54828462347785,NA,NA,NA,NA,NA
"14",2012,"1","Unexposed","L","1UL4",0,28,6,1.28125,0,2,NA,NA,NA,NA,NA,NA,NA,0.752226637241226,-0.173818942242607,NA,NA,NA,NA,NA
"15",2012,"1","Unexposed","T","1UT5",0,39,3,1.21875,3,1.81,NA,NA,NA,NA,NA,NA,NA,0.744311692829759,-1.01483878478259,NA,NA,NA,NA,NA
"16",2012,"1","Unexposed","X","1UX6",0,35.5,4,1.59375,6,2.06451612903226,NA,NA,NA,NA,NA,NA,NA,1.35202843140716,-0.379311643507467,NA,NA,NA,NA,NA
"17",2012,"1","Unexposed","S","1US7",0,36.5,3,1.4375,1,1.734375,NA,NA,NA,NA,NA,NA,NA,0.955689407913237,-1.17620272808705,NA,NA,NA,NA,NA
"18",2012,"1","Unexposed","U","1UU8",0,27.5,1,0.65625,0,1.55696202531646,NA,NA,NA,NA,NA,NA,NA,-1.45151007109731,-1.42703996423684,NA,NA,NA,NA,NA
"19",2012,"1","Unexposed","J","1UJ9",0,34,7,1.5625,4,1.93023255813954,NA,NA,NA,NA,NA,NA,NA,1.91724574083368,-0.173967683998697,NA,NA,NA,NA,NA
"20",2012,"1","Unexposed","G","1UG10",0,25,3,0.5625,1,1.48648648648649,NA,NA,NA,NA,NA,NA,NA,-1.29604920790461,-1.13565801884515,NA,NA,NA,NA,NA
"21",2012,"2","Exposed","W","2EW1",0,26.5,2,0.75,21,1.78461538461538,NA,NA,NA,NA,NA,NA,NA,-1.06686488733984,-0.214762651195403,NA,NA,NA,NA,NA
"22",2012,"2","Exposed","F","2EF2",0,25.5,4,0.875,1,1.48,NA,NA,NA,NA,NA,NA,NA,-0.485660491224295,-1.06477483575841,NA,NA,NA,NA,NA
"23",2012,"2","Exposed","I","2EI3",0,11,3,0.15625,NA,NA,NA,NA,NA,NA,NA,NA,NA,-2.96277753025461,0.467481163654962,NA,NA,NA,NA,NA
"24",2012,"2","Exposed","L","2EL4",0,31,11,1.09375,8,1.64705882352941,NA,NA,NA,NA,NA,NA,NA,1.9167713506085,0.272870558695074,NA,NA,NA,NA,NA
"25",2012,"2","Exposed","T","2ET5",0,43,3,1.125,0,1.89230769230769,NA,NA,NA,NA,NA,NA,NA,0.826509988262264,-1.07155865106937,NA,NA,NA,NA,NA
"26",2012,"2","Exposed","X","2EX6",1,NA,NA,NA,NA,NA,NA,NA,NA,NA,NA,NA,NA,9.42560051063142e-05,-0.000299954463162722,NA,NA,NA,NA,NA
"27",2012,"2","Exposed","S","2ES7",0,37.5,3,0.875,0,1.58333333333333,NA,NA,NA,NA,NA,NA,NA,0.0774170826795526,-1.35938817876436,NA,NA,NA,NA,NA
"28",2012,"2","Exposed","U","2EU8",0,33,2,0.90625,7,1.67948717948718,NA,NA,NA,NA,NA,NA,NA,-0.397681368946002,-1.02520618301894,NA,NA,NA,NA,NA
"29",2012,"2","Exposed","J","2EJ9",0,26.5,6,1.4375,4,2.08695652173913,NA,NA,NA,NA,NA,NA,NA,0.921410736131781,0.0992384526085661,NA,NA,NA,NA,NA
"30",2012,"2","Exposed","G","2EG10",1,NA,NA,NA,NA,NA,NA,NA,NA,NA,NA,NA,NA,9.42560051063142e-05,-0.000299954463162722,NA,NA,NA,NA,NA
"31",2012,"2","Unexposed","W","2UW1",1,NA,NA,NA,NA,NA,NA,NA,NA,NA,NA,NA,NA,9.42560051063142e-05,-0.000299954463162722,NA,NA,NA,NA,NA
"32",2012,"2","Unexposed","I","2UI2",0,26.5,5,0.9375,43,1.56756756756757,NA,NA,NA,NA,NA,NA,NA,0.109585172326892,0.631473687588871,NA,NA,NA,NA,NA
"33",2012,"2","Unexposed","F","2UF3",0,28,4,1,NA,NA,NA,NA,NA,NA,NA,NA,NA,-0.0858303806198731,-0.0297068371098179,NA,NA,NA,NA,NA
"34",2012,"2","Unexposed","L","2UL4",0,32,8,1.3125,59,3.08,NA,NA,NA,NA,NA,NA,NA,1.62336241968497,3.64780727626384,NA,NA,NA,NA,NA
"35",2012,"2","Unexposed","X","2UX5",0,29,4,0.8125,53,1.85507246376812,NA,NA,NA,NA,NA,NA,NA,-0.177958398988085,1.22046955320283,NA,NA,NA,NA,NA
"36",2012,"2","Unexposed","S","2US6",1,NA,NA,NA,NA,NA,NA,NA,NA,NA,NA,NA,NA,9.42560051063142e-05,-0.000299954463162722,NA,NA,NA,NA,NA
"37",2012,"2","Unexposed","U","2UU7",0,38,4,1.25,28,3.23529411764706,NA,NA,NA,NA,NA,NA,NA,0.808103782880302,2.1002134198067,NA,NA,NA,NA,NA
"38",2012,"2","Unexposed","T","2UT8",0,31.5,3,0.75,17,1.88732394366197,NA,NA,NA,NA,NA,NA,NA,-0.527712823472734,-0.170136787328209,NA,NA,NA,NA,NA
"39",2012,"2","Unexposed","J","2UJ9",0,4.5,3,0.15625,NA,NA,NA,NA,NA,NA,NA,NA,NA,-3.41129434462027,0.565682714198062,NA,NA,NA,NA,NA
"40",2012,"2","Unexposed","G","2UG10",0,13,4,0.1875,NA,NA,NA,NA,NA,NA,NA,NA,NA,-2.53024040848245,0.648885692081977,NA,NA,NA,NA,NA
"41",2012,"3","Exposed","W","3EW1",0,29.5,2,0.84375,38,1.57446808510638,NA,NA,NA,NA,NA,NA,NA,-0.577341544401475,-0.0154327576495923,NA,NA,NA,NA,NA
"42",2012,"3","Exposed","F","3EF2",0,26,4,0.84375,2,1.40909090909091,NA,NA,NA,NA,NA,NA,NA,-0.486818823981414,-1.13976749704089,NA,NA,NA,NA,NA
"43",2012,"3","Exposed","L","3EL3",0,30.5,5,1,13,1.58974358974359,NA,NA,NA,NA,NA,NA,NA,0.344362841177132,-0.476037085175897,NA,NA,NA,NA,NA
"44",2012,"3","Exposed","I","3EI4",0,26.5,7,1.1875,36,1.5,NA,NA,NA,NA,NA,NA,NA,0.99136831366811,0.536049210747538,NA,NA,NA,NA,NA
"45",2012,"3","Exposed","U","3EU5",0,30.5,5,1.21875,0,1.98181818181818,NA,NA,NA,NA,NA,NA,NA,0.584094991428321,-0.389744542291894,NA,NA,NA,NA,NA
"46",2012,"3","Exposed","X","3EX6",0,29.5,3,0.59375,NA,NA,NA,NA,NA,NA,NA,NA,NA,-0.927337475647578,-0.0553859390292601,NA,NA,NA,NA,NA
"47",2012,"3","Exposed","S","3ES7",1,NA,NA,NA,NA,NA,NA,NA,NA,NA,NA,NA,NA,9.42560051063142e-05,-0.000299954463162722,NA,NA,NA,NA,NA
"48",2012,"3","Exposed","J","3EJ8",0,15,6,0.34375,17,3.33333333333333,NA,NA,NA,NA,NA,NA,NA,-1.93550248811239,2.81534536494518,NA,NA,NA,NA,NA
"49",2012,"3","Exposed","T","3ET9",0,35.5,5,0.84375,NA,NA,NA,NA,NA,NA,NA,NA,NA,0.400981455120097,0.172905663873041,NA,NA,NA,NA,NA
"50",2012,"3","Exposed","G","3EG10",0,13.5,1,0.78125,NA,NA,NA,NA,NA,NA,NA,NA,NA,-2.18679007633458,-0.375968615311421,NA,NA,NA,NA,NA
"51",2012,"3","Unexposed","W","3UW1",0,32.5,6,1.625,62,1.61538461538462,NA,NA,NA,NA,NA,NA,NA,2.02495961573971,1.25516928539089,NA,NA,NA,NA,NA
"52",2012,"3","Unexposed","F","3UF2",0,28,6,1.34375,1,1.09375,NA,NA,NA,NA,NA,NA,NA,1.0404966904571,-1.4765528517181,NA,NA,NA,NA,NA
"53",2012,"3","Unexposed","L","3UL3",0,27.5,6,0.75,68,2.25,NA,NA,NA,NA,NA,NA,NA,0.0767238656721909,2.65127831581552,NA,NA,NA,NA,NA
"54",2012,"3","Unexposed","I","3UI4",0,23,7,1.40625,21,1.81081081081081,NA,NA,NA,NA,NA,NA,NA,0.997234574367149,0.511874304497737,NA,NA,NA,NA,NA
"55",2012,"3","Unexposed","S","3US5",0,32,5,1.9375,3,1.6875,NA,NA,NA,NA,NA,NA,NA,1.99948663343786,-0.871247706198545,NA,NA,NA,NA,NA
"56",2012,"3","Unexposed","U","3UU6",0,28.5,7,1.15625,NA,NA,NA,NA,NA,NA,NA,NA,NA,0.940679928347235,0.562833170446157,NA,NA,NA,NA,NA
"57",2012,"3","Unexposed","X","3UX7",0,41.5,2,1.0625,55,1.953125,NA,NA,NA,NA,NA,NA,NA,0.631269469016394,0.824646108195408,NA,NA,NA,NA,NA
"58",2012,"3","Unexposed","J","3UJ8",1,NA,NA,NA,NA,NA,NA,NA,NA,NA,NA,NA,NA,9.42560051063142e-05,-0.000299954463162722,NA,NA,NA,NA,NA
"59",2012,"3","Unexposed","T","3UT9",0,42.5,1,0.78125,1,1.77118644067797,NA,NA,NA,NA,NA,NA,NA,-0.243546416709287,-1.43354655443404,NA,NA,NA,NA,NA
"60",2012,"3","Unexposed","G","3UG10",0,27,2,0.4375,3,1.60526315789474,NA,NA,NA,NA,NA,NA,NA,-1.62338884419558,-1.06002707888506,NA,NA,NA,NA,NA
"61",2012,"4","Exposed","W","4EW1",0,36,2,0.825,20,1.52564102564103,NA,NA,NA,NA,NA,NA,NA,-0.240357528672316,-0.852646785697283,NA,NA,NA,NA,NA
"62",2012,"4","Exposed","F","4EF2",0,29.5,4,0.875,0,1.63636363636364,NA,NA,NA,NA,NA,NA,NA,-0.246370243033623,-0.959519746481946,NA,NA,NA,NA,NA
"63",2012,"4","Exposed","L","4EL3",0,36.5,4,0.90625,13,2.25,NA,NA,NA,NA,NA,NA,NA,0.230894707505276,0.228757693723955,NA,NA,NA,NA,NA
"64",2012,"4","Exposed","S","4ES4",0,40,3,1.3125,0,1.84931506849315,NA,NA,NA,NA,NA,NA,NA,0.952854756210683,-1.09938521896973,NA,NA,NA,NA,NA
"65",2012,"4","Exposed","I","4EI5",0,16.5,9,1.875,29,2.11111111111111,NA,NA,NA,NA,NA,NA,NA,1.81127319559072,1.58299980806914,NA,NA,NA,NA,NA
"66",2012,"4","Exposed","J","4EJ6",0,34,4,1.28125,21,1.96,NA,NA,NA,NA,NA,NA,NA,0.801359467267172,0.0739729314168533,NA,NA,NA,NA,NA
"67",2012,"4","Exposed","X","4EX7",0,36,1,0.5,25,2.14285714285714,NA,NA,NA,NA,NA,NA,NA,-1.13248610229532,0.135049528959743,NA,NA,NA,NA,NA
"68",2012,"4","Exposed","U","4EU8",0,32,2,1.03125,37,3.05128205128205,NA,NA,NA,NA,NA,NA,NA,-0.372964000962026,2.02488378360769,NA,NA,NA,NA,NA
"69",2012,"4","Exposed","T","4ET9",0,25,4,0.78125,3,2.02222222222222,NA,NA,NA,NA,NA,NA,NA,-0.777344461332693,-0.174586077082612,NA,NA,NA,NA,NA
"70",2012,"4","Exposed","G","4EG10",0,8,4,0.1875,NA,NA,NA,NA,NA,NA,NA,NA,NA,-2.87525334260988,0.724425346345901,NA,NA,NA,NA,NA
"71",2012,"4","Unexposed","F","4UF1",0,28.5,7,1.65625,2,1.54,NA,NA,NA,NA,NA,NA,NA,1.76795000399061,-0.708121542015914,NA,NA,NA,NA,NA
"72",2012,"4","Unexposed","W","4UW2",0,38.5,5,1.40625,63,1.58823529411765,NA,NA,NA,NA,NA,NA,NA,1.83358155688693,1.00927794540998,NA,NA,NA,NA,NA
"73",2012,"4","Unexposed","L","4UL3",0,32.5,9,1.3125,0,1.41463414634146,NA,NA,NA,NA,NA,NA,NA,1.93384219424991,-0.703602756177886,NA,NA,NA,NA,NA
"74",2012,"4","Unexposed","J","4UJ4",0,30,5,1.09375,8,1.9047619047619,NA,NA,NA,NA,NA,NA,NA,0.38706264789336,-0.192903888537472,NA,NA,NA,NA,NA
"75",2012,"4","Unexposed","I","4UI5",0,29,7,0.75,27,1.46153846153846,NA,NA,NA,NA,NA,NA,NA,0.371835362264988,0.185784517849793,NA,NA,NA,NA,NA
"76",2012,"4","Unexposed","X","4UX6",0,32.5,2,0.75,75,1.74285714285714,NA,NA,NA,NA,NA,NA,NA,-0.389461990019305,1.46337882510406,NA,NA,NA,NA,NA
"77",2012,"4","Unexposed","U","4UU7",0,33.5,4,0.84375,1,1.81578947368421,NA,NA,NA,NA,NA,NA,NA,-0.0559643524835681,-0.745864439004147,NA,NA,NA,NA,NA
"78",2012,"4","Unexposed","T","4UT8",0,42,3,1.0625,1,2.28,NA,NA,NA,NA,NA,NA,NA,0.579658867664703,-0.436450184256501,NA,NA,NA,NA,NA
"79",2012,"4","Unexposed","S","4US9",0,25.5,6,1.4375,8,1.30952380952381,NA,NA,NA,NA,NA,NA,NA,1.02252912623225,-0.878052429462076,NA,NA,NA,NA,NA
"80",2012,"4","Unexposed","G","4UG10",0,19.5,2,0.59375,11,1.73076923076923,NA,NA,NA,NA,NA,NA,NA,-1.85411289080542,-0.458301679350682,NA,NA,NA,NA,NA
"81",2012,"5","Exposed","W","5EW1",0,33,4,1,20,2.44186046511628,NA,NA,NA,NA,NA,NA,NA,0.148970798274589,0.814496044201595,NA,NA,NA,NA,NA
"82",2012,"5","Exposed","F","5EF2",0,26,3,0.96875,7,1.47169811320755,NA,NA,NA,NA,NA,NA,NA,-0.494423116590982,-1.04000604940685,NA,NA,NA,NA,NA
"83",2012,"5","Exposed","L","5EL3",0,9,6,0.5,17,1.5,NA,NA,NA,NA,NA,NA,NA,-1.72204442692165,0.238242327679836,NA,NA,NA,NA,NA
"84",2012,"5","Exposed","U","5EU4",0,6,4,0.625,NA,NA,NA,NA,NA,NA,NA,NA,NA,-2.25436631792532,0.511270826143764,NA,NA,NA,NA,NA
"85",2012,"5","Exposed","X","5EX5",0,30,3,0.5,15,1.94202898550725,NA,NA,NA,NA,NA,NA,NA,-1.08245263923845,-0.0838542918243978,NA,NA,NA,NA,NA
"86",2012,"5","Exposed","J","5EJ6",0,33,4,0.71875,5,2.07142857142857,NA,NA,NA,NA,NA,NA,NA,-0.33654479159247,-0.200637766466977,NA,NA,NA,NA,NA
"87",2012,"5","Exposed","S","5ES7",0,31,3,1.3125,8,1.58823529411765,NA,NA,NA,NA,NA,NA,NA,0.424321487446988,-1.00393928082989,NA,NA,NA,NA,NA
"88",2012,"5","Exposed","T","5ET8",0,37.5,7,1.3125,NA,NA,NA,NA,NA,NA,NA,NA,NA,1.83273613775359,0.339943799232629,NA,NA,NA,NA,NA
"89",2012,"5","Exposed","I","5EI9",0,18,4,0.5625,6,5.25,NA,NA,NA,NA,NA,NA,NA,-2.24621456425269,4.84801124277475,NA,NA,NA,NA,NA
"90",2012,"5","Exposed","G","5EG10",1,NA,NA,NA,NA,NA,NA,NA,NA,NA,NA,NA,NA,9.42560051063142e-05,-0.000299954463162722,NA,NA,NA,NA,NA
"91",2012,"5","Unexposed","W","5UW1",0,36,5,1.25,71,2.20833333333333,NA,NA,NA,NA,NA,NA,NA,1.31034678766335,2.27661834407549,NA,NA,NA,NA,NA
"92",2012,"5","Unexposed","F","5UF2",0,28,4,1.125,10,1.47169811320755,NA,NA,NA,NA,NA,NA,NA,0.162094419235434,-0.862599020380753,NA,NA,NA,NA,NA
"93",2012,"5","Unexposed","U","5UU3",0,31,2,1.03125,1,2.05,NA,NA,NA,NA,NA,NA,NA,-0.419426047285176,-0.667399073355687,NA,NA,NA,NA,NA
"94",2012,"5","Unexposed","J","5UJ4",0,38,7,2.59375,4,1.97297297297297,NA,NA,NA,NA,NA,NA,NA,3.96412886566319,-0.374358369034956,NA,NA,NA,NA,NA
"95",2012,"5","Unexposed","X","5UX5",0,NA,4,0.71875,56,1.78205128205128,NA,NA,NA,NA,NA,NA,NA,-0.539496195894762,1.30741543968449,NA,NA,NA,NA,NA
"96",2012,"5","Unexposed","L","5UL6",0,32,10,1.53125,16,2.08333333333333,NA,NA,NA,NA,NA,NA,NA,2.45932469746536,0.948806932995203,NA,NA,NA,NA,NA
"97",2012,"5","Unexposed","S","5US7",0,34,3,1.125,54,1.97560975609756,NA,NA,NA,NA,NA,NA,NA,0.450848326029467,1.12344198956754,NA,NA,NA,NA,NA
"98",2012,"5","Unexposed","T","5UT8",0,37.5,4,1.40625,10,2.21739130434783,NA,NA,NA,NA,NA,NA,NA,1.15490160857833,-0.0296273525127992,NA,NA,NA,NA,NA
"99",2012,"5","Unexposed","I","5UI9",0,27,2,1.25,1,1.5,NA,NA,NA,NA,NA,NA,NA,-0.209483505517266,-1.42057393284282,NA,NA,NA,NA,NA
"100",2012,"5","Unexposed","G","5UG10",0,24,4,0.59375,0,1.87878787878788,NA,NA,NA,NA,NA,NA,NA,-1.15624997783463,-0.43475599940433,NA,NA,NA,NA,NA
"101",2012,"6","Exposed","W","6EW1",0,30,5,1.0625,41,1.40384615384615,NA,NA,NA,NA,NA,NA,NA,0.587672959909918,0.223438343906619,NA,NA,NA,NA,NA
"102",2012,"6","Exposed","F","6EF2",0,28,6,1,2,1.7037037037037,NA,NA,NA,NA,NA,NA,NA,0.33350115519479,-0.490828525577157,NA,NA,NA,NA,NA
"103",2012,"6","Exposed","L","6EL3",0,11,5,0.4375,NA,NA,NA,NA,NA,NA,NA,NA,NA,-1.99426753484446,0.769036752966278,NA,NA,NA,NA,NA
"104",2012,"6","Exposed","J","6EJ4",0,5,3,0.15625,NA,NA,NA,NA,NA,NA,NA,NA,NA,-3.37679305120753,0.55812874877167,NA,NA,NA,NA,NA
"105",2012,"6","Exposed","U","6EU5",0,6,3,0.34375,NA,NA,NA,NA,NA,NA,NA,NA,NA,-2.98255095080967,0.438719225672726,NA,NA,NA,NA,NA
"106",2012,"6","Exposed","X","6EX6",0,30.5,5,0.84375,69,1.90322580645161,NA,NA,NA,NA,NA,NA,NA,0.281138185661985,1.9514467331123,NA,NA,NA,NA,NA
"107",2012,"6","Exposed","T","6ET7",0,24.5,4,0.65625,NA,NA,NA,NA,NA,NA,NA,NA,NA,-0.923611876058424,0.214390506659554,NA,NA,NA,NA,NA
"108",2012,"6","Exposed","S","6ES8",0,30.5,3,0.5625,NA,NA,NA,NA,NA,NA,NA,NA,NA,-0.912541474417486,-0.0531102711743516,NA,NA,NA,NA,NA
"109",2012,"6","Exposed","I","6EI9",1,NA,NA,NA,NA,NA,NA,NA,NA,NA,NA,NA,NA,9.42560051063142e-05,-0.000299954463162722,NA,NA,NA,NA,NA
"110",2012,"6","Exposed","G","6EG10",0,11,3,0.75,NA,NA,NA,NA,NA,NA,NA,NA,NA,-1.9328524039421,0.13719278820879,NA,NA,NA,NA,NA
"111",2012,"6","Unexposed","F","6UF1",0,25,5,0.9375,8,1.59459459459459,NA,NA,NA,NA,NA,NA,NA,-0.165613062707328,-0.509420402018293,NA,NA,NA,NA,NA
"112",2012,"6","Unexposed","W","6UW2",0,38,7,0.96875,NA,NA,NA,NA,NA,NA,NA,NA,NA,1.27096498961699,0.523609419590862,NA,NA,NA,NA,NA
"113",2012,"6","Unexposed","U","6UU3",1,NA,NA,NA,NA,NA,NA,NA,NA,NA,NA,NA,NA,9.42560051063142e-05,-0.000299954463162722,NA,NA,NA,NA,NA
"114",2012,"6","Unexposed","J","6UJ4",0,28.5,8,1.1875,4,1.83333333333333,NA,NA,NA,NA,NA,NA,NA,1.14641102576248,0.0140189538526203,NA,NA,NA,NA,NA
"115",2012,"6","Unexposed","L","6UL5",0,32.5,4,1,49,1.89655172413793,NA,NA,NA,NA,NA,NA,NA,0.358756002891998,1.03296973227025,NA,NA,NA,NA,NA
"116",2012,"6","Unexposed","T","6UT6",0,42,1,0.6875,0,1.90540540540541,NA,NA,NA,NA,NA,NA,NA,-0.47050854470482,-1.24477279820025,NA,NA,NA,NA,NA
"117",2012,"6","Unexposed","X","6UX7",1,NA,NA,NA,NA,NA,NA,NA,NA,NA,NA,NA,NA,9.42560051063142e-05,-0.000299954463162722,NA,NA,NA,NA,NA
"118",2012,"6","Unexposed","S","6US8",0,26,2,1.0625,1,3.3,NA,NA,NA,NA,NA,NA,NA,-0.950571414742906,1.268748279717,NA,NA,NA,NA,NA
"119",2012,"6","Unexposed","I","6UI9",0,27,3,1.09375,21,1.52777777777778,NA,NA,NA,NA,NA,NA,NA,-0.154011561365281,-0.515698836374607,NA,NA,NA,NA,NA
"120",2012,"6","Unexposed","G","6UG10",0,28,6,0.5625,NA,NA,NA,NA,NA,NA,NA,NA,NA,-0.364071853903813,0.671671522478444,NA,NA,NA,NA,NA
"121",2012,"7","Exposed","W","7EW1",0,35.5,2,1,23,1.71428571428571,NA,NA,NA,NA,NA,NA,NA,0.00532015557631121,-0.490798747571033,NA,NA,NA,NA,NA
"122",2012,"7","Exposed","F","7EF2",0,20.5,3,0.6875,81,2,NA,NA,NA,NA,NA,NA,NA,-1.10643428086285,2.46972696504528,NA,NA,NA,NA,NA
"123",2012,"7","Exposed","U","7EU3",0,34,4,1.34375,1,3.22857142857143,NA,NA,NA,NA,NA,NA,NA,0.56805209242452,1.22716499278402,NA,NA,NA,NA,NA
"124",2012,"7","Exposed","L","7EL4",0,30.5,11,1.6875,43,1.7741935483871,NA,NA,NA,NA,NA,NA,NA,3.05023852314405,1.58381569662018,NA,NA,NA,NA,NA
"125",2012,"7","Exposed","J","7EJ5",0,24,2,1,NA,NA,NA,NA,NA,NA,NA,NA,NA,-0.842491452973412,-0.427283091379235,NA,NA,NA,NA,NA
"126",2012,"7","Exposed","S","7ES6",1,NA,NA,NA,NA,NA,NA,NA,NA,NA,NA,NA,NA,9.42560051063142e-05,-0.000299954463162722,NA,NA,NA,NA,NA
"127",2012,"7","Exposed","T","7ET7",0,37,3,1.09375,0,1.875,NA,NA,NA,NA,NA,NA,NA,0.364364577644834,-0.958126060111823,NA,NA,NA,NA,NA
"128",2012,"7","Exposed","X","7EX8",0,34,4,1.15625,84,4.02816901408451,NA,NA,NA,NA,NA,NA,NA,0.4855772067983,5.30805006565425,NA,NA,NA,NA,NA
"129",2012,"7","Exposed","I","7EI9",0,26,3,0.65625,0,1.43589743589744,NA,NA,NA,NA,NA,NA,NA,-1.06054158322608,-1.28247382128358,NA,NA,NA,NA,NA
"130",2012,"7","Exposed","G","7EG10",1,NA,NA,NA,NA,NA,NA,NA,NA,NA,NA,NA,NA,9.42560051063142e-05,-0.000299954463162722,NA,NA,NA,NA,NA
"131",2012,"7","Unexposed","W","7UW1",0,35,5,1.40625,10,1.38202247191011,NA,NA,NA,NA,NA,NA,NA,1.38046475938573,-1.05287096113982,NA,NA,NA,NA,NA
"132",2012,"7","Unexposed","F","7UF2",0,32,4,0.6875,18,1.53333333333333,NA,NA,NA,NA,NA,NA,NA,-0.292794254686706,-0.51010427216543,NA,NA,NA,NA,NA
"133",2012,"7","Unexposed","J","7UJ3",0,44.5,5,1.5,1,2.11111111111111,NA,NA,NA,NA,NA,NA,NA,2.009742626477,-0.524710632044429,NA,NA,NA,NA,NA
"134",2012,"7","Unexposed","S","7US4",1,NA,NA,NA,NA,NA,NA,NA,NA,NA,NA,NA,NA,9.42560051063142e-05,-0.000299954463162722,NA,NA,NA,NA,NA
"135",2012,"7","Unexposed","L","7UL5",0,34,7,1.03125,NA,NA,NA,NA,NA,NA,NA,NA,NA,1.10336781350583,0.549273945586614,NA,NA,NA,NA,NA
"136",2012,"7","Unexposed","U","7UU6",0,34.5,1,1.0625,0,1.47297297297297,NA,NA,NA,NA,NA,NA,NA,-0.253585110877206,-1.77429568883889,NA,NA,NA,NA,NA
"137",2012,"7","Unexposed","T","7UT7",0,33.5,6,0.96875,0,1.88461538461538,NA,NA,NA,NA,NA,NA,NA,0.612181818459526,-0.412416641363864,NA,NA,NA,NA,NA
"138",2012,"7","Unexposed","X","7UX8",0,32.5,5,0.96875,89,2.28571428571429,NA,NA,NA,NA,NA,NA,NA,0.65554539344864,3.13949695095539,NA,NA,NA,NA,NA
"139",2012,"7","Unexposed","I","7UI9",0,14,1,0.71875,7,1.65384615384615,NA,NA,NA,NA,NA,NA,NA,-2.25488897077051,-0.752585247115277,NA,NA,NA,NA,NA
"140",2012,"7","Unexposed","G","7UG10",0,26,4,1,NA,NA,NA,NA,NA,NA,NA,NA,NA,-0.223835554270846,0.000509024595751407,NA,NA,NA,NA,NA
"141",2012,"8","Exposed","F","8EF1",0,27.5,6,0.71875,3,1.63076923076923,NA,NA,NA,NA,NA,NA,NA,-0.167564653933375,-0.504362455155365,NA,NA,NA,NA,NA
"142",2012,"8","Exposed","W","8EW2",0,36,4,1.5625,65,1.74025974025974,NA,NA,NA,NA,NA,NA,NA,1.67682444499068,1.18626869184171,NA,NA,NA,NA,NA
"143",2012,"8","Exposed","J","8EJ3",0,10,4,0.21875,NA,NA,NA,NA,NA,NA,NA,NA,NA,-2.68304158336351,0.676825885932638,NA,NA,NA,NA,NA
"144",2012,"8","Exposed","S","8ES4",0,32,3,0.9375,23,1.64444444444444,NA,NA,NA,NA,NA,NA,NA,-0.0939398785387419,-0.360413541310253,NA,NA,NA,NA,NA
"145",2012,"8","Exposed","T","8ET5",0,36.5,3,1.375,1,1.65,NA,NA,NA,NA,NA,NA,NA,0.864107769533911,-1.28919557702856,NA,NA,NA,NA,NA
"146",2012,"8","Exposed","U","8EU6",1,NA,NA,NA,NA,NA,NA,NA,NA,NA,NA,NA,NA,9.42560051063142e-05,-0.000299954463162722,NA,NA,NA,NA,NA
"147",2012,"8","Exposed","L","8EL7",0,33,7,1.40625,61,1.86363636363636,NA,NA,NA,NA,NA,NA,NA,1.86383861811967,1.75396177749966,NA,NA,NA,NA,NA
"148",2012,"8","Exposed","I","8EI8",0,28.5,2,1.25,1,1.64516129032258,NA,NA,NA,NA,NA,NA,NA,-0.134722092261018,-1.24141373586693,NA,NA,NA,NA,NA
"149",2012,"8","Exposed","X","8EX9",0,20.5,6,0.53125,NA,NA,NA,NA,NA,NA,NA,NA,NA,-0.935797840690358,0.802364602582022,NA,NA,NA,NA,NA
"150",2012,"8","Exposed","G","8EG10",0,9,3,0.5,NA,NA,NA,NA,NA,NA,NA,NA,NA,-2.50451026235624,0.306477439575905,NA,NA,NA,NA,NA
"151",2012,"8","Unexposed","W","8UW1",0,37,3,1.1875,NA,NA,NA,NA,NA,NA,NA,NA,NA,0.620107051856081,-0.498983795871318,NA,NA,NA,NA,NA
"152",2012,"8","Unexposed","J","8UJ2",0,31,6,1.625,0,1.75,NA,NA,NA,NA,NA,NA,NA,1.60002896878072,-0.664592404573478,NA,NA,NA,NA,NA
"153",2012,"8","Unexposed","F","8UF3",0,29,5,0.71875,13,1.91304347826087,NA,NA,NA,NA,NA,NA,NA,-0.3068286093647,0.0781383671835859,NA,NA,NA,NA,NA
"154",2012,"8","Unexposed","L","8UL4",0,37.5,10,2.09375,22,1.85714285714286,NA,NA,NA,NA,NA,NA,NA,3.88037609648307,0.608452948050632,NA,NA,NA,NA,NA
"155",2012,"8","Unexposed","T","8UT5",0,35,4,0.90625,0,1.78181818181818,NA,NA,NA,NA,NA,NA,NA,0.156654603491358,-0.874203013262958,NA,NA,NA,NA,NA
"156",2012,"8","Unexposed","G","8UG6",0,25,4,0.6875,0,1.64285714285714,NA,NA,NA,NA,NA,NA,NA,-0.880062254400627,-0.818255735481553,NA,NA,NA,NA,NA
"157",2012,"8","Unexposed","U","8UU7",0,31,4,1.71875,5,1.68,NA,NA,NA,NA,NA,NA,NA,1.32895186462847,-0.897936728930809,NA,NA,NA,NA,NA
"158",2012,"8","Unexposed","S","8US8",0,31.5,4,1.21875,1,1.60526315789474,NA,NA,NA,NA,NA,NA,NA,0.495209046572748,-1.07286350180152,NA,NA,NA,NA,NA
"159",2012,"8","Unexposed","I","8UI9",0,22,6,1.46875,33,1.40740740740741,NA,NA,NA,NA,NA,NA,NA,0.936809901163531,0.204895578053653,NA,NA,NA,NA,NA
"160",2012,"8","Unexposed","X","8UX10",0,36.5,4,1.28125,NA,NA,NA,NA,NA,NA,NA,NA,NA,0.98855087775532,-0.314576637727727,NA,NA,NA,NA,NA
"161",2012,"9","Exposed","W","9EW1",0,29,3,0.625,16,1.546875,NA,NA,NA,NA,NA,NA,NA,-0.85385912322301,-0.626568257034323,NA,NA,NA,NA,NA
"162",2012,"9","Exposed","J","9EJ2",0,32,3,0.34375,NA,NA,NA,NA,NA,NA,NA,NA,NA,-1.18848369334702,0.0459130235003241,NA,NA,NA,NA,NA
"163",2012,"9","Exposed","F","9EF3",0,29,3,0.78125,13,1.31578947368421,NA,NA,NA,NA,NA,NA,NA,-0.553592502416234,-1.09531064341543,NA,NA,NA,NA,NA
"164",2012,"9","Exposed","L","9EL4",0,11.5,3,0.25,NA,NA,NA,NA,NA,NA,NA,NA,NA,-2.76565648005568,0.407776402105489,NA,NA,NA,NA,NA
"165",2012,"9","Exposed","G","9EG5",0,10,1,0.25,28,1.625,NA,NA,NA,NA,NA,NA,NA,-3.23286747754964,0.101561664585441,NA,NA,NA,NA,NA
"166",2012,"9","Exposed","T","9ET6",0,33,3,0.5625,NA,NA,NA,NA,NA,NA,NA,NA,NA,-0.74003500735377,-0.0908800983063133,NA,NA,NA,NA,NA
"167",2012,"9","Exposed","I","9EI7",0,27.5,1,0.375,NA,NA,NA,NA,NA,NA,NA,NA,NA,-1.92543947351791,-0.361492864050394,NA,NA,NA,NA,NA
"168",2012,"9","Exposed","X","9EX8",0,32.5,3,0.9375,60,1.54,NA,NA,NA,NA,NA,NA,NA,0.137214756625609,0.758743659839276,NA,NA,NA,NA,NA
"169",2012,"9","Exposed","S","9ES9",0,18.5,3,0.9375,1,1.88,NA,NA,NA,NA,NA,NA,NA,-1.17054798135277,-0.478135493112187,NA,NA,NA,NA,NA
"170",2012,"9","Exposed","U","9EU10",0,29,2,0.46875,NA,NA,NA,NA,NA,NA,NA,NA,NA,-1.4189904739677,-0.207301567612373,NA,NA,NA,NA,NA
"171",2012,"9","Unexposed","J","9UJ1",0,27.5,7,1.28125,16,1.90322580645161,NA,NA,NA,NA,NA,NA,NA,1.04825812864239,0.394737160802473,NA,NA,NA,NA,NA
"172",2012,"9","Unexposed","W","9UW2",0,37.5,4,1.34375,1,1.48717948717949,NA,NA,NA,NA,NA,NA,NA,1.14547549021982,-1.40034242352256,NA,NA,NA,NA,NA
"173",2012,"9","Unexposed","F","9UF3",0,29,6,1.34375,NA,NA,NA,NA,NA,NA,NA,NA,NA,1.06009537280655,0.221973623933327,NA,NA,NA,NA,NA
"174",2012,"9","Unexposed","L","9UL4",0,34,9,1.0625,7,1.51666666666667,NA,NA,NA,NA,NA,NA,NA,1.61866395311762,-0.302646837145965,NA,NA,NA,NA,NA
"175",2012,"9","Unexposed","G","9UG5",0,29,3,0.71875,NA,NA,NA,NA,NA,NA,NA,NA,NA,-0.74501242667874,-0.117366368433641,NA,NA,NA,NA,NA
"176",2012,"9","Unexposed","T","9UT6",0,36,2,0.875,10,1.76363636363636,NA,NA,NA,NA,NA,NA,NA,-0.247859191235057,-0.85943608147718,NA,NA,NA,NA,NA
"177",2012,"9","Unexposed","S","9US7",0,33.5,5,1.65625,47,1.52941176470588,NA,NA,NA,NA,NA,NA,NA,1.8573639553456,0.437331278687295,NA,NA,NA,NA,NA
"178",2012,"9","Unexposed","X","9UX8",0,32.5,5,1.125,81,1.44262295081967,NA,NA,NA,NA,NA,NA,NA,1.05050811879023,1.60129012915396,NA,NA,NA,NA,NA
"179",2012,"9","Unexposed","I","9UI9",0,35.5,4,1.5625,0,1.54545454545455,NA,NA,NA,NA,NA,NA,NA,1.36998084221799,-1.34210268882116,NA,NA,NA,NA,NA
"180",2012,"9","Unexposed","U","9UU10",0,29,4,1.5,0,1.44444444444444,NA,NA,NA,NA,NA,NA,NA,0.835792785677906,-1.33482478255251,NA,NA,NA,NA,NA
"181",2012,"10","Exposed","J","10EJ1",0,10.5,3,0.21875,NA,NA,NA,NA,NA,NA,NA,NA,NA,-2.88886565247657,0.440267931665968,NA,NA,NA,NA,NA
"182",2012,"10","Exposed","W","10EW2",0,31.5,2,0.9375,1,1.71232876712329,NA,NA,NA,NA,NA,NA,NA,-0.481605655492689,-1.15710499461194,NA,NA,NA,NA,NA
"183",2012,"10","Exposed","F","10EF3",0,23,4,0.71875,0,1.52777777777778,NA,NA,NA,NA,NA,NA,NA,-0.940982173934389,-0.947518557193092,NA,NA,NA,NA,NA
"184",2012,"10","Exposed","G","10EG4",0,15,3,0.5625,21,1.88235294117647,NA,NA,NA,NA,NA,NA,NA,-1.96315831025876,0.360069572129618,NA,NA,NA,NA,NA
"185",2012,"10","Exposed","T","10ET5",0,32,8,1.40625,2,1.74074074074074,NA,NA,NA,NA,NA,NA,NA,1.77261049118326,-0.305689460320962,NA,NA,NA,NA,NA
"186",2012,"10","Exposed","I","10EI6",0,29.5,2,1.03125,0,1.57142857142857,NA,NA,NA,NA,NA,NA,NA,-0.434369266349279,-1.36939761203577,NA,NA,NA,NA,NA
"187",2012,"10","Exposed","L","10EL7",0,28.5,8,1,NA,NA,NA,NA,NA,NA,NA,NA,NA,0.909972362896056,0.878755152824901,NA,NA,NA,NA,NA
"188",2012,"10","Exposed","S","10ES8",0,6,1,0.1875,NA,NA,NA,NA,NA,NA,NA,NA,NA,-3.73423460383824,0.0676292415306357,NA,NA,NA,NA,NA
"189",2012,"10","Exposed","U","10EU9",0,35,2,0.90625,19,1.72619047619048,NA,NA,NA,NA,NA,NA,NA,-0.212266947421404,-0.585152884264572,NA,NA,NA,NA,NA
"190",2012,"10","Exposed","X","10EX10",0,32.5,3,1.3125,30,1.75,NA,NA,NA,NA,NA,NA,NA,0.600887146999072,-0.0374838770057184,NA,NA,NA,NA,NA
"191",2012,"10","Unexposed","J","10UJ1",0,34.5,8,2.03125,50,1.79245283018868,NA,NA,NA,NA,NA,NA,NA,3.24247827970128,1.2736593783643,NA,NA,NA,NA,NA
"192",2012,"10","Unexposed","W","10UW2",0,36.5,3,1.4375,32,1.27272727272727,NA,NA,NA,NA,NA,NA,NA,1.1931087828216,-0.777000901622075,NA,NA,NA,NA,NA
"193",2012,"10","Unexposed","F","10UF3",0,26,3,1,5,1.6,NA,NA,NA,NA,NA,NA,NA,-0.474862670193891,-0.926788933259529,NA,NA,NA,NA,NA
"194",2012,"10","Unexposed","G","10UG4",0,25,3,0.5,0,2.06451612903226,NA,NA,NA,NA,NA,NA,NA,-1.5207328135462,-0.313482752965474,NA,NA,NA,NA,NA
"195",2012,"10","Unexposed","T","10UT5",0,37,2,1.03125,0,1.88732394366197,NA,NA,NA,NA,NA,NA,NA,0.0188502701432842,-1.07376144883104,NA,NA,NA,NA,NA
"196",2012,"10","Unexposed","I","10UI6",0,31.5,6,1.3125,17,2.02702702702703,NA,NA,NA,NA,NA,NA,NA,1.12216882968674,0.372184325029383,NA,NA,NA,NA,NA
"197",2012,"10","Unexposed","L","10UL7",0,33,7,1.21875,47,1.67441860465116,NA,NA,NA,NA,NA,NA,NA,1.50988144636598,1.02301572921551,NA,NA,NA,NA,NA
"198",2012,"10","Unexposed","S","10US8",0,38,2,1.375,13,1.8,NA,NA,NA,NA,NA,NA,NA,0.760016781392193,-0.830999676114217,NA,NA,NA,NA,NA
"199",2012,"10","Unexposed","U","10UU9",0,33,4,1.375,0,1.44186046511628,NA,NA,NA,NA,NA,NA,NA,0.894794406348274,-1.40652222259222,NA,NA,NA,NA,NA
"200",2012,"10","Unexposed","X","10UX10",0,33,3,0.96875,62,1.64545454545455,NA,NA,NA,NA,NA,NA,NA,0.214590689317329,0.966108716744295,NA,NA,NA,NA,NA
"201",2013,"1","Exposed","I","1EI1",0,13,7,1.02380952380952,NA,1.56281407035176,125678.391959799,2.501,40.5373134328358,2.716,0.067,48.16,1.19,0.421529598349983,-0.361829129816236,0.7023,0.0338,45.5596,2.1946,64.9289940828402
"202",2013,"1","Exposed","W","1EW2",0,29,5,1.80952380952381,NA,1.65682656826568,94612.5461254613,2.564,43.75,2.8,0.064,48.95,1.12,1.86425413471638,-0.3357111238624,0.9845,0.0457,48.9093,2.2718,49.7111597374179
"203",2013,"1","Exposed","F","1EF3",0,19,4,0.5,NA,1.5440313111546,89158.5127201565,4.556,49.8793103448276,2.893,0.058,48.06,0.96,0.45493714664386,1.09647815499357,0.6374,0.0316,44.7468,2.2163,70.1360759493671
"204",2013,"1","Exposed","L","1EL4",0,12,11,1.52380952380952,NA,1.47191011235955,92172.2846441947,2.461,57.5833333333333,2.764,0.048,48.61,0.84,1.99171344610133,0.879073538383577,0.8128,0.0429,49.3831,2.6089,60.8135198135198
"205",2013,"1","Exposed","T","1ET5",0,23.5,4,1.45238095238095,NA,2.31967213114754,140471.31147541,6.855,38.2985074626866,2.566,0.067,48.25,1.26,-0.276842322424444,-2.04533470328087,0.5587,0.0399,49.2588,3.5146,88.0852130325815
"206",2013,"1","Exposed","X","1EX6",0,16,8,1.35714285714286,NA,2.0715935334873,97875.2886836028,4.238,36.9066666666667,2.768,0.075,50.06,1.35,0.956411608619111,-1.15196562317351,1.2268,0.0617,50.6786,2.5507,41.3403565640195
"207",2013,"1","Exposed","J","1EJ7",0,14,5,1.11904761904762,NA,1.95373665480427,117651.245551601,3.306,40.34375,2.582,0.064,48.14,1.2,-0.0161527797369397,-0.714842119880095,0.84,0.0444,51.7747,2.7358,61.6171171171171
"208",2013,"1","Exposed","S","1ES8",1,NA,NA,NA,NA,NA,NA,NA,NA,NA,NA,NA,NA,0.000194679969187533,0.000186444824321758,NA,NA,NA,NA,NA
"209",2013,"1","Exposed","U","1EU9",0,26,6,2.47619047619048,NA,1.60964912280702,85285.0877192982,3.889,44.047619047619,2.775,0.063,48.94,1.12,2.61985224224939,-0.326272088074506,0.907,0.0582,52.2521,3.3525,57.6030927835052
"210",2013,"1","Exposed","G","1EG10",0,17.5,3,0.928571428571429,NA,1.62560777957861,105623.987034036,6.517,NA,NA,NA,NA,NA,0.201384239939738,0.577732340547968,1.2178,0.0191,48.6321,0.7611,39.848167539267
"211",2013,"1","Unexposed","W","1UW1",0,37,13,1.80952380952381,NA,1.94642857142857,96517.8571428571,4.324,35.126582278481,2.775,0.079,49.03,1.39,3.11727010017858,-2.1852295317359,NA,NA,NA,NA,NA
"212",2013,"1","Unexposed","F","1UF2",0,31,7,1.07142857142857,NA,2.10699588477366,115061.728395062,5.592,46.6666666666667,2.52,0.054,48.28,1.04,0.83667412123526,-1.12354166315949,0.616,0.0318,45.4772,2.3503,73.9088050314465
"213",2013,"1","Unexposed","I","1UI3",0,24.5,15,1.25714285714286,NA,1.72727272727273,119020.979020979,1.702,29.4111111111111,2.647,0.09,48.55,1.65,2.29807864541176,-2.21168040252109,0.3545,0.0176,44.8121,2.2186,126.056818181818
"214",2013,"1","Unexposed","L","1UL4",0,30.5,15,2.38095238095238,NA,1.48275862068966,92896.5517241379,2.694,56.4583333333333,2.71,0.048,48.51,0.86,4.03109857510846,-0.340950620230333,0.498,0.0247,46.2729,2.2924,92.8097165991903
"215",2013,"1","Unexposed","T","1UT5",0,45.5,13,2.23809523809524,NA,2.07977736549165,104823.747680891,5.65,38.8571428571429,2.448,0.063,47.76,1.23,3.51195465258967,-2.67247897303124,0.7521,0.0347,44.2964,2.0447,58.9250720461095
"216",2013,"1","Unexposed","X","1UX6",0,36,8,2.5,NA,2.11688311688312,134350.649350649,2.069,44.3103448275862,2.57,0.058,48.51,1.1,1.96475371610001,-2.31070506734946,0.2814,0.0156,46.9388,2.6089,167.23717948718
"217",2013,"1","Unexposed","S","1US7",0,40,10,1.47619047619048,NA,2.03571428571429,128333.333333333,2.156,38.1333333333333,2.86,0.075,49,1.28,1.85802087292409,-2.38053748610018,0.1233,0.0065,46.7537,2.4602,378.492307692308
"218",2013,"1","Unexposed","U","1UU8",0,36,6,1.4047619047619,NA,1.67639902676399,86666.6666666667,3.562,41.1111111111111,2.59,0.063,49.03,1.19,2.13328608534107,-0.523148164863081,0.074,0.0041,46.3264,2.5739,627.780487804878
"219",2013,"1","Unexposed","J","1UJ9",0,35,14,1.45238095238095,NA,1.74881516587678,90663.5071090047,3.826,56.9583333333333,2.734,0.048,48.21,0.85,3.11716715479576,-0.384540577481702,1.2061,0.0259,43.4669,0.9341,36.0656370656371
"220",2013,"1","Unexposed","G","1UG10",0,17,4,1.45238095238095,NA,1.82894736842105,103925.438596491,4.739,81.53125,2.609,0.032,50.09,0.62,0.417068150975456,2.06411740419153,NA,NA,NA,NA,NA
"221",2013,"2","Exposed","W","2EW1",0,18,5,0.952380952380952,NA,1.32732732732733,90315.3153153153,6.015,44.4918032786885,2.714,0.061,48.82,1.09,1.13810415214999,0.860906057027806,0.7233,0.0415,42.1659,2.4207,58.3301204819277
"222",2013,"2","Exposed","F","2EF2",0,21,8,1.11904761904762,NA,1.39482200647249,97572.8155339806,3.015,41.1791044776119,2.759,0.067,50.15,1.22,1.66213764364326,0.0575598501139776,1.114,0.0282,45.287,1.1467,40.6631205673759
"223",2013,"2","Exposed","I","2EI3",0,8.5,1,0.30952380952381,NA,NA,NA,NA,NA,NA,NA,NA,NA,-1.61584284659261,0.510052799881541,0.1203,0.0029,40.0092,0.9626,331.931034482759
"224",2013,"2","Exposed","L","2EL4",0,27,3,1.30952380952381,NA,1.77634961439589,109768.637532134,4.27,NA,NA,NA,NA,NA,0.691055050345025,-0.325891908229515,0.4731,0.0273,40.9897,2.3643,86.6043956043956
"225",2013,"2","Exposed","T","2ET5",0,31,9,2.04761904761905,NA,1.76143790849673,124640.522875817,7.628,28.7864077669903,2.965,0.103,49.63,1.72,2.15430818202418,-2.35140772359649,0.7398,0.0331,46.5053,2.0788,62.8036253776435
"226",2013,"2","Exposed","X","2EX6",1,NA,NA,NA,NA,NA,NA,NA,NA,NA,NA,NA,NA,0.000194679969187533,0.000186444824321758,NA,NA,NA,NA,NA
"227",2013,"2","Exposed","S","2ES7",0,30,4,1.21428571428571,NA,1.78688524590164,124332.552693208,5.309,69.7297297297297,2.58,0.037,47.75,0.69,0.513685636066951,0.80960097367202,1.332,0.0291,30.3287,0.6618,22.7422680412371
"228",2013,"2","Exposed","U","2EU8",0,44.5,3,1.80952380952381,NA,1.7116704805492,86075.5148741419,7.523,45.8571428571429,2.889,0.063,48.84,1.07,2.31379616953152,-0.403929596564148,0.449,0.0182,40.7342,1.6518,90.7582417582418
"229",2013,"2","Exposed","J","2EJ9",0,25.5,6,1.14285714285714,NA,1.96666666666667,105033.333333333,3.151,37.4782608695652,2.586,0.069,49.89,1.34,0.870223229469358,-1.09928037589111,0.4033,0.02,36.726,1.8242,91.21
"230",2013,"2","Exposed","G","2EG10",1,NA,NA,NA,NA,NA,NA,NA,NA,NA,NA,NA,NA,0.000194679969187533,0.000186444824321758,NA,NA,NA,NA,NA
"231",2013,"2","Unexposed","W","2UW1",1,NA,NA,NA,NA,NA,NA,NA,NA,NA,NA,NA,NA,0.000194679969187533,0.000186444824321758,NA,NA,NA,NA,NA
"232",2013,"2","Unexposed","I","2UI2",0,28,11,1.66666666666667,NA,1.66666666666667,108280.701754386,3.086,34.7951807228916,2.888,0.083,51.58,1.49,2.39599581443346,-1.52981045337929,NA,NA,NA,NA,NA
"233",2013,"2","Unexposed","F","2UF3",0,31,14,3.35714285714286,NA,1.48538011695906,87953.216374269,3.008,39.8153846153846,2.588,0.065,49.85,1.25,4.81945353073107,-1.5369775593923,NA,NA,NA,NA,NA
"234",2013,"2","Unexposed","L","2UL4",0,26,6,2.16666666666667,NA,1.51063829787234,107893.617021277,5.071,54.7058823529412,2.79,0.051,48.95,0.89,2.027169839041,0.196999123155041,0.8618,0.0454,46.7395,2.4632,54.2555066079295
"235",2013,"2","Unexposed","X","2UX5",0,38,14,4.21428571428571,NA,1.57281553398058,97119.7411003236,6.002,36.4266666666667,2.732,0.075,51.8,1.43,5.54553547101909,-2.50796841181276,0.6879,0.0316,25.0361,1.1517,36.4462025316456
"236",2013,"2","Unexposed","S","2US6",1,NA,NA,NA,NA,NA,NA,NA,NA,NA,NA,NA,NA,0.000194679969187533,0.000186444824321758,NA,NA,NA,NA,NA
"237",2013,"2","Unexposed","U","2UU7",0,26,4,2.57142857142857,NA,0.858974358974359,81153.8461538462,6.33,38.25,2.907,0.076,50.99,1.33,3.25817632108438,0.631471447991726,0.9228,0.0574,47.2046,2.9361,51.1515679442509
"238",2013,"2","Unexposed","T","2UT8",0,18,4,1.45238095238095,NA,NA,NA,NA,32.0795454545455,2.823,0.088,48.65,1.52,0.336662654581796,-1.25221740033655,1.1802,0.0292,42.9388,1.0606,36.3219178082192
"239",2013,"2","Unexposed","J","2UJ9",1,NA,NA,NA,NA,NA,NA,NA,NA,NA,NA,NA,NA,0.000194679969187533,0.000186444824321758,NA,NA,NA,NA,NA
"240",2013,"2","Unexposed","G","2UG10",0,12.5,2,0.642857142857143,NA,2.125,105119.047619048,3.532,NA,NA,NA,NA,NA,-0.891824553402936,0.256785627549277,0.7766,0.0214,23.3451,0.642,30
"241",2013,"3","Exposed","W","3EW1",0,11,3,0.880952380952381,NA,1.5561797752809,111123.595505618,3.956,NA,NA,NA,NA,NA,-0.144955657148887,0.831523107346104,1.4645,0.0231,48.4749,0.764,33.0735930735931
"242",2013,"3","Exposed","F","3EF2",0,10,5,0.619047619047619,NA,1.734375,133515.625,1.709,NA,NA,NA,NA,NA,-0.663966823579066,-0.00310998261601813,1.3608,0.0686,42.344,2.1358,31.134110787172
"243",2013,"3","Exposed","L","3EL3",0,11,7,0.761904761904762,NA,1.42647058823529,106617.647058824,2.9,36.4936708860759,2.883,0.079,50.11,1.38,0.632016719125743,0.0549629598572221,NA,NA,NA,NA,NA
"244",2013,"3","Exposed","I","3EI4",0,11.5,5,1.14285714285714,NA,1.47104247104247,128108.108108108,3.318,31.4235294117647,2.671,0.085,50.1,1.59,0.238387055916585,-0.653003901641776,1.6271,0.0429,45.675,1.2035,28.0536130536131
"245",2013,"3","Exposed","U","3EU5",0,11,6,1.07142857142857,NA,1.45283018867925,92924.5283018868,3.94,45.6296296296296,2.464,0.054,47.64,1.05,0.902339663826946,0.767114860186623,1.4316,0.0495,46.6452,1.6139,32.6040404040404
"246",2013,"3","Exposed","X","3EX6",0,13,3,0.785714285714286,NA,1.80269058295964,138452.914798206,6.175,47.4137931034483,2.75,0.058,49.16,1.04,-0.869909505622108,-0.102377879258124,1.0425,0.0193,40.5635,0.75,38.860103626943
"247",2013,"3","Exposed","S","3ES7",1,NA,NA,NA,NA,NA,NA,NA,NA,NA,NA,NA,NA,0.000194679969187533,0.000186444824321758,NA,NA,NA,NA,NA
"248",2013,"3","Exposed","J","3EJ8",0,9.5,3,0.80952380952381,NA,2.16602316602317,176332.046332046,4.567,25.2685185185185,2.729,0.108,49.39,1.96,-1.95751379440536,-2.51249918963175,1.0489,0.0311,45.731,1.3573,43.6430868167203
"249",2013,"3","Exposed","T","3ET9",1,NA,NA,NA,NA,NA,NA,NA,NA,NA,NA,NA,NA,0.000194679969187533,0.000186444824321758,NA,NA,NA,NA,NA
"250",2013,"3","Exposed","G","3EG10",0,10,1,0.476190476190476,NA,1.73037542662116,98668.9419795222,5.782,39.4375,2.524,0.064,47.11,1.19,-0.715493388949966,0.53168765151603,1.2917,0.0184,47.3643,0.6735,36.6032608695652
"251",2013,"3","Unexposed","W","3UW1",0,31,11,1.04761904761905,NA,1.33644859813084,88056.0747663552,4.711,33.6103896103896,2.588,0.077,47.69,1.42,2.74859766823778,-0.646338064503195,0.8706,0.0281,32.4792,1.0471,37.2633451957295
"252",2013,"3","Unexposed","F","3UF2",0,20,3,0.880952380952381,NA,1.53012048192771,100722.891566265,2.508,NA,NA,NA,NA,NA,0.455211127347752,0.769674229432194,1.8332,0.0821,45.81,2.0505,24.9756394640682
"253",2013,"3","Unexposed","L","3UL3",0,10,2,0.857142857142857,NA,1.57731958762887,96288.6597938144,2.802,41.8571428571429,2.637,0.063,48.24,1.14,-0.0801926527038713,0.728907807454219,1.1726,0.0579,46.8667,2.3129,39.9464594127807
"254",2013,"3","Unexposed","I","3UI4",0,4,3,1.16666666666667,NA,1.42268041237113,97422.6804123711,1.89,NA,NA,NA,NA,NA,0.149378097801126,1.5081672657964,1.0223,0.0227,61.9021,1.3773,60.6740088105727
"255",2013,"3","Unexposed","S","3US5",1,NA,NA,NA,NA,NA,NA,NA,NA,NA,NA,NA,NA,0.000194679969187533,0.000186444824321758,NA,NA,NA,NA,NA
"256",2013,"3","Unexposed","U","3UU6",0,29.5,4,1.26190476190476,NA,1.76134122287968,96094.674556213,4.872,43.6461538461539,2.837,0.065,49.68,1.14,1.17635004150138,-0.262513735130209,1.116,0.0649,44.3616,2.5801,39.7550077041602
"257",2013,"3","Unexposed","X","3UX7",0,32,2,0.380952380952381,NA,NA,NA,NA,NA,NA,NA,NA,NA,-0.158136466516491,-0.234608562901303,1.1257,0.0422,46.1484,1.7292,40.9763033175355
"258",2013,"3","Unexposed","J","3UJ8",1,NA,NA,NA,NA,NA,NA,NA,NA,NA,NA,NA,NA,0.000194679969187533,0.000186444824321758,NA,NA,NA,NA,NA
"259",2013,"3","Unexposed","T","3UT9",0,44,4,0.452380952380952,NA,1.79693486590038,121800.766283525,3.179,35.4927536231884,2.449,0.069,46.84,1.33,0.702223125371174,-1.34147503103059,1.124,0.0473,46.897,1.972,41.6913319238901
"260",2013,"3","Unexposed","G","3UG10",0,6,1,0.285714285714286,NA,1.52293577981651,112889.908256881,2.461,49.2830188679245,2.612,0.053,46.81,0.94,-1.12132294141351,1.3711694650569,1.1349,0.0212,46.0639,0.8619,40.6556603773585
"261",2013,"4","Exposed","W","4EW1",0,5,1,0.238095238095238,NA,1.37837837837838,127513.513513514,2.359,52.3829787234043,2.462,0.047,46.21,0.87,-1.33017071723693,1.57388195270482,1.1474,0.0563,43.1427,2.1183,37.6252220248668
"262",2013,"4","Exposed","F","4EF2",0,9,1,0.0714285714285714,NA,NA,NA,NA,NA,NA,NA,NA,NA,-1.84215700501578,0.522171092375229,0.5659,0.0031,33.7476,0.1826,58.9032258064516
"263",2013,"4","Exposed","L","4EL3",0,4,2,0.30952380952381,NA,1.47826086956522,103304.347826087,2.376,66.8974358974359,2.609,0.039,46.11,0.69,-0.895771322417244,2.62114887059135,1.2337,0.0662,46.4096,2.4899,37.6117824773414
"264",2013,"4","Exposed","S","4ES4",1,NA,NA,NA,NA,NA,NA,NA,NA,NA,NA,NA,NA,0.000194679969187533,0.000186444824321758,NA,NA,NA,NA,NA
"265",2013,"4","Exposed","I","4EI5",0,16,5,0.333333333333333,NA,1.17877094972067,111229.05027933,1.991,NA,NA,NA,NA,NA,0.324837562372049,1.3045859155516,1.1692,0.0502,47.3223,2.0306,40.4501992031873
"266",2013,"4","Exposed","J","4EJ6",0,12,5,0.142857142857143,NA,1.93577981651376,129908.256880734,1.416,NA,NA,NA,NA,NA,-1.09427064203713,-0.0629853947841969,NA,NA,NA,NA,NA
"267",2013,"4","Exposed","X","4EX7",0,13.5,2,0.619047619047619,NA,1.51788268955651,99556.5092989986,6.959,NA,NA,NA,NA,NA,-0.153356158817669,1.29859474742364,1.5176,0.0291,41.6028,0.7975,27.4054982817869
"268",2013,"4","Exposed","U","4EU8",0,9,3,0.5,NA,1.46511627906977,108930.23255814,2.342,40.6811594202899,2.807,0.069,48.94,1.2,-0.358159605402,0.684295236955414,1.071,0.0456,44.5227,1.8936,41.5263157894737
"269",2013,"4","Exposed","T","4ET9",0,14,5,0.642857142857143,NA,1.81420765027322,167786.885245902,6.141,28.5742574257426,2.886,0.101,48.95,1.71,-1.09560813817514,-1.88006977809077,1.4593,0.057,45.3438,1.772,31.0877192982456
"270",2013,"4","Exposed","G","4EG10",1,NA,NA,NA,NA,NA,NA,NA,NA,NA,NA,NA,NA,0.000194679969187533,0.000186444824321758,NA,NA,NA,NA,NA
"271",2013,"4","Unexposed","F","4UF1",0,29,9,1.38095238095238,NA,1.37154150197628,98142.2924901186,2.483,56,2.856,0.051,48.37,0.87,2.30740786585802,0.587343650361877,1.1574,0.0731,44.7514,2.8283,38.6908344733242
"272",2013,"4","Unexposed","W","4UW2",0,42,10,0.976190476190476,NA,1.61802575107296,93690.9871244635,2.183,35.0266666666667,2.627,0.075,48.45,1.38,2.61752551878919,-1.26025228828998,0.946,0.0398,44.9453,1.8904,47.4974874371859
"273",2013,"4","Unexposed","L","4UL3",0,11.5,6,1.28571428571429,NA,1.27777777777778,91472.2222222222,3.293,50.0754716981132,2.654,0.053,48.88,0.97,1.275864076824,1.22977964598837,0.5922,0.0235,46.5471,1.8479,78.6340425531915
"274",2013,"4","Unexposed","J","4UJ4",0,3,2,0.19047619047619,NA,2.95348837209302,162093.023255814,0.697,NA,NA,NA,NA,NA,-3.49699734816711,-1.81252368995308,NA,NA,NA,NA,NA
"275",2013,"4","Unexposed","I","4UI5",0,29,9,0.714285714285714,NA,NA,NA,0.775,42.7164179104478,2.862,0.067,49.7,1.16,1.24889705071789,-0.734162348854569,0.9921,0.0289,46.3529,1.3507,46.7370242214533
"276",2013,"4","Unexposed","X","4UX6",1,NA,NA,NA,NA,NA,NA,NA,NA,NA,NA,NA,NA,0.000194679969187533,0.000186444824321758,NA,NA,NA,NA,NA
"277",2013,"4","Unexposed","U","4UU7",0,3,1,0.142857142857143,NA,3.05797101449275,260144.927536232,1.795,NA,NA,NA,NA,NA,-5.49934840134674,-4.2722647187735,1.3933,0.0426,45.4996,1.3923,32.6830985915493
"278",2013,"4","Unexposed","T","4UT8",0,9,3,0.904761904761905,NA,1.60869565217391,121195.652173913,2.23,54.0425531914894,2.54,0.047,46.15,0.85,-0.468298742922738,0.935119468832211,0.7109,0.0179,44.0823,1.1131,62.1843575418994
"279",2013,"4","Unexposed","S","4US9",0,6,2,0.30952380952381,NA,2.37209302325581,175465.11627907,1.509,72.4666666666667,2.174,0.03,46.03,0.63,-3.04494966102763,0.392779019918781,0.894,0.0118,44.6928,0.5877,49.8050847457627
"280",2013,"4","Unexposed","G","4UG10",0,7.5,1,0.30952380952381,NA,NA,NA,3.528,NA,NA,NA,NA,NA,-1.66702528948208,0.539297641216036,1.0624,0.0355,45.7049,1.5252,42.9633802816901
"281",2013,"5","Exposed","W","5EW1",0,14,5,0.761904761904762,NA,1.48888888888889,88022.2222222222,3.961,36.9452054794521,2.697,0.073,49.95,1.35,0.728202048974919,0.379276012445388,NA,NA,NA,NA,NA
"282",2013,"5","Exposed","F","5EF2",0,10.5,3,0.166666666666667,NA,1.55813953488372,129651.162790698,1.115,NA,NA,NA,NA,NA,-1.05503446053407,0.752614903258856,1.3334,0.0156,40.3911,0.4722,30.2692307692308
"283",2013,"5","Exposed","L","5EL3",0,6,2,0.404761904761905,NA,1.56756756756757,102297.297297297,1.514,NA,NA,NA,NA,NA,-0.747792925950848,1.56118872328933,NA,NA,NA,NA,NA
"284",2013,"5","Exposed","U","5EU4",1,NA,NA,NA,NA,NA,NA,NA,NA,NA,NA,NA,NA,0.000194679969187533,0.000186444824321758,NA,NA,NA,NA,NA
"285",2013,"5","Exposed","X","5EX5",0,5,1,0.261904761904762,NA,1.89795918367347,110775.510204082,2.714,33.1666666666667,2.587,0.078,46.63,1.4,-1.45742513095871,-0.0841430937661466,1.2548,0.0357,44.6784,1.2707,35.593837535014
"286",2013,"5","Exposed","J","5EJ6",0,12.5,1,0.571428571428571,NA,1.74418604651163,94046.511627907,2.022,41.5694444444444,2.993,0.072,50.31,1.21,-0.474770765773296,0.615500069002627,1.2753,0.0336,44.485,1.1726,34.8988095238095
"287",2013,"5","Exposed","S","5ES7",1,NA,NA,NA,NA,NA,NA,NA,NA,NA,NA,NA,NA,0.000194679969187533,0.000186444824321758,NA,NA,NA,NA,NA
"288",2013,"5","Exposed","T","5ET8",0,11,2,0.666666666666667,NA,1.63513513513514,105540.540540541,3.124,NA,NA,NA,NA,NA,-0.448152829801885,1.04655674395067,1.3097,0.0382,45.7103,1.3315,34.8560209424084
"289",2013,"5","Exposed","I","5EI9",0,4.5,1,0.214285714285714,NA,1.53164556962025,125822.784810127,0.994,NA,NA,NA,NA,NA,-1.48783356187859,1.28368792376996,NA,NA,NA,NA,NA
"290",2013,"5","Exposed","G","5EG10",1,NA,NA,NA,NA,NA,NA,NA,NA,NA,NA,NA,NA,0.000194679969187533,0.000186444824321758,NA,NA,NA,NA,NA
"291",2013,"5","Unexposed","W","5UW1",0,36,9,0.666666666666667,NA,1.54752851711027,107262.357414449,2.821,43.134328358209,2.89,0.067,49.26,1.14,1.76271229589032,-0.539941120067573,0.7277,0.0342,47.0841,2.2134,64.719298245614
"292",2013,"5","Unexposed","F","5UF2",0,28,10,0.595238095238095,NA,1.61261261261261,93783.7837837838,1.041,47.5081967213115,2.898,0.061,48.17,1.02,1.67327567947963,0.00900180736330477,0.757,0.0513,46.1235,3.1267,60.9493177387914
"293",2013,"5","Unexposed","U","5UU3",1,NA,NA,NA,NA,NA,NA,NA,NA,NA,NA,NA,NA,0.000194679969187533,0.000186444824321758,NA,NA,NA,NA,NA
"294",2013,"5","Unexposed","J","5UJ4",0,10,2,0.357142857142857,NA,1.94605809128631,144398.340248963,3.48,58.9574468085106,2.771,0.047,47.24,0.8,-1.78498406485531,0.59529167042641,1.1624,0.0276,45.1407,1.0703,38.7789855072464
"295",2013,"5","Unexposed","X","5UX5",0,33.5,5,0.404761904761905,NA,2.02114803625378,94592.1450151057,3.131,30.9493670886076,2.445,0.079,46.39,1.51,0.647844255992056,-1.27942095837704,1.1312,0.0371,43.9533,1.4421,38.8706199460916
"296",2013,"5","Unexposed","L","5UL6",0,25,9,0.523809523809524,NA,1.3021582733813,91007.1942446043,1.265,82.2647058823529,2.797,0.034,47.85,0.58,1.5556002892588,2.79630510340788,0.8194,0.0525,44.0227,2.8183,53.6819047619048
"297",2013,"5","Unexposed","S","5US7",0,29,3,0.0952380952380952,NA,2.1578947368421,141052.631578947,0.804,NA,NA,NA,NA,NA,-1.1122838036708,-1.14913427421564,1.1952,0.0234,44.7021,0.8766,37.4615384615385
"298",2013,"5","Unexposed","T","5UT8",0,22,7,0.428571428571429,NA,1.99212598425197,106929.133858268,2.716,86.1935483870968,2.672,0.031,48.09,0.55,0.0450529452538786,2.02933461876873,1.0865,0.0574,44.2546,2.3384,40.7386759581882
"299",2013,"5","Unexposed","I","5UI9",0,3,3,0.285714285714286,NA,2.66666666666667,183000,0.549,NA,NA,NA,NA,NA,-3.34342412223498,-2.02545682925556,NA,NA,NA,NA,NA
"300",2013,"5","Unexposed","G","5UG10",0,8.5,2,0.428571428571429,NA,1.41758241758242,105824.175824176,1.926,52,2.808,0.054,49.97,0.96,-0.530073469801442,1.60820464597849,NA,NA,NA,NA,NA
"301",2013,"6","Exposed","W","6EW1",0,15.5,6,0.928571428571429,NA,1.33201581027668,99446.6403162055,2.516,33.5844155844156,2.586,0.077,47.62,1.42,1.0413245722572,0.0397688165273516,NA,NA,NA,NA,NA
"302",2013,"6","Exposed","F","6EF2",0,7,2,0.523809523809524,NA,1.67326732673267,92871.2871287129,0.938,NA,NA,NA,NA,NA,-0.553467369837813,1.53105367548979,NA,NA,NA,NA,NA
"303",2013,"6","Exposed","L","6EL3",1,NA,NA,NA,NA,NA,NA,NA,NA,NA,NA,NA,NA,0.000194679969187533,0.000186444824321758,NA,NA,NA,NA,NA
"304",2013,"6","Exposed","J","6EJ4",0,3.5,2,0.30952380952381,NA,1.78350515463918,112577.319587629,1.092,NA,NA,NA,NA,NA,-1.330382059977,1.12386195521773,NA,NA,NA,NA,NA
"305",2013,"6","Exposed","U","6EU5",0,5,1,0.19047619047619,NA,1.68518518518519,109814.814814815,1.186,NA,NA,NA,NA,NA,-1.36202399227039,1.43406899823282,NA,NA,NA,NA,NA
"306",2013,"6","Exposed","X","6EX6",0,8.5,1,0.404761904761905,NA,2.64035087719298,166754.385964912,3.802,25.1,2.51,0.1,49.17,1.97,-2.9267874602022,-2.73414719463654,NA,NA,NA,NA,NA
"307",2013,"6","Exposed","T","6ET7",0,9.5,3,0.547619047619048,NA,1.91044776119403,146567.164179104,3.928,NA,NA,NA,NA,NA,-1.45053959068396,-0.357472392167391,1.8341,0.0694,43.3714,1.6407,23.6412103746398
"308",2013,"6","Exposed","S","6ES8",1,NA,NA,NA,NA,NA,NA,NA,NA,NA,NA,NA,NA,0.000194679969187533,0.000186444824321758,NA,NA,NA,NA,NA
"309",2013,"6","Exposed","I","6EI9",1,NA,NA,NA,NA,NA,NA,NA,NA,NA,NA,NA,NA,0.000194679969187533,0.000186444824321758,NA,NA,NA,NA,NA
"310",2013,"6","Exposed","G","6EG10",1,NA,NA,NA,NA,NA,NA,NA,NA,NA,NA,NA,NA,0.000194679969187533,0.000186444824321758,NA,NA,NA,NA,NA
"311",2013,"6","Unexposed","F","6UF1",0,5,3,0.214285714285714,NA,2.23529411764706,132745.098039216,1.354,NA,NA,NA,NA,NA,-1.99916256149108,-0.169045309466353,1.442,0.034,37.1708,0.8769,25.7911764705882
"312",2013,"6","Unexposed","W","6UW2",0,31.5,4,0.404761904761905,NA,1.62857142857143,101085.714285714,1.769,39.6712328767123,2.896,0.073,49.57,1.25,0.657886618019656,-0.145119877577851,1.1409,0.0274,39.0271,0.9382,34.2408759124088
"313",2013,"6","Unexposed","U","6UU3",1,NA,NA,NA,NA,NA,NA,NA,NA,NA,NA,NA,NA,0.000194679969187533,0.000186444824321758,NA,NA,NA,NA,NA
"314",2013,"6","Unexposed","J","6UJ4",0,8,5,0.833333333333333,NA,1.7972027972028,103356.643356643,1.478,46.2,2.541,0.055,48.47,1.04,-0.102964897846357,0.366315463060891,0.9332,0.0329,42.6721,1.5025,45.6686930091185
"315",2013,"6","Unexposed","L","6UL5",0,8,4,0.880952380952381,NA,1.23021582733813,71834.5323741007,1.997,44.8571428571429,2.512,0.056,47.73,1.06,0.935111021089311,1.70783526712455,0.7176,0.0385,45.2625,2.4283,63.0727272727273
"316",2013,"6","Unexposed","T","6UT6",1,NA,NA,NA,NA,NA,NA,NA,NA,NA,NA,NA,NA,0.000194679969187533,0.000186444824321758,NA,NA,NA,NA,NA
"317",2013,"6","Unexposed","X","6UX7",1,NA,NA,NA,NA,NA,NA,NA,NA,NA,NA,NA,NA,0.000194679969187533,0.000186444824321758,NA,NA,NA,NA,NA
"318",2013,"6","Unexposed","S","6US8",0,8,2,0.333333333333333,NA,1.72727272727273,166590.909090909,0.733,NA,NA,NA,NA,NA,-1.99879340279455,-0.310546866692878,1.2339,0.0191,40.1057,0.6192,32.4188481675393
"319",2013,"6","Unexposed","I","6UI9",0,11,1,0.452380952380952,NA,1.51396648044693,138100.558659218,2.472,39.8428571428571,2.789,0.07,50.28,1.27,-1.18193643551348,0.206617061033893,1.2658,0.0473,40.6319,1.5168,32.0676532769556
"320",2013,"6","Unexposed","G","6UG10",1,NA,NA,NA,NA,NA,NA,NA,NA,NA,NA,NA,NA,0.000194679969187533,0.000186444824321758,NA,NA,NA,NA,NA
"321",2013,"7","Exposed","W","7EW1",0,9,6,0.952380952380952,NA,1.16346153846154,79543.2692307692,3.309,41.9836065573771,2.561,0.061,48.39,1.15,1.27611669183251,1.29063780116358,2.1798,0.0184,36.7896,0.3109,16.8967391304348
"322",2013,"7","Exposed","F","7EF2",0,9,2,0.357142857142857,NA,1.94117647058824,121764.705882353,0.828,NA,NA,NA,NA,NA,-1.37307184475891,0.412696711509063,NA,NA,NA,NA,NA
"323",2013,"7","Exposed","U","7EU3",0,19.5,7,1.95238095238095,NA,1.66949152542373,116949.152542373,2.76,40.4666666666667,2.428,0.06,47.18,1.16,1.46991442049302,-0.877310908182173,0.1884,0.0075,44.6442,1.7831,237.746666666667
"324",2013,"7","Exposed","L","7EL4",0,14,8,0.80952380952381,NA,1.43816254416961,74416.9611307421,2.106,71.7948717948718,2.8,0.039,48.71,0.67,1.3626714316621,2.51769136476728,0.1657,0.0051,41.6215,1.279,250.78431372549
"325",2013,"7","Exposed","J","7EJ5",0,2,2,0.119047619047619,NA,2.80952380952381,187380.952380952,1.574,NA,NA,NA,NA,NA,-3.89109920808713,-2.13815051501247,1.4753,0.022,42.3815,0.6328,28.7636363636364
"326",2013,"7","Exposed","S","7ES6",1,NA,NA,NA,NA,NA,NA,NA,NA,NA,NA,NA,NA,0.000194679969187533,0.000186444824321758,NA,NA,NA,NA,NA
"327",2013,"7","Exposed","T","7ET7",0,7.5,2,0.285714285714286,NA,1.94573643410853,118914.728682171,1.534,NA,NA,NA,NA,NA,-1.44986572100758,0.571551414771246,0.1059,0.006,47.5228,2.7007,450.116666666667
"328",2013,"7","Exposed","X","7EX8",0,15.5,6,0.523809523809524,NA,1.60089686098655,100358.744394619,2.238,45.3888888888889,2.451,0.054,45.79,1.02,0.384775894465908,0.479726900517427,0.3357,0.0152,43.7503,1.9745,129.901315789474
"329",2013,"7","Exposed","I","7EI9",0,5,4,0.238095238095238,NA,1.33333333333333,109666.666666667,0.329,NA,NA,NA,NA,NA,-0.511057076863671,1.6819139725825,1.1935,0.0304,45.729,1.1652,38.3289473684211
"330",2013,"7","Exposed","G","7EG10",1,NA,NA,NA,NA,NA,NA,NA,NA,NA,NA,NA,NA,0.000194679969187533,0.000186444824321758,NA,NA,NA,NA,NA
"331",2013,"7","Unexposed","W","7UW1",0,37,12,0.952380952380952,NA,2.06122448979592,118367.346938776,1.74,35.9285714285714,2.515,0.07,47.41,1.32,1.78631782366729,-2.28765258353947,0.7748,0.0368,45.6721,2.169,58.9402173913044
"332",2013,"7","Unexposed","F","7UF2",0,20.5,6,0.380952380952381,NA,1.64150943396226,102452.830188679,0.543,NA,NA,NA,NA,NA,0.392558112806238,0.516068396997048,1.2815,0.0212,46.6582,0.7722,36.4245283018868
"333",2013,"7","Unexposed","J","7UJ3",0,39,5,0.761904761904762,NA,1.91479820627803,109103.139013453,2.433,73.921052631579,2.809,0.038,47.51,0.64,0.822127853707142,0.956577846460051,0.4567,0.0196,46.741,2.0089,102.494897959184
"334",2013,"7","Unexposed","S","7US4",1,NA,NA,NA,NA,NA,NA,NA,NA,NA,NA,NA,NA,0.000194679969187533,0.000186444824321758,NA,NA,NA,NA,NA
"335",2013,"7","Unexposed","L","7UL5",0,10.5,4,0.761904761904762,NA,1.26700251889169,106448.362720403,4.226,72.8285714285714,2.549,0.035,47.45,0.65,0.167923801100205,2.7427592983658,0.9837,0.0202,47.12,0.966,47.8217821782178
"336",2013,"7","Unexposed","U","7UU6",0,9.5,4,0.571428571428571,NA,1.58215962441315,104788.732394366,2.232,77.53125,2.481,0.032,45.72,0.58,-0.334894560963176,2.68131946001385,0.9213,0.0166,46.4815,0.8381,50.4879518072289
"337",2013,"7","Unexposed","T","7UT7",0,13,2,0.595238095238095,NA,1.48717948717949,95589.7435897436,3.728,49.08,2.454,0.05,47.69,0.97,-0.0824650473569658,1.31881799818088,1.1792,0.0217,47.6176,0.8762,40.3778801843318
"338",2013,"7","Unexposed","X","7UX8",0,10,1,0.476190476190476,NA,1.67716535433071,117204.724409449,2.977,52.4782608695652,2.414,0.046,45.91,0.88,-1.05115617525433,1.09077050671258,1.396,0.0214,44.2375,0.6795,31.7523364485981
"339",2013,"7","Unexposed","I","7UI9",0,11.5,5,0.19047619047619,NA,2.25,178250,0.713,NA,NA,NA,NA,NA,-2.2395601064638,-1.73997747920546,0.9375,0.024,47.654,1.2209,50.8708333333333
"340",2013,"7","Unexposed","G","7UG10",0,17,3,0.285714285714286,NA,2.75,146500,0.586,NA,NA,NA,NA,NA,-2.18179145756973,-1.8116454069694,NA,NA,NA,NA,NA
"341",2013,"8","Exposed","F","8EF1",0,14,2,0.214285714285714,NA,2.10526315789474,121421.052631579,2.307,NA,NA,NA,NA,NA,-1.42841380320108,0.0423116093412819,0.748,0.0229,39.0458,1.1929,52.0917030567686
"342",2013,"8","Exposed","W","8EW2",0,14.5,6,0.404761904761905,NA,1.43243243243243,103209.459459459,3.055,52.5957446808511,2.472,0.047,45.78,0.86,0.338887818850857,1.18428845625924,0.7317,0.0258,42.7914,1.5071,58.4147286821705
"343",2013,"8","Exposed","J","8EJ3",0,6,2,0.0952380952380952,NA,1.80821917808219,94794.5205479452,1.384,NA,NA,NA,NA,NA,-1.10585530694271,1.53238736651105,0.9143,0.0318,45.1298,1.5705,49.3867924528302
"344",2013,"8","Exposed","S","8ES4",0,11,2,0.142857142857143,NA,3.16666666666667,210000,0.252,NA,NA,NA,NA,NA,-4.23645626061293,-3.6136063475043,0.7711,0.0234,43.5214,1.3231,56.542735042735
"345",2013,"8","Exposed","T","8ET5",0,6.5,4,0.523809523809524,NA,1.95081967213115,134836.06557377,3.29,47.2181818181818,2.597,0.055,46.95,1,-1.28589054103738,-0.0886573704682998,0.8479,0.0431,46.033,2.3403,54.2993039443155
"346",2013,"8","Exposed","U","8EU6",1,NA,NA,NA,NA,NA,NA,NA,NA,NA,NA,NA,NA,0.000194679969187533,0.000186444824321758,NA,NA,NA,NA,NA
"347",2013,"8","Exposed","L","8EL7",0,14,5,0.5,NA,NA,NA,2.47,53.2826086956522,2.451,0.046,47.15,0.89,-0.297898087118146,0.63597886281166,1.1213,0.0241,45.5699,0.9798,40.655601659751
"348",2013,"8","Exposed","I","8EI8",0,7,4,0.404761904761905,NA,1.80898876404494,126741.573033708,1.128,38.3571428571429,2.685,0.07,47.71,1.25,-1.02847161340933,-0.252141030398052,0.7343,0.0247,42.4063,1.4253,57.7044534412955
"349",2013,"8","Exposed","X","8EX9",0,4.5,1,0.214285714285714,NA,1.59668508287293,131602.209944751,2.382,NA,NA,NA,NA,NA,-1.65455196925235,1.04148931031018,1.0201,0.0238,41.9692,0.98,41.1764705882353
"350",2013,"8","Exposed","G","8EG10",0,11,3,0.238095238095238,NA,1.32558139534884,85780.73089701,2.582,66.7142857142857,2.802,0.042,47.7,0.72,-0.0299972329454055,2.87848440567182,0.7208,0.0247,40.4025,1.3838,56.0242914979757
"351",2013,"8","Unexposed","W","8UW1",0,38,4,0.333333333333333,NA,1.76892430278884,100338.645418327,5.037,50.2745098039216,2.564,0.051,49.03,0.97,0.70434802635931,0.148396406107012,1.3376,0.0294,44.5232,0.9795,33.3163265306122
"352",2013,"8","Unexposed","J","8UJ2",0,21,8,0.357142857142857,NA,1.8169014084507,123098.591549296,0.874,NA,NA,NA,NA,NA,0.160111126843903,-0.451043663955664,NA,NA,NA,NA,NA
"353",2013,"8","Unexposed","F","8UF3",0,27,1,0.19047619047619,NA,1.92035398230089,85929.203539823,0.971,NA,NA,NA,NA,NA,-0.225359309735701,0.785903050496809,2.1207,0.0197,39.6306,0.3678,18.6700507614213
"354",2013,"8","Unexposed","L","8UL4",0,30,13,0.571428571428571,NA,1.51748251748252,76258.7412587413,2.181,54.7,2.735,0.05,47.61,0.87,2.57296963282359,0.580931591725741,0.0874,0.0043,47.1168,2.3299,541.837209302326
"355",2013,"8","Unexposed","T","8UT5",0,37,11,0.880952380952381,NA,1.66666666666667,124466.666666667,1.867,36.8714285714286,2.581,0.07,46.92,1.28,1.86894789141147,-1.64215770272471,0.7216,0.0266,45.7895,1.6905,63.5526315789474
"356",2013,"8","Unexposed","G","8UG6",0,27.5,6,0.642857142857143,NA,1.28637413394919,82771.3625866051,3.584,46.7272727272727,2.57,0.055,48.7,1.05,1.6214183819287,0.949529037440405,NA,NA,NA,NA,NA
"357",2013,"8","Unexposed","U","8UU7",0,19.5,5,0.357142857142857,NA,1.45901639344262,109262.295081967,1.333,52.5957446808511,2.472,0.047,47.48,0.91,0.22884000508683,1.00846750971342,1.2712,0.028,46.3092,1.0193,36.4035714285714
"358",2013,"8","Unexposed","S","8US8",0,12,1,0.571428571428571,NA,1.51612903225806,134645.161290323,2.087,56.3695652173913,2.593,0.046,45.28,0.8,-1.05808182128446,1.188485134546,0.5839,0.0265,40.7718,1.8523,69.8981132075472
"359",2013,"8","Unexposed","I","8UI9",0,11,1,0.5,NA,1.53424657534247,127876.712328767,1.867,40.1805555555556,2.893,0.072,48.69,1.21,-0.983049602082569,0.349131054573136,1.3922,0.0217,41.1449,0.6427,29.6175115207373
"360",2013,"8","Unexposed","X","8UX10",0,6,1,0.285714285714286,NA,2.74045801526718,189007.633587786,2.476,34,2.21,0.065,44.44,1.31,-3.66721972391025,-2.60360919206618,0.1374,0.0055,44.9172,1.8057,328.309090909091
"361",2013,"9","Exposed","W","9EW1",0,10,1,0.476190476190476,NA,1.93103448275862,117862.068965517,3.418,NA,NA,NA,NA,NA,-1.30837085182588,0.515284504377839,0.9571,0.0333,46.6917,1.6267,48.8498498498498
"362",2013,"9","Exposed","J","9EJ2",1,NA,NA,NA,NA,NA,NA,NA,NA,NA,NA,NA,NA,0.000194679969187533,0.000186444824321758,NA,NA,NA,NA,NA
"363",2013,"9","Exposed","F","9EF3",0,8.5,1,0.0238095238095238,NA,2.69565217391304,178695.652173913,0.822,NA,NA,NA,NA,NA,-3.56691744977288,-1.86910510351397,0.917,0.0164,47.5551,0.8493,51.7865853658537
"364",2013,"9","Exposed","L","9EL4",1,NA,NA,NA,NA,NA,NA,NA,NA,NA,NA,NA,NA,0.000194679969187533,0.000186444824321758,NA,NA,NA,NA,NA
"365",2013,"9","Exposed","G","9EG5",0,1.5,2,0.0476190476190476,NA,1.68292682926829,144634.146341463,0.593,NA,NA,NA,NA,NA,-2.08035701056689,0.700806526686306,1.1034,0.0111,40.8189,0.4098,36.9189189189189
"366",2013,"9","Exposed","T","9ET6",0,4,2,0.285714285714286,NA,2,127090.909090909,1.398,NA,NA,NA,NA,NA,-1.80004158408289,0.426098686876724,0.9931,0.0544,45.557,2.497,45.9007352941176
"367",2013,"9","Exposed","I","9EI7",1,NA,NA,NA,NA,NA,NA,NA,NA,NA,NA,NA,NA,0.000194679969187533,0.000186444824321758,NA,NA,NA,NA,NA
"368",2013,"9","Exposed","X","9EX8",0,2.5,2,0.238095238095238,NA,1.890625,105312.5,1.348,NA,NA,NA,NA,NA,-1.41267515127213,1.21397688121068,1.4228,0.0653,46.0506,2.1151,32.3905053598775
"369",2013,"9","Exposed","S","9ES9",0,4,1,0.19047619047619,NA,1.51700680272109,135034.013605442,1.985,NA,NA,NA,NA,NA,-1.67396690670474,1.11129398708384,1.3571,0.0234,47.9974,0.827,35.3418803418803
"370",2013,"9","Exposed","U","9EU10",0,5.5,1,0.261904761904762,NA,1.85714285714286,126359.447004608,2.742,50.64,2.532,0.05,46.71,0.92,-1.75041142971728,0.759050647350586,1.2829,0.0515,28.5413,1.1465,22.2621359223301
"371",2013,"9","Unexposed","J","9UJ1",0,30,10,0.571428571428571,NA,1.62626262626263,100959.595959596,1.999,35.6753246753247,2.747,0.077,46.67,1.3,1.64823634736954,-0.88865967291027,1.0754,0.0209,45.3022,0.8789,42.0526315789474
"372",2013,"9","Unexposed","W","9UW2",0,41.5,6,0.904761904761905,NA,1.13450292397661,87690.0584795322,2.999,39.7777777777778,2.864,0.072,49.88,1.26,2.51942986953293,0.204704626410663,NA,NA,NA,NA,NA
"373",2013,"9","Unexposed","F","9UF3",0,29,8,0.547619047619048,NA,2,119666.666666667,1.077,NA,NA,NA,NA,NA,0.533121169710938,-1.06208459070028,0.7025,0.0267,47.0332,1.7896,67.0262172284644
"374",2013,"9","Unexposed","L","9UL4",0,35,7,0.571428571428571,NA,1.27777777777778,86527.7777777778,3.115,51.54,2.577,0.05,48.18,0.93,1.95699188526566,0.930810447531711,1.1464,0.0212,45.8844,0.8479,39.9952830188679
"375",2013,"9","Unexposed","G","9UG5",0,16,3,0.261904761904762,NA,1.72727272727273,121717.171717172,1.205,NA,NA,NA,NA,NA,-0.773635214240559,0.421344049534892,1.1204,0.0314,41.3518,1.1599,36.9394904458599
"376",2013,"9","Unexposed","T","9UT6",0,36,8,0.428571428571429,NA,NA,103643.724696356,2.56,30.6086956521739,2.816,0.092,47,1.54,1.33860574924738,-1.37168197416972,0.6393,0.0274,46.6472,2.0016,73.0510948905109
"377",2013,"9","Unexposed","S","9US7",0,33.5,16,0.976190476190476,NA,1.92035398230089,125221.238938053,1.415,NA,NA,NA,NA,NA,2.26074568816701,-2.19774109325216,1.277,0.0322,41.8644,1.0546,32.7515527950311
"378",2013,"9","Unexposed","X","9UX8",0,35,10,1.0952380952381,NA,1.2192513368984,85427.807486631,3.195,37.3823529411765,2.542,0.068,48.16,1.28,2.95653112234829,-0.245268540800438,NA,NA,NA,NA,NA
"379",2013,"9","Unexposed","I","9UI9",0,39,9,0.80952380952381,NA,1.5,107631.578947368,0.818,NA,NA,NA,NA,NA,2.04463143541604,-0.618316104754415,0.1175,0.0046,46.4347,1.7989,391.065217391304
"380",2013,"9","Unexposed","U","9UU10",0,35,9,1.0952380952381,NA,1.30607966457023,80838.5744234801,3.856,43.4426229508197,2.65,0.061,48.94,1.13,2.77387391263976,0.149367977552916,1.2228,0.0299,47.1979,1.1549,38.6254180602007
"381",2013,"10","Exposed","J","10EJ1",0,3,1,0.142857142857143,NA,1.87128712871287,127623.762376238,1.289,NA,NA,NA,NA,NA,-1.98602941241778,0.81330321212596,0.2991,0.0136,12.285,0.5592,41.1176470588235
"382",2013,"10","Exposed","W","10EW2",0,10.5,1,0.476190476190476,NA,1.40458015267176,89370.2290076336,4.683,45.8571428571429,2.568,0.056,48.98,1.07,-0.222175242332495,1.53969770119917,0.9983,0.0421,48.837,2.0585,48.895486935867
"383",2013,"10","Exposed","F","10EF3",0,5,2,0.380952380952381,NA,2.77777777777778,155777.777777778,0.701,NA,NA,NA,NA,NA,-2.97097721539837,-1.56276613502392,NA,NA,NA,NA,NA
"384",2013,"10","Exposed","G","10EG4",1,NA,NA,NA,NA,NA,NA,NA,NA,NA,NA,NA,NA,0.000194679969187533,0.000186444824321758,NA,NA,NA,NA,NA
"385",2013,"10","Exposed","T","10ET5",0,8,1,0.30952380952381,NA,2.33333333333333,166000,0.498,NA,NA,NA,NA,NA,-2.77410846478153,-1.12422534926572,0.7537,0.051,27.9983,1.896,37.1764705882353
"386",2013,"10","Exposed","I","10EI6",0,5,4,0.333333333333333,NA,1.53731343283582,131343.28358209,0.88,NA,NA,NA,NA,NA,-1.02061307161815,0.786847895526886,1.0071,0.0217,50.3656,1.0874,50.110599078341
"387",2013,"10","Exposed","L","10EL7",1,NA,NA,NA,NA,NA,NA,NA,NA,NA,NA,NA,NA,0.000194679969187533,0.000186444824321758,NA,NA,NA,NA,NA
"388",2013,"10","Exposed","S","10ES8",1,NA,NA,NA,NA,NA,NA,NA,NA,NA,NA,NA,NA,0.000194679969187533,0.000186444824321758,NA,NA,NA,NA,NA
"389",2013,"10","Exposed","U","10EU9",0,4,3,0.357142857142857,NA,1.45398773006135,96625.7668711657,1.575,NA,NA,NA,NA,NA,-0.507333122823678,1.8881052526337,0.9717,0.0582,43.8543,2.6286,45.1649484536082
"390",2013,"10","Exposed","X","10EX10",0,31.5,10,0.571428571428571,NA,1.67734553775744,100045.766590389,4.372,33.4210526315789,2.54,0.076,48.3,1.44,1.6863688609117,-1.12544935328399,0.2561,0.0173,12.6049,0.8523,49.2658959537572
"391",2013,"10","Unexposed","J","10UJ1",0,34,7,0.404761904761905,NA,2.9,143400,1.434,44.037037037037,2.378,0.054,45.96,1.05,-0.86136020152905,-2.77032691511425,0.8438,0.0342,46.659,1.892,55.3216374269006
"392",2013,"10","Unexposed","W","10UW2",0,35.5,6,0.380952380952381,NA,1.58426966292135,102359.550561798,1.822,44.9523809523809,2.832,0.063,49.38,1.1,1.11059180782417,-0.0457073467407884,1.1905,0.0614,45.5042,2.3457,38.2035830618892
"393",2013,"10","Unexposed","F","10UF3",0,3,1,0.142857142857143,NA,1.92682926829268,143902.43902439,1.18,NA,NA,NA,NA,NA,-2.32593706498398,0.327203998934814,0.7591,0.0376,46.8844,2.3241,61.811170212766
"394",2013,"10","Unexposed","G","10UG4",0,3.5,2,0.261904761904762,NA,2.07228915662651,164578.313253012,2.732,NA,NA,NA,NA,NA,-2.56689593032292,-0.575984098797656,0.7673,0.0092,46.4375,0.5582,60.6739130434783
"395",2013,"10","Unexposed","T","10UT5",0,6,3,0.380952380952381,NA,1.32804232804233,111005.291005291,2.098,89.5185185185185,2.417,0.027,45.83,0.5,-0.687435052645123,3.91917097804862,1.4689,0.0167,47.8579,0.5451,32.6407185628743
"396",2013,"10","Unexposed","I","10UI6",0,25.5,4,0.0952380952380952,NA,NA,NA,NA,NA,NA,NA,NA,NA,-0.434414084713102,-0.111198993381834,1.3064,0.0134,49.829,0.5127,38.2611940298507
"397",2013,"10","Unexposed","L","10UL7",0,9,3,0.119047619047619,NA,2.125,166875,0.534,NA,NA,NA,NA,NA,-2.38213967984311,-0.950928160197574,1.2651,0.025,44.5828,0.8823,35.292
"398",2013,"10","Unexposed","S","10US8",0,32,5,0.119047619047619,NA,1.96875,128281.25,0.821,NA,NA,NA,NA,NA,-0.245837825632305,-0.856993433271654,1.5645,0.0503,46.4059,1.4924,29.6699801192843
"399",2013,"10","Unexposed","U","10UU9",0,12.5,2,0.523809523809524,NA,1.92857142857143,121571.428571429,1.702,NA,NA,NA,NA,NA,-1.07271948827363,0.213533566124949,0.6915,0.0217,45.3469,1.4221,65.5345622119816
"400",2013,"10","Unexposed","X","10UX10",0,30.5,4,0.261904761904762,NA,1.8125,117031.25,0.749,NA,NA,NA,NA,NA,0.00498355027678718,-0.261655089383271,1.0013,0.0426,44.8264,1.9087,44.8051643192488
