"","Block","Wind.Exposure","Plot_code","Genotype","plant_ID","OTU_107","OTU_124","OTU_170","OTU_141","OTU_227","OTU_295","OTU_215","OTU_302","OTU_1358","OTU_310","OTU_210","OTU_208","OTU_1551","OTU_338","OTU_446","OTU_1799","OTU_329","OTU_852","OTU_986","OTU_410","OTU_1632","OTU_1186","OTU_321","OTU_1665","OTU_408","OTU_378","OTU_607","OTU_860","OTU_606","OTU_434","OTU_439","OTU_1892","OTU_1995","OTU_483","OTU_549","OTU_505","OTU_1645","OTU_648","OTU_1536","OTU_610","OTU_1121","OTU_540","OTU_698","OTU_1398","OTU_645","OTU_621","OTU_961","OTU_1961","OTU_1952","OTU_734","OTU_883","OTU_1077","OTU_1024","OTU_1083","OTU_819","OTU_1200","OTU_1261","OTU_1530","OTU_1837","OTU_921","OTU_968","OTU_906","OTU_922","OTU_1063","OTU_1964","OTU_1590","OTU_1384","OTU_1488","OTU_1700","OTU_1782","OTU_1683","OTU_1694","OTU_1786","OTU_1629","OTU_1850"
"1","10","Exposed","10.E","F","10EF3",3.58001328474942,0,0,2.69587181445938,0,0,4.12419214502134,0,0,0,0,0,0,0,0,0,0,0,0,0,0,0,0,0,0,0,0,0,0,0,0,0,0,0,0,0,0,0,0,0,0,0,0,0,0,0,0,0,0,0,0,0,0,0,0,0,0,0,0,0,0,0,0,0,0,0,0,0,0,0,0,0,0,0,0
"2","10","Exposed","10.E","I","10EI6",0,0,0,0,0,0,0,0,0,0,0,0,0,0,0,0,0,0,0,0,0,0,0,0,0,0,0,0,0,0,0,0,0,0,0,0,0,0,0,0,0,0,0,0,0,0,0,0,0,0,0,0,0,0,0,0,0,0,0,0,0,0,0,0,0,0,0,0,0,0,0,0,0,0,0
"3","10","Exposed","10.E","J","10EJ1",0,0,0,0,0,0,0,0,0,0,0,0,0,0,0,0,0,0,0,0,0,0,0,0,0,0,0,0,0,0,0,0,0,0,0,0,0,0,0,0,0,0,0,0,0,0,0,0,0,0,0,0,0,0,0,0,0,0,0,0,0,0,0,0,0,0,0,0,0,0,0,2.81231264185357,0,0,0
"4","10","Exposed","10.E","T","10ET5",3.84130225398094,0,0,0,0,0,0,0,0,0,0,0,0,0,0,0,0,0,0,0,0,0,0,0,0,0,0,0,0,0,0,0,0,0,0,0,0,0,0,0,0,0,0,0,0,0,0,0,0,0,0,0,0,0,0,2.11547721741994,0,0,0,0,0,0,0,0,0,0,0,0,0,0,0,0,0,0,0
"5","10","Exposed","10.E","U","10EU9",0,0,0,0,0,0,0,0,0,0,0,0,0,0,0,0,0,0,0,0,0,0,0,0,0,0,0,0,0,0,0,0,0,0,0,0,0,0,0,0,0,0,0,0,0,0,0,0,0,0,0,0,0,0,0,0,0,0,0,0,0,0,0,0,0,0,0,0,0,0,0,0,0,0,0
"6","10","Exposed","10.E","W","10EW2",2.26371993449525,0,0,3.63306428279956,0,0,4.01873435067164,0,0,0,0,0,0,0,0,0,0,0,0,0,0,0,0,0,0,0,0,0,0,0,0,0,0,0,0,0,0,0,0,0,0,0,0,0,0,0,0,0,0,0,0,0,0,0,0,0,0,0,0,0,0,0,0,0,0,0,0,0,0,0,0,0,0,0,0
"7","10","Exposed","10.E","X","10EX10",5.91194382333481,0,0,0,0,0,6.06154884039752,0,0,0,4.7716632149143,0,0,0,0,0,0,0,4.93570786802963,0,0,0,0,0,0,0,0,0,0,0,0,0,0,0,0,0,0,0,0,0,0,0,0,0,0,0,0,0,0,0,0,0,0,0,0,0,0,0,0,0,0,0,0,0,0,0,0,0,0,0,0,0,0,0,0
"8","10","Unexposed","10.U","F","10UF3",4.9265576290646,0,0,0,0,0,0,0,0,0,0,0,0,0,0,0,0,0,0,0,0,0,0,0,0,0,0,0,0,0,0,0,0,0,0,0,0,0,0,0,0,0,0,0,0,0,0,0,0,0,0,0,0,0,0,0,0,0,0,0,0,0,3.23317655766845,0,0,0,0,0,0,0,0,0,0,0,0
"9","10","Unexposed","10.U","G","10UG4",5.84323659399035,0,0,4.98955825327836,0,0,0,0,0,0,0,0,0,0,0,0,0,0,0,0,0,0,0,0,0,0,0,0,0,2.6154645891185,0,0,0,0,0,0,0,0,0,0,0,0,0,0,0,0,0,0,0,0,0,0,0,0,0,0,0,0,0,0,0,0,0,0,0,0,0,0,0,0,0,0,0,0,0
"10","10","Unexposed","10.U","I","10UI6",0,0,0,0,0,0,0,0,0,0,0,0,0,0,0,0,0,0,0,0,0,0,0,0,0,0,0,0,0,0,0,0,0,0,0,0,0,0,0,0,0,0,0,0,0,3.54080817111492,0,0,0,0,0,0,0,0,0,0,0,0,0,0,0,0,5.44470653534578,0,0,0,0,0,0,0,0,0,0,0,0
"11","10","Unexposed","10.U","J","10UJ1",0,0,0,0,0,0,0,0,0,0,0,0,0,0,0,0,0,0,0,0,0,0,0,0,0,0,0,0,0,0,0,0,0,0,0,0,0,0,0,0,0,0,0,0,0,0,0,0,0,0,0,0,0,0,0,0,0,0,0,0,0,0,0,0,0,0,0,0,0,0,0,0,0,0,0
"12","10","Unexposed","10.U","L","10UL7",0,0,0,0,0,0,0,0,0,0,0,0,0,0,0,0,0,0,0,0,0,0,0,0,0,0,0,0,0,0,0,0,0,0,0,0,0,0,0,0,0,0,0,0,0,0,0,0,0,0,0,0,0,0,0,0,0,0,0,4.9324328073716,0,0,0,0,0,0,0,0,0,0,0,0,0,0,0
"13","10","Unexposed","10.U","S","10US8",5.01122725542326,0,0,0,0,0,0,0,0,0,0,0,0,0,0,0,0,0,0,0,0,0,0,0,0,0,0,0,0,0,0,0,0,0,0,0,0,0,0,0,0,0,0,0,0,0,0,0,0,0,0,0,0,0,0,0,0,0,0,0,0,0,0,0,0,0,0,0,0,0,0,0,0,0,0
"14","10","Unexposed","10.U","T","10UT5",4.82495874052852,0,0,0,0,0,0,0,0,0,0,0,0,0,0,0,0,0,0,0,0,0,0,0,0,0,0,0,0,3.66888498426625,0,0,0,0,0,0,0,0,0,0,0,0,0,0,0,0,0,0,0,0,0,0,0,0,0,0,0,0,0,0,0,0,0,0,0,0,0,0,0,0,0,0,0,0,0
"15","10","Unexposed","10.U","U","10UU9",7.17556807724787,0,0,3.44638727081258,0,0,5.34354854557542,0,0,0,0,0,0,0,0,0,0,0,5.05216448845268,0,0,0,0,0,0,0,0,0,0,0,0,0,0,0,0,0,0,0,0,0,0,0,0,0,0,0,0,0,0,0,0,0,0,0,0,0,0,0,0,0,0,0,0,0,0,0,0,0,0,0,0,0,0,0,0
"16","10","Unexposed","10.U","X","10UX10",0,0,0,0,0,0,0,0,0,0,0,0,0,0,0,0,0,0,0,0,0,0,0,0,0,0,0,0,0,0,0,0,0,0,0,0,0,0,0,0,0,0,0,0,0,0,0,0,0,0,0,0,0,0,0,0,0,0,0,0,0,0,0,0,0,0,0,0,0,0,0,0,0,0,0
"17","1","Exposed","1.E","F","1EF2",0,1.76472046947336,0,0,0,0,0,0,5.11157979485814,4.64274866066102,6.9177190811063,0,0,0,0,0,0,0,0,0,0,0,0,0,0,0,0,0,0,3.03461095898461,0,0,0,0,0,5.5411291222348,0,0,0,0,0,0,0,4.89612546050678,0,3.03461095898461,0,0,0,0,0,0,0,0,0,0,0,0,0,0,0,0,0,0,0,0,0,0,0,0,0,0,0,0,0
"18","1","Exposed","1.E","G","1EG10",0,4.84136855887518,6.39238530632381,0,5.47502847368832,0,0,0,3.68456153234682,0,0,3.15463802354112,0,0,0,0,0,0,0,0,0,0,2.30817712462755,0,0,0,0,3.15463802354112,0,0,0,0,0,3.68456153234682,0,4.07127156493146,0,0,0,0,0,0,0,0,0,0,0,0,0,0,4.37593229446041,0,0,0,0,0,0,0,0,0,0,0,0,0,0,0,0,0,0,0,0,0,0,0,0
"19","1","Exposed","1.E","I","1EI1",0,3.99325527036666,0,0,0,0,0,0,0,3.45289173871263,7.18267846399423,0,4.94723348296768,0,0,0,0,0,0,0,0,0,0,0,0,0,0,0,0,0,0,0,0,0,0,0,0,0,0,0,0,0,0,0,0,0,0,0,0,0,0,0,0,0,0,0,0,0,0,0,0,0,0,0,0,0,0,0,0,0,0,0,0,0,0
"20","1","Exposed","1.E","J","1EJ7",6.45871864850127,6.69327049588046,0,5.13592433020699,0,0,5.00251803716943,0,0,4.29524844178988,6.23905736802248,4.69179769493014,2.85023537875095,0,0,0,5.37060618845982,0,0,0,0,0,3.74656647874489,0,0,0,0,0,0,6.45871864850127,0,0,0,0,0,3.74656647874489,0,0,0,0,0,0,0,0,0,0,0,0,0,0,4.0468359169076,0,0,0,0,0,0,0,0,0,0,0,0,0,0,0,0,0,0,0,0,0,0,0,0
"21","1","Exposed","1.E","L","1EL4",6.51331823049974,6.75189455723697,0,5.70969598541978,2.83999268669436,0,5.92001346790052,0,4.79150389351838,8.6415362374254,9.17493080777326,6.22731695334298,7.74518596947202,0,0,0,0,0,0,0,0,0,0,0,0,0,0,0,0,0,0,0,0,0,0,5.46339848621462,0,0,0,0,0,0,0,0,0,0,0,0,0,0,0,0,0,0,0,0,0,0,0,0,0,0,0,0,0,0,0,0,0,0,0,0,0,0,0
"22","1","Exposed","1.E","T","1ET5",0,0,0,0,3.05298445593173,0,0,0,0,3.05298445593173,4.91633715927461,0,3.96333910969929,0,0,0,0,0,0,0,0,0,0,0,0,0,0,0,0,0,0,0,0,3.96333910969929,0,0,0,0,0,0,0,0,0,3.96333910969929,0,0,0,0,0,0,0,0,0,0,0,0,0,0,0,0,0,0,0,0,3.05298445593173,0,0,0,0,0,0,0,0,0,0
"23","1","Exposed","1.E","U","1EU9",5.6469443715623,0,3.31158615066591,4.23703919730085,0,2.45003292063505,0,0,0,0,0,0,0,0,0,0,0,0,0,0,0,0,0,0,0,0,0,0,0,2.45003292063505,0,0,0,0,0,0,0,0,0,0,0,0,0,0,0,0,0,0,0,0,3.31158615066591,0,0,0,0,0,0,0,0,0,0,0,0,0,0,0,0,0,0,0,0,0,0,0,0
"24","1","Exposed","1.E","X","1EX6",0,7.31624569112612,3.86539038599139,2.46594492559597,5.53134617342607,0,2.46594492559597,0,6.65173356319367,2.46594492559597,4.25546655456626,5.90264112260716,0,0,0,0,0,0,0,0,0,0,3.32909111815555,0,0,0,0,0,0,2.46594492559597,0,0,0,2.46594492559597,0,0,0,0,0,0,0,0,4.5622078839565,0,0,0,0,0,0,0,0,3.86539038599139,0,0,0,0,0,0,0,0,0,0,0,0,0,0,0,0,0,0,0,0,0,0,0
"25","1","Unexposed","1.U","F","1UF2",0,9.23769444970797,5.06317641934742,0,0,0,0,0,9.15118799641606,6.04143717009439,4.80874681318428,7.94805147429717,0,0,0,0,0,1.88857871733158,0,0,0,0,7.05996556411215,0,0,0,0,0,0,0,0,0,0,0,0,0,0,0,0,0,0,0,0,0,0,0,0,0,0,0,0,0,0,0,0,0,0,0,0,0,0,0,0,0,0,0,0,1.88857871733158,0,0,0,0,1.88857871733158,0,0
"26","1","Unexposed","1.U","G","1UG10",0,0,0,0,0,0,0,0,0,0,0,0,0,0,0,0,0,0,0,0,0,0,0,0,0,0,0,0,0,0,4.5336047609378,0,0,0,0,0,0,0,0,0,0,3.89243139287548,0,0,0,0,0,0,0,0,0,0,0,0,0,1.91459632461682,0,0,0,0,0,0,0,0,0,0,0,0,0,0,0,0,0,0,0
"27","1","Unexposed","1.U","I","1UI3",6.43819778419808,9.31450232355505,3.55019708256048,4.88613203544172,5.86153006220865,2.1926450779424,5.77007390597815,5.86153006220865,7.57202344501366,5.56768450928932,5.86153006220865,5.33219643034119,4.23703919730085,0,0,2.1926450779424,0,0,2.1926450779424,0,0,0,6.9357964720549,0,0,0,2.1926450779424,2.1926450779424,3.93411206434354,0,0,0,0,3.55019708256048,0,0,2.1926450779424,0,0,0,0,3.55019708256048,0,3.02553509210714,0,0,0,0,0,0,0,0,0,0,0,0,0,0,0,0,0,0,0,0,0,0,0,0,0,0,0,0,0,0,0
"28","1","Unexposed","1.U","I","1UI4",0,11.1754649741552,0,6.6822209408651,0,0,0,6.58368837272093,9.55754482890641,0,0,9.70545667037356,0,0,0,0,5.95459065097725,0,0,0,0,0,7.26249303891992,0,0,0,6.03136827917942,0,5.78757058737672,0,5.69620134219636,0,0,0,0,0,0,0,0,0,0,0,0,0,0,0,0,0,0,0,0,0,0,0,0,0,0,0,0,0,0,0,0,0,0,0,0,0,0,0,0,2.13416523832471,0,0,0
"29","1","Unexposed","1.U","J","1UJ9",6.06324974680551,0,0,0,0,0,4.45668025823762,5.08466519463548,2.8048845532333,0,0,0,0,0,0,0,0,0,4.95140687595081,0,0,0,0,0,0,0,0,0,4.6410890922285,0,5.61188621989225,0,0,0,0,0,0,0,0,0,0,1.99783865871053,3.69777914561962,0,0,0,0,0,0,0,0,0,0,0,0,1.99783865871053,0,0,0,0,0,0,0,0,1.99783865871053,0,0,0,0,0,0,0,0,0,0
"30","1","Unexposed","1.U","S","1US7",3.42708284093944,5.83535721449393,0,2.55533733161188,0,6.43238912377283,0,7.02534216427405,6.00931658154901,0,0,0,0,7.70263727384534,6.16453906426898,4.35840998563706,0,0,5.63750846241464,0,0,6.34851226271689,4.7985310716706,0,0,0,5.95362865543527,0,4.66620234868133,0,6.00931658154901,0,0,0,0,0,0,0,0,0,0,5.48872190673182,0,0,0,0,0,0,0,0,3.96662854200066,0,0,0,0,0,0,0,0,0,0,0,0,0,0,0,0,0,0,0,0,0,0,0,0
"31","1","Unexposed","1.U","T","1UT5",0,5.18114814672282,0,1.07213038778423,5.72299011183928,7.87490511770164,0,0,6.06936168463917,6.44290692933986,5.66146779473623,0,0,6.5142475554457,5.72299011183928,6.13872760324767,0,0,0,0,0,6.3288109773106,0,0,0,0,0,0,0,0,0,0,0,0,0,0,0,0,0,0,1.68035661560772,0,0,4.45602946122303,0,0,0,0,0,0,0,0,0,0,0,0,0,0,0,0,0,0,0,0,0,0,0,1.68035661560772,0,0,0,0,0,0,0
"32","1","Unexposed","1.U","X","1UX6",0,5.11916002448379,0,4.46578164055109,0,0,0,0,4.71789329468127,5.90861430637302,6.09825423085079,0,5.80354532110911,0,0,0,0,0,0,0,0,0,0,0,0,0,0,0,0,0,0,0,0,0,0,0,0,0,0,0,0,0,0,0,0,0,0,0,0,0,0,0,0,0,0,0,0,0,0,0,0,0,0,0,0,0,0,0,0,0,0,0,0,0,2.38388653607811
"33","2","Exposed","2.E","I","2EI3",0,0,0,0,0,7.24353232163806,0,5.45978414033506,0,0,0,0,0,6.61138182639746,6.83166479537273,5.05563230698124,0,0,0,0,0,5.62606225711292,0,0,0,2.67272948343797,5.45978414033506,0,3.55491887456388,0,0,0,0,0,0,0,0,0,0,0,0,0,0,0,0,0,0,0,0,0,0,0,0,0,0,0,0,0,0,0,0,0,0,0,0,0,0,0,0,0,2.67272948343797,0,0,0,0
"34","2","Exposed","2.E","J","2EJ9",2.53796502118399,0,4.64607401502455,0,0,0,2.53796502118399,0,0,0,0,0,0,0,0,0,0,0,0,0,0,0,0,0,0,0,0,0,0,0,0,0,0,0,0,0,0,0,0,0,0,0,0,0,0,0,0,0,0,0,0,0,0,0,0,2.53796502118399,0,0,0,0,0,0,0,0,0,0,0,0,0,0,0,0,0,0,0
"35","2","Exposed","2.E","S","2ES7",5.53774786230032,0,4.67103994296439,4.76679529256889,1.45851416548022,5.69207286122111,2.64264502834283,0,0,0,0,0,0,3.52224542817169,4.06473334476011,3.28410820582286,0,0,2.16880359054956,0,0,2.16880359054956,0,0,3.72658735892532,0,4.67103994296439,0,2.64264502834283,2.64264502834283,0,0,0,2.16880359054956,0,0,0,0,0,0,0,0,0,0,0,0,0,1.45851416548022,0,0,0,0,0,0,0,0,0,0,0,0,0,0,0,0,0,0,0,0,0,0,0,0,1.45851416548022,0,0
"36","2","Exposed","2.E","T","2ET5",0,0,0,0,0,5.08826322686915,0,0,0,0,0,0,0,5.7248355744693,4.8729216598241,4.61970091400494,0,0,0,2.51525352890975,0,5.08826322686915,0,0,0,0,3.92133572295412,0,0,0,0,0,0,0,0,0,0,0,0,0,0,0,0,0,0,0,0,0,0,0,0,0,0,0,0,2.51525352890975,0,0,0,0,0,0,0,0,0,0,0,0,0,0,0,0,0,0,0
"37","2","Exposed","2.E","U","2EU8",0,0,0,0,0,0,0,0,0,0,0,0,0,0,0,0,0,0,0,0,0,0,0,0,0,0,0,0,0,0,0,0,0,0,0,0,0,0,0,0,0,5.14582700376433,0,0,0,0,0,0,0,0,0,0,0,0,0,0,1.71965570904613,0,0,0,0,0,0,0,0,0,0,0,0,0,0,0,0,0,0
"38","2","Unexposed","2.U","G","2UG10",0,0,0,2.93026737880716,0,6.55021164692568,0,4.38318929969246,0,0,0,0,2.93026737880716,2.93026737880716,7.1966794704934,6.64872065817536,0,0,0,0,0,0,0,0,0,0,0,0,0,0,2.93026737880716,0,0,0,0,0,4.38318929969246,0,0,0,0,0,0,0,0,0,0,0,0,0,0,0,0,0,0,2.93026737880716,0,0,0,0,0,0,0,0,2.93026737880716,0,0,0,0,0,0,0,0,0,0
"39","2","Unexposed","2.U","L","2UL4",4.31560459764488,0,3.92451772798672,5.36419158391869,0,7.78697630014425,0,0,0,0,0,0,0,1.75020609340653,7.00741501197392,6.5783749219847,0,0,0,0,0,0,0,0,0,0,0,0,0,0,0,0,0,0,0,0,0,0,0,0,4.47745687525317,0,0,0,0,0,0,0,0,0,0,0,0,0,0,1.75020609340653,0,0,0,0,0,0,0,0,1.75020609340653,0,0,0,0,0,0,0,0,0,0
"40","2","Unexposed","2.U","T","2UT8",0,0,0,0,0,5.80735492205761,0,0,0,2.58496250072116,0,0,0,5.93073733756289,4.7004397181411,2.58496250072116,0,0,0,0,0,4.7004397181411,0,0,0,0,0,0,3.4594316186373,0,0,0,0,0,0,0,0,0,0,0,0,0,0,0,0,0,0,0,0,0,0,0,0,0,0,3.4594316186373,0,0,0,0,0,0,0,0,0,0,0,0,0,0,0,0,0,0,0
"41","2","Unexposed","2.U","U","2UU7",0,0,0,0,0,6.9188632372746,0,0,0,0,0,0,0,0,5.6724253419715,4.95419631038688,0,0,0,0,0,3.4594316186373,0,0,0,0,0,0,0,0,0,0,0,0,0,0,0,0,0,0,0,0,0,0,0,0,0,0,0,0,0,0,0,0,0,0,0,0,0,0,0,0,0,0,0,0,0,0,0,0,0,0,0,0,0
"42","2","Unexposed","2.U","X","2UX5",3.59092816755755,0,0,2.70594736231395,0,7.06174040062687,0,0,0,0,0,0,0,4.83916898116688,7.38150710055549,5.49821559855322,3.59092816755755,0,0,0,0,3.59092816755755,0,0,0,0,0,0,0,0,4.13541876945631,0,0,0,0,0,0,0,0,0,0,0,0,0,0,0,0,0,0,0,0,0,0,6.2918257629966,0,0,0,0,0,0,0,0,0,0,0,0,0,0,0,0,0,0,0,0,0
"43","3","Exposed","3.E","F","3EF2",5.38887129751412,0,0,0,0,0,0,0,0,0,0,0,0,0,0,0,0,0,0,0,0,0,0,0,4.11768824473529,0,0,0,0,0,0,0,0,0,0,0,2.3476598600288,0,0,0,0,0,0,0,0,0,0,0,0,0,0,0,0,0,0,0,0,0,0,0,0,0,0,0,0,0,0,0,0,0,0,0,0,0,0
"44","3","Exposed","3.E","J","3EJ8",5.10578912728052,0,4.82556295402304,3.33892938140502,5.87653560640735,0,4.66198380343914,0,0,0,0,0,0,0,0,0,0,0,5.54203219047577,0,0,0,0,0,0,0,0,0,0,0,0,0,0,0,0,0,0,0,0,0,0,0,0,0,0,0,2.01418161554093,2.82355115047563,0,0,0,0,0,0,0,0,0,0,0,0,0,0,0,0,0,0,0,0,0,0,0,0,0,0,0
"45","3","Exposed","3.E","U","3EU5",0,0,0,0,0,8.05505063630069,0,0,0,0,0,0,0,5.9266888010464,7.82063356360277,6.05586949351169,0,0,0,0,0,6.61273725753256,0,0,0,0,0,0,0,6.5261954672198,0,0,0,0,0,0,0,0,0,0,0,0,0,0,0,0,0,0,0,0,0,0,0,0,0,0,0,0,0,0,0,0,0,0,0,0,0,0,0,0,0,0,0,0,0
"46","3","Exposed","3.E","X","3EX6",4.57634937041645,0,6.43819778419808,0,5.90803513754946,0,0,0,0,0,0,0,0,0,0,0,0,0,0,0,0,0,0,0,0,0,0,0,0,0,0,0,0,0,0,0,0,0,0,0,0,0,0,0,0,0,0,1.53841991478413,0,0,0,0,0,0,0,0,0,0,0,0,0,0,0,0,0,0,0,0,0,0,0,0,0,0,0
"47","3","Unexposed","3.U","G","3UG10",7.26701989209709,0,9.04354790398503,6.49133959034779,9.02395654853248,0,5.5626498385981,0,0,0,0,0,5.44971409856287,0,0,0,4.69549457365137,2.18862844012072,0,3.02102441109121,0,0,0,0,0,0,0,6.02363104961408,0,0,0,0,0,7.01250028022138,0,0,0,0,0,0,0,0,0,0,0,0,0,3.5454935582975,0,0,0,0,0,0,0,0,0,0,0,0,0,0,0,4.48235223377922,0,0,0,0,0,0,3.02102441109121,0,0,0,0
"48","3","Unexposed","3.U","L","3UL3",9.53709312309489,0,8.98712645315106,8.30892614787704,7.74081442926636,0,5.96093613856378,0,0,2.07922669115058,0,0,0,0,0,0,5.80319369897977,0,2.07922669115058,0,0,0,0,0,0,0,0,0,0,0,0,0,0,0,0,0,0,0,3.41649109642034,0,0,0,0,0,0,0,0,0,0,0,0,0,0,0,0,0,0,0,0,0,0,0,0,0,0,0,0,0,0,0,0,0,0,0,0
"49","3","Unexposed","3.U","L","3UL4",7.1156279928855,0,7.40495641920088,4.25670439247338,7.01818001606502,0,4.61769370255403,0,0,1.49138838540896,0,0,0,0,0,0,0,0,0,0,0,0,0,1.49138838540896,0,0,0,0,0,0,0,0,0,0,0,0,0,0,4.90619347308184,0,0,0,0,0,0,0,0,0,3.77411859258367,0,0,0,0,0,0,0,0,0,0,0,0,0,0,0,0,0,0,0,0,0,0,0,0,0,0
"50","3","Unexposed","3.U","T","3UT9",0,0,0,0,0,0,0,0,0,0,0,0,0,0,0,0,0,0,0,0,0,0,0,0,0,0,0,0,0,0,0,0,0,0,0,0,0,0,0,0,0,0,0,0,0,0,0,0,0,0,0,0,0,0,0,0,0,0,0,0,0,0,0,0,0,0,0,0,0,0,0,0,0,0,0
"51","3","Unexposed","3.U","U","3UU6",5.74501082272223,0,6.97727992349992,3.82353484911304,8.1153859509299,0,3.82353484911304,0,0,0,0,0,0,0,0,0,0,0,0,0,0,0,0,0,0,0,0,0,0,0,0,0,0,0,0,0,0,0,5.55620350773974,0,0,0,0,0,0,0,0,0,2.92199748799873,0,0,0,0,0,0,0,0,0,0,0,0,0,0,0,0,0,0,0,0,0,0,0,0,0,0
"52","3","Unexposed","3.U","W","3UW1",7.62205181945638,0,8.29001884693262,5.49185309632968,7.93663793900257,0,2.32192809488736,0,0,0,0,0,0,0,0,0,0,0,5.61470984411521,0,0,0,0,0,0,0,0,0,0,0,0,0,0,0,0,0,0,0,4.39231742277876,0,0,0,0,0,0,0,0,0,3.70043971814109,0,0,0,0,0,0,0,0,0,0,0,0,0,0,0,0,0,0,0,0,4.08746284125034,0,0,2.32192809488736,0,0
"53","4","Exposed","4.E","F","4EF2",0,0,0,0,0,0,0,0,0,0,0,0,0,0,0,0,0,0,0,0,0,0,0,0,0,0,0,0,0,0,0,0,0,0,0,0,0,0,0,0,0,0,0,0,0,0,0,0,0,0,0,0,0,0,0,0,0,0,0,0,0,0,0,0,0,0,0,0,0,0,0,0,0,0,0
"54","4","Exposed","4.E","I","4EI5",0,0,0,0,0,0,0,0,0,0,0,0,0,0,0,0,0,0,0,0,0,0,0,0,0,0,0,0,0,0,0,0,0,0,0,0,0,0,0,0,0,0,0,0,0,0,0,0,0,0,3.24954216950568,0,0,0,0,0,0,0,0,0,0,0,0,0,0,0,0,0,0,0,0,0,0,0,0
"55","4","Exposed","4.E","L","4EL3",0,0,0,0,0,0,0,5.57490883605724,0,0,0,0,0,0,0,0,0,0,0,0,0,0,0,0,0,2.93859945533586,0,0,0,0,0,0,0,0,0,0,0,0,0,0,0,0,0,0,0,0,0,0,0,0,0,0,0,0,0,2.93859945533586,0,0,0,0,0,0,0,0,2.93859945533586,0,0,0,0,0,0,0,0,0,0
"56","4","Exposed","4.E","T","4ET9",6.25387220378024,0,4.14864144307435,5.01706463630086,3.51856674272463,0,4.14864144307435,6.13005891438325,0,0,0,0,4.30950013765185,0,0,0,0,0,0,0,0,0,0,0,0,0,0,0,0,0,0,0,0,0,0,0,0,0,0,0,0,0,4.30950013765185,0,0,0,0,0,0,0,0,0,0,0,0,0,0,0,0,0,0,0,0,0,0,0,0,0,0,0,0,0,0,0,0
"57","4","Exposed","4.E","U","4EU8",0,0,5.49977534827176,0,5.1857963940852,0,0,0,0,0,0,0,0,0,0,0,0,0,0,0,0,0,0,0,0,0,0,4.22489808951976,0,0,0,5.1857963940852,0,0,0,0,0,0,0,0,0,0,0,0,0,0,4.22489808951976,0,0,0,0,0,0,0,0,0,0,0,0,0,0,0,0,0,0,0,0,0,0,0,0,0,0,0,0
"58","4","Exposed","4.E","W","4EW1",0,0,0,0,0,0,0,5.48271429830522,0,0,0,0,0,0,0,0,0,0,0,0,0,0,0,0,0,3.57639657670675,3.57639657670675,0,2.69253452005575,0,0,0,0,0,0,0,0,0,0,0,0,0,0,0,0,0,0,0,0,0,0,0,0,0,0,0,0,0,0,0,0,0,0,0,0,0,0,0,0,0,0,0,0,0,0
"59","4","Exposed","4.E","X","4EX7",0,0,0,0,0,0,0,0,0,0,0,0,0,0,0,0,0,0,0,0,0,0,0,0,4.02596074006307,0,0,0,0,0,0,0,0,0,0,0,0,0,0,0,0,0,0,0,0,0,0,0,0,0,0,0,0,0,0,0,0,0,0,0,0,0,0,0,0,0,0,0,0,0,0,0,0,0,0
"60","4","Unexposed","4.U","F","4UF1",8.08638285662927,0,3.01429208756904,7.70099203987692,5.44220956133583,0,7.5456650066016,0,0,0,0,0,0,0,0,0,6.36485130076609,0,0,0,0,0,0,0,0,0,2.18263605319187,3.74301730980155,0,0,0,4.47501599346547,0,0,0,0,0,0,0,0,0,0,0,0,0,0,0,0,0,0,0,0,0,0,0,0,0,0,0,0,0,0,0,0,0,0,0,0,0,0,0,0,0,0,0
"61","4","Unexposed","4.U","G","4UG10",5.01637658002559,0,0,3.97820914128827,0,0,0,0,0,0,0,0,0,0,0,0,0,0,3.35404195412755,0,0,0,0,0,0,0,0,0,0,0,0,0,0,0,0,0,0,0,0,0,0,0,0,0,0,0,0,0,0,0,0,0,0,0,0,0,0,0,0,0,0,0,0,0,0,0,0,0,0,0,0,0,0,0,0
"62","4","Unexposed","4.U","I","4UI5",3.66888498426625,0,4.05528243550119,3.66888498426625,0,0,0,0,0,0,0,0,2.29462074889163,0,0,0,0,0,0,0,0,0,0,0,0,0,0,3.1395513523988,0,2.29462074889163,0,0,0,0,0,0,0,0,0,0,0,0,0,0,0,0,0,0,0,0,0,0,0,0,0,0,0,0,0,0,0,0,0,0,0,0,0,0,0,0,0,0,0,0,0
"63","4","Unexposed","4.U","L","4UL3",0,0,0,0,0,0,0,3.49267491067311,0,0,0,0,0,0,0,0,0,0,0,0,0,0,0,0,0,0,0,0,0,0,0,0,0,0,0,0,0,0,0,0,0,0,0,0,0,0,0,0,0,0,0,0,0,0,0,0,0,0,0,0,0,0,0,0,0,0,1.83353885386126,0,0,0,0,0,0,0,0
"64","4","Unexposed","4.U","S","4US9",7.58591106034294,0,0,7.10348474992361,0,0,7.30374958408191,0,0,0,0,0,5.96424721750232,0,0,0,4.63753982432764,0,0,0,0,0,0,0,0,0,0,0,0,0,0,0,0,0,0,0,0,0,0,0,0,0,0,0,0,0,0,0,0,0,0,0,0,0,0,0,0,0,0,0,0,0,0,0,0,0,0,0,0,0,0,0,0,0,0
"65","4","Unexposed","4.U","T","4UT8",0,0,4.71438429839259,0,1.81772660613004,0,0,0,0,0,0,0,0,0,0,0,0,0,0,0,0,0,0,4.40612983121255,0,0,0,4.01359760340072,0,0,0,3.10026412347343,0,0,0,0,0,0,0,0,0,0,0,0,0,0,0,0,0,0,0,0,0,0,0,0,0,0,0,0,0,0,0,0,0,0,0,0,0,0,0,0,0,0,0
"66","4","Unexposed","4.U","U","4UU7",0,0,0,3.83443880126023,0,0,0,0,0,0,0,0,0,0,0,0,0,0,0,0,0,0,0,0,0,0,0,0,0,0,0,0,0,0,0,0,0,0,0,0,0,0,0,0,0,0,0,0,0,0,0,0,0,0,0,0,0,0,0,0,0,3.48595249488999,0,0,0,0,0,0,0,0,0,0,0,0,0
"67","4","Unexposed","4.U","W","4UW2",3.02779722102158,0,3.31390519390523,0,3.31390519390523,0,0,0,0,0,0,0,0,0,0,0,0,0,0,0,0,0,0,0,0,0,0,0,0,0,0,0,0,0,0,0,0,0,0,0,0,0,0,0,0,0,0,0,0,0,0,0,0,0,0,0,0,0,0,0,0,0,0,0,0,0,0,0,0,0,0,0,0,0,0
"68","5","Exposed","5.E","F","5EF2",4.21069460724461,0,0,3.39973713832983,0,4.21069460724461,0,3.93839967758287,0,0,0,0,0,0,0,4.8905644179287,3.16378586434491,0,0,4.72670628373275,0,0,0,0,5.51051851542511,0,0,0,0,0,0,0,0,0,0,0,0,0,0,0,0,0,0,0,0,0,0,0,0,0,0,0,0,0,0,0,0,0,0,0,0,0,0,0,0,0,0,0,0,0,0,0,0,0,0
"69","5","Exposed","5.E","J","5EJ6",7.23290330251487,0,0,6.57369071098804,0,0,0,0,0,0,0,0,0,0,0,0,0,0,0,0,0,0,0,0,7.21068533755878,0,0,0,0,0,0,0,0,0,2.48483446623362,0,0,0,0,0,0,0,0,0,0,0,0,0,0,0,0,0,0,0,0,0,0,4.58427138931111,0,0,0,0,0,0,0,0,0,0,0,0,0,0,0,0,0
"70","5","Exposed","5.E","T","5ET8",7.5405944715319,0,0,6.73353202811558,0,0,6.05586949351169,0,0,0,0,0,0,0,0,0,3.63180408123597,0,0,0,0,0,0,0,0,0,0,0,0,0,0,0,0,0,0,0,0,0,0,0,0,0,0,0,0,0,0,0,0,0,0,0,0,0,0,0,4.88215531106128,0,0,0,0,0,0,0,0,0,0,0,0,0,0,0,0,0,0
"71","5","Exposed","5.E","X","5EX5",9.94042951816495,0,5.81411862427691,8.11538595092989,0,0,7.47017719967817,6.00355489717663,0,0,0,0,0,0,0,0,7.38188443093865,0,0,0,0,0,0,0,0,4.46287892025577,4.7716632149143,0,0,0,0,0,0,0,0,0,0,0,0,0,0,0,0,0,0,0,0,0,0,5.81411862427691,0,0,0,0,0,0,0,1.86059694333458,0,0,0,0,0,0,0,0,0,0,0,0,0,0,0,0,0
"72","5","Unexposed","5.U","F","5UF2",0,0,5.72039169623323,0,4.65179400919937,0,0,4.18914291698646,0,0,0,0,0,0,0,0,0,0,0,0,0,0,0,0,0,0,0,0,0,0,0,0,0,0,0,0,0,0,2.15324626029568,0,0,0,0,0,0,0,0,0,0,0,0,0,0,0,0,0,0,0,0,0,0,0,0,0,0,0,0,0,0,0,0,0,0,0,0
"73","5","Unexposed","5.U","J","5UJ4",3.30580842952409,0,7.68260450796189,2.4447848426729,7.37020303713979,0,0,0,0,2.4447848426729,0,0,0,0,0,0,0,0,0,0,0,0,0,0,0,0,0,0,0,0,0,0,0,0,0,0,0,0,3.84130225398094,0,0,0,0,0,0,0,0,0,3.84130225398094,0,0,0,0,0,0,0,0,0,0,0,0,0,0,0,0,0,0,0,0,0,0,0,0,0,0
"74","5","Unexposed","5.U","L","5UL6",4.78637391257407,0,0,5.25678584183231,0,0,3.54080817111492,0,0,0,0,0,2.65973026912313,0,0,0,0,0,0,0,0,0,0,0,0,0,2.65973026912313,0,0,0,0,0,0,0,0,0,0,0,0,0,0,0,0,0,0,0,0,0,0,0,0,0,0,0,0,0,0,0,0,0,0,0,0,0,0,0,0,0,0,0,0,0,0,0,0
"75","5","Unexposed","5.U","S","5US7",5.82817339356516,0,0,3.36489813385292,0,0,4.29312406623999,0,0,0,0,0,4.29312406623999,0,0,0,0,0,0,0,0,0,0,0,0,0,0,0,0,0,0,0,0,0,0,0,0,0,0,0,0,0,0,0,0,0,0,0,0,0,0,0,0,0,0,0,0,0,0,0,0,0,0,0,0,0,0,0,0,0,0,0,0,0,0
"76","5","Unexposed","5.U","W","5UW1",0,0,0,0,0,0,0,0,0,0,0,0,0,0,0,0,0,0,0,0,0,0,0,0,0,0,3.14455828128389,0,0,0,0,0,0,0,0,0,0,0,0,0,0,0,0,0,0,0,0,0,0,0,0,0,0,0,0,0,3.14455828128389,0,0,0,0,0,0,0,0,0,0,0,0,0,0,0,0,0,0
"77","6","Exposed","6.E","J","6EJ4",7.15743022783576,0,2.431784574116,7.0053160766915,5.65679807651367,7.02978778617325,6.80721336340166,0,0,0,0,0,5.91505855574557,5.52528416593192,0,0,0,0,4.93877176886737,0,0,0,0,0,0,0,0,1.67708070270959,0,0,0,0,0,1.67708070270959,0,0,0,0,0,0,0,0,0,0,0,0,0,0,0,0,0,0,4.29875498178727,0,0,0,0,1.06963418783705,0,0,0,0,0,0,0,0,0,0,0,0,0,0,0,0,0
"78","6","Exposed","6.E","T","6ET7",0,0,0,0,0,0,0,0,0,0,0,0,0,0,0,0,0,0,0,0,0,0,0,0,0,0,0,0,0,0,0,0,0,0,0,0,0,0,0,0,0,0,0,0,0,0,0,0,0,0,0,0,0,0,0,0,0,0,0,0,0,0,0,0,0,0,0,0,0,0,0,0,0,0,0
"79","6","Unexposed","6.U","F","6UF1",0,0,0,0,0,0,0,0,0,5.048129858726,0,0,0,0,0,0,0,0,3.54784304516046,0,0,0,0,0,0,0,0,0,0,0,0,0,0,0,0,0,0,0,0,0,0,0,0,0,0,0,0,0,0,0,0,0,0,0,0,0,0,0,0,0,0,0,0,0,0,0,0,0,0,0,0,0,0,0,0
"80","6","Unexposed","6.U","I","6UI9",3.69777914561962,0,0,3.69777914561962,0,6.76532828746959,0,0,0,0,0,0,0,0,4.95140687595081,0,0,0,0,0,0,0,0,0,0,0,0,0,0,0,0,0,0,0,0,0,0,0,0,0,4.45668025823762,0,0,0,0,0,0,0,0,0,0,0,0,0,0,0,0,0,0,0,0,0,0,0,0,0,0,0,0,0,0,0,0,0,0
"81","6","Unexposed","6.U","L","6UL5",7.00741501197392,0,0,5.66235905049824,0,0,5.32218386920607,0,0,0,0,0,0,0,0,0,0,0,0,0,0,0,0,0,0,0,0,0,0,0,0,0,0,0,0,0,0,0,0,0,0,0,0,0,0,0,0,0,0,0,0,0,0,0,0,0,0,0,0,0,0,0,0,0,0,0,0,0,0,0,0,0,0,0,0
"82","6","Unexposed","6.U","S","6US8",0,0,0,0,0,0,0,3.33498424771281,0,0,0,0,0,0,0,0,0,0,0,0,0,0,0,0,0,0,0,0,1.71049338280502,0,0,0,0,0,0,0,0,0,0,0,0,0,0,0,0,0,0,0,0,0,0,0,0,0,0,0,0,0,0,3.33498424771281,0,0,0,0,0,0,0,0,0,0,0,0,0,0,0
"83","6","Unexposed","6.U","W","6UW2",0,0,0,0,0,0,0,0,0,0,0,0,0,0,0,0,0,0,0,0,0,0,0,0,0,0,0,0,0,0,0,0,0,0,0,0,0,0,0,0,0,0,0,0,0,0,0,0,0,0,0,0,0,0,0,0,0,0,0,0,0,0,0,0,0,0,0,0,0,0,0,0,0,0,0
"84","7","Exposed","7.E","I","7EI9",7.43686898143905,0,0,5.68426242052682,0,0,4.15435010906423,0,0,0,0,0,0,0,0,0,6.09226856602025,0,0,0,0,0,0,0,0,0,0,0,0,0,0,0,0,0,0,0,0,0,0,0,0,0,0,0,0,0,0,0,0,0,0,0,0,0,0,0,0,0,0,0,0,0,0,0,0,0,0,0,0,0,0,0,0,0,0
"85","7","Exposed","7.E","J","7EJ5",5.78883483408681,0,0,4.88613203544172,0,0,3.63558857379113,0,0,0,0,0,0,0,0,0,4.18132976471456,0,0,0,0,0,0,0,0,0,0,0,0,0,0,0,0,0,0,0,0,0,0,0,0,0,5.45473992331258,0,0,0,0,0,0,0,0,1.94753258010587,0,0,0,0,0,0,0,0,0,0,0,0,0,0,0,0,0,0,0,0,0,0,0
"86","7","Exposed","7.E","L","7EL4",0,0,0,0,0,0,0,0,0,0,0,0,0,0,0,0,0,0,0,5.3995854232428,0,0,0,0,0,0,0,0,0,0,0,0,0,0,2.81979202529583,0,0,0,0,0,0,0,0,0,0,0,0,0,0,0,0,3.57399138290015,0,0,0,0,0,0,0,0,0,0,0,0,0,0,0,0,0,0,0,0,0,0,0
"87","7","Exposed","7.E","T","7ET7",0,0,0,0,0,0,0,0,0,0,0,0,0,0,0,0,0,0,0,0,0,0,0,0,0,0,0,0,0,0,0,0,0,0,0,0,0,0,0,0,0,0,0,0,0,0,0,0,0,0,0,0,0,0,0,0,0,0,0,0,0,0,0,0,0,0,0,0,0,0,0,0,0,0,0
"88","7","Exposed","7.E","U","7EU3",4.52978644096093,0,0,0,0,0,0,0,0,0,0,0,0,0,0,0,0,0,0,0,0,0,0,0,0,0,0,0,0,0,0,0,0,0,0,0,0,0,0,0,0,0,0,0,0,0,0,0,0,0,0,0,0,0,0,0,0,0,0,0,0,0,0,0,0,0,0,0,0,0,0,0,0,0,0
"89","7","Exposed","7.E","W","7EW1",0,0,0,0,0,0,0,0,0,0,0,0,0,0,0,1.45691162665878,0,0,0,3.2818471093212,0,0,0,0,0,0,0,0,0,0,0,0,0,0,0,0,0,0,0,0,0,0,0,0,0,0,0,0,0,0,0,0,0,0,0,0,0,0,0,0,0,0,0,0,0,0,0,0,0,0,0,0,0,0,0
"90","7","Exposed","7.E","X","7EX8",8.64920384749739,0,0,6.4656258381593,2.54951366471687,0,6.4656258381593,0,0,0,0,0,0,0,0,0,6.93497904402446,0,0,0,0,0,0,0,0,0,0,0,0,0,0,0,0,0,0,0,0,0,0,0,0,0,0,0,0,0,0,0,0,0,0,3.04990140413507,0,0,0,2.54951366471687,0,0,0,0,0,0,0,0,1.77702384608796,0,0,1.77702384608796,0,0,0,1.77702384608796,0,0,1.77702384608796
"91","7","Unexposed","7.U","F","7UF2",0,0,0,0,0,0,0,0,0,0,0,0,0,0,0,0,0,0,0,0,0,0,0,0,0,0,0,0,0,0,0,0,0,0,0,0,0,0,0,0,0,0,0,0,0,0,0,0,0,0,0,0,0,0,0,1.62449086490779,0,0,0,0,0,0,0,0,0,0,0,0,0,0,0,0,0,0,0
"92","7","Unexposed","7.U","G","7UG10",1.54384664693366,0,6.0473224311146,0,5.0689738397339,0,0,0,0,5.22490724542313,0,0,0,0,0,0,0,5.29697772062421,0,0,4.69511493524215,0,0,0,0,0,0,2.75427319726133,0,0,0,0,0,4.18914291698645,0,0,0,4.02907033960834,0,0,0,0,0,0,0,0,0,3.64319272917858,0,0,0,0,0,0,0,0,0,0,0,0,0,0,0,0,0,0,1.54384664693366,0,1.54384664693366,0,0,0,0,0,0
"93","7","Unexposed","7.U","I","7UI9",0,0,0,0,0,0,0,0,0,0,0,0,0,0,0,0,0,0,0,0,0,0,0,3.38938412110904,0,0,0,0,0,0,0,0,0,0,0,0,0,0,0,0,0,0,0,0,0,0,0,0,0,0,0,0,0,0,0,0,0,0,0,0,0,0,0,0,0,0,0,0,0,0,0,0,0,0,0
"94","7","Unexposed","7.U","J","7UJ3",0,0,0,0,0,0,0,0,0,0,0,0,0,0,0,0,0,0,0,0,0,0,0,0,0,0,0,0,0,0,0,0,0,0,0,0,0,0,0,0,0,0,0,0,0,0,0,0,0,0,0,0,0,0,0,0,0,0,0,0,0,0,0,0,0,0,0,0,0,0,0,0,0,0,0
"95","7","Unexposed","7.U","L","7UL5",0,0,0,0,0,0,0,0,0,0,0,0,0,0,0,0,0,0,0,0,0,0,0,0,0,0,0,0,0,0,0,0,0,0,0,0,0,0,0,0,0,0,0,0,0,5.35322802403706,0,0,0,0,0,0,0,0,0,0,0,0,0,0,0,0,0,0,0,0,0,0,0,0,0,0,0,0,0
"96","7","Unexposed","7.U","T","7UT7",0,0,0,0,4.9635361900568,0,0,0,0,0,0,0,0,0,0,0,0,0,0,0,0,0,0,0,0,0,0,0,0,0,0,0,0,0,0,0,0,0,0,0,0,0,0,0,0,0,0,0,0,0,0,0,0,0,0,0,0,0,0,0,0,0,0,0,0,0,2.12290614753698,0,0,0,0,0,0,0,0
"97","7","Unexposed","7.U","U","7UU6",0,0,0,0,0,0,0,0,0,0,0,0,0,0,0,0,0,0,0,0,0,0,0,0,0,0,0,0,0,0,0,0,0,0,0,0,0,0,0,0,0,0,0,0,0,1.75742969672592,0,0,0,0,0,0,0,0,0,0,0,0,0,0,0,0,0,0,0,0,0,0,0,0,0,0,0,0,0
"98","7","Unexposed","7.U","W","7UW1",0,0,0,0,0,0,0,0,0,0,0,0,0,0,0,0,0,0,0,0,0,0,0,0,0,0,0,0,0,0,0,0,0,0,0,0,0,0,0,0,0,0,0,0,0,0,0,0,0,0,0,0,0,0,0,0,0,0,0,0,0,0,0,0,0,0,0,0,0,0,0,0,0,0,0
"99","8","Exposed","8.E","F","8EF1",0,0,2.21918622148164,0,4.51965781236672,0,0,0,0,0,0,0,0,0,0,0,0,5.70565449770285,0,3.3420949873328,0,0,0,0,0,0,0,0,0,0,0,0,0,0,1.49986045865648,0,0,0,3.96580538425245,0,0,0,0,0,0,0,0,0,3.96580538425245,0,0,0,0,0,0,0,0,0,1.49986045865648,0,0,0,0,0,0,0,0,0,0,0,0,0,0,0,0
"100","8","Exposed","8.E","I","8EI8",0,0,4.1658438246305,0,0,0,0,0,0,0,0,0,0,0,0,0,0,3.24406142348135,0,0,0,0,0,0,0,0,0,0,0,0,0,0,0,0,0,0,0,0,0,0,0,0,0,0,0,0,0,0,0,0,0,0,0,0,0,0,0,0,0,0,0,0,0,0,0,0,0,0,0,0,0,0,0,0,0
"101","8","Exposed","8.E","J","8EJ3",0,0,5.20406514259292,0,4.83724729636818,0,0,0,0,0,0,0,0,0,0,0,0,5.1490462717664,0,5.03228328189354,5.35755200461808,0,0,0,0,0,0,0,0,0,0,0,4.83724729636818,0,0,0,0,4.69084091333118,0,0,0,0,0,0,0,0,0,0,0,0,0,0,0,0,0,0,0,0,0,0,0,0,0,0,0,0,1.2505434616506,0,0,0,0,0,0,0,0
"102","8","Exposed","8.E","L","8EL7",0,0,0,0,0,0,0,0,0,0,0,0,0,0,0,0,0,0,0,0,0,0,0,0,0,0,0,0,0,0,0,0,0,0,0,0,0,0,0,0,0,0,0,0,0,0,0,0,0,0,0,0,0,0,0,0,0,0,0,0,0,0,0,0,0,0,0,0,0,0,0,0,0,0,0
"103","8","Exposed","8.E","S","8ES4",0,0,0,0,0,0,0,0,0,0,0,0,0,0,0,0,0,0,0,2.16099187667231,0,0,0,0,0,0,0,0,0,0,0,0,0,0,0,0,0,0,0,0,0,0,0,0,0,0,0,0,0,0,0,0,0,0,0,0,0,0,0,0,0,0,0,0,0,0,0,0,0,0,0,0,0,0,0
"104","8","Exposed","8.E","W","8EW2",0,0,0,0,0,0,0,0,0,0,0,0,0,0,0,0,0,0,0,0,0,0,0,0,0,0,0,0,0,0,0,0,0,0,0,0,0,0,0,0,0,0,0,0,0,0,0,0,0,0,0,0,0,0,0,0,0,0,0,0,0,0,0,0,0,0,0,0,0,0,0,0,0,0,0
"105","8","Exposed","8.E","X","8EX9",0,0,0,0,0,0,0,0,0,0,0,0,0,0,0,0,0,0,0,0,0,0,0,0,0,0,0,0,0,0,0,0,0,0,0,0,0,0,0,0,0,0,0,0,0,0,0,0,0,0,0,0,0,0,0,0,0,0,0,0,0,0,0,0,0,0,0,0,0,0,0,0,0,0,0
"106","8","Unexposed","8.U","F","8UF3",0,0,0,0,0,0,0,0,0,0,0,0,0,0,0,0,0,3.81099639935151,0,6.61226792273043,0,0,0,0,0,0,0,0,0,0,0,0,0,0,3.60563470385165,0,0,0,0,0,0,0,0,0,0,0,0,0,0,0,0,0,0,0,0,0,0,0,0,0,0,0,0,0,0,0,0,0,0,0,0,0,0,0,0
"107","8","Unexposed","8.U","I","8UI9",2.59099132287058,0,0,0,0,0,0,3.46600726831132,0,0,0,0,0,0,0,0,0,0,0,4.00678065657203,0,0,0,0,0,0,0,0,4.00678065657203,0,0,0,0,0,2.59099132287058,4.00678065657203,0,0,0,0,0,0,0,0,0,0,0,0,0,0,0,0,0,0,0,0,0,0,0,0,0,0,0,0,0,0,0,0,2.59099132287058,0,0,0,0,0,0
"108","8","Unexposed","8.U","S","8US8",4.24929499699706,0,0,0,0,0,0,0,0,0,0,0,0,0,0,0,0,3.32322723503899,0,0,0,0,0,0,0,0,0,0,0,0,0,0,0,0,0,0,0,0,0,0,0,0,0,0,0,0,0,0,0,0,0,0,0,0,0,0,0,0,0,0,0,0,0,0,0,0,0,0,0,0,0,0,0,0,0
"109","8","Unexposed","8.U","T","8UT5",0,0,0,0,0,0,0,5.84809141964358,0,0,0,0,0,0,0,0,0,0,0,6.95001936182694,0,0,0,0,0,0,0,0,0,0,0,0,0,0,4.709138014362,0,0,0,0,0,0,0,0,0,0,0,0,0,0,0,0,0,0,0,0,0,0,0,5.01999277586832,0,5.15344846679841,0,0,0,0,0,0,0,0,0,0,0,0,0,0
"110","8","Unexposed","8.U","U","8UU7",0,0,0,0,0,0,0,0,0,0,0,0,0,0,0,0,0,0,0,0,0,0,0,0,0,0,0,0,0,0,0,0,0,0,0,0,0,0,0,0,0,0,0,0,0,0,0,0,0,0,0,0,0,0,0,0,0,0,0,0,0,0,0,0,0,0,0,0,3.64319272917858,0,0,0,0,0,0
"111","8","Unexposed","8.U","W","8UW1",4.74989547281972,0,0,4.44131007757831,0,0,0,0,0,0,0,0,0,0,0,0,0,0,0,0,3.50623305940552,0,0,0,0,0,0,0,0,0,0,0,0,0,2.62792129042715,0,0,0,0,0,0,0,0,0,0,0,0,0,0,0,0,0,0,0,0,0,0,0,0,0,0,0,0,0,0,0,0,0,0,0,0,0,0,0,0
"112","8","Unexposed","8.U","X","8UX10",0,0,0,0,0,0,0,0,0,0,0,0,0,0,0,0,0,0,0,0,0,0,0,0,0,0,0,0,0,0,0,0,0,0,0,0,0,0,0,0,0,0,0,0,0,0,0,0,0,0,0,0,0,0,0,0,0,0,0,0,0,0,0,0,0,0,0,0,0,0,0,0,0,0,0
"113","9","Exposed","9.E","F","9EF3",0,0,5.09636020429831,4.28171193537566,0,0,0,0,0,0,0,0,2.22959927365109,0,0,0,2.22959927365109,0,0,0,0,0,0,0,0,0,0,0,0,0,0,0,0,0,0,0,3.97820914128827,0,0,0,0,0,0,0,0,0,0,0,0,0,0,0,0,0,0,0,0,0,0,0,0,0,0,0,0,0,0,0,0,0,0,0,0,0,0
"114","9","Exposed","9.E","G","9EG5",4.15054152387372,0,6.58454266105318,2.71953222571551,0,0,3.99073518594831,0,0,6.9530909214564,0,0,0,0,0,0,3.07874466636533,6.43731231220794,0,0,6.9530909214564,0,0,0,0,0,0,0,0,0,0,0,5.73176777861271,0,0,0,0,4.15054152387372,0,0,0,0,0,0,0,0,4.75866367263136,0,0,0,0,0,0,0,0,0,0,0,0,0,0,0,0,0,0,0,0,0,0,0,0,0,0,0,0
"115","9","Exposed","9.E","S","9ES9",0,0,7.96669721685438,0,7.17090292834672,0,0,0,0,7.20422531046208,0,0,0,0,0,0,0,6.05867508233433,0,3.23534541767543,6.52213566326572,0,0,7.23679537875383,0,0,0,5.90502732859823,0,0,0,6.35417145108549,4.15664067249662,2.12664364345093,3.23534541767543,0,1.42411679318971,4.28677164947375,0,6.1975228440741,0,0,0,0,5.82159684463338,0,0,4.40612983121255,0,0,0,0,0,0,1.42411679318971,0,0,0,0,0,0,0,0,0,0,3.23534541767543,0,0,0,0,0,0,0,0,0
"116","9","Exposed","9.E","U","9EU10",8.08563322822315,0,2.74373160334846,6.05586949351169,0,0,4.73557772004196,0,0,4.17744083442419,0,0,0,0,0,0,0,4.73557772004196,4.88215531106128,2.74373160334846,5.8574848460998,0,0,0,0,0,0,0,0,0,0,0,0,0,0,0,0,3.25504875089991,0,0,0,0,0,0,0,0,4.88215531106128,0,0,0,0,3.25504875089991,0,0,0,0,0,0,0,0,0,0,0,0,0,0,0,0,0,0,0,0,0,0,0
"117","9","Exposed","9.E","W","9EW1",0,0,0,0,0,0,0,0,0,0,0,0,6.29193981046822,0,0,0,2.94980708630464,0,0,0,0,0,0,0,0,0,0,0,0,0,0,0,0,0,0,0,5.3304747959202,0,0,0,0,0,0,0,0,0,0,0,0,0,0,0,0,0,0,0,0,0,0,0,0,0,0,0,0,0,0,0,0,0,0,0,0,0,0
"118","9","Exposed","9.E","X","9EX8",6.19594608322133,0,0,3.91736944820692,1.46658453953035,0,6.58853618360098,0,0,0,0,0,6.049973365425,0,0,0,0,0,6.91802185620717,0,0,0,0,5.75248242039096,0,0,0,0,0,0,0,0,0,0,0,0,0,0,0,0,0,0,3.53381381495987,0,0,0,0,0,0,0,0,0,0,0,0,0,0,0,0,0,0,0,0,0,0,0,0,0,0,0,0,0,0,0,0
"119","9","Unexposed","9.U","F","9UF3",0,0,0,0,0,0,0,9.08974084243268,0,0,0,0,0,0,0,4.21286964721794,0,0,0,3.82353484911304,0,0,0,0,0,7.42670614832368,0,0,4.03129613048954,0,0,0,0,0,0,0,0,0,0,0,0,0,0,0,0,0,0,0,0,0,0,0,0,0,0,0,0,0,0,0,0,0,0,0,0,0,0,0,0,0,0,0,0,0,0
"120","9","Unexposed","9.U","G","9UG5",4.239752724288,0,0,0,0,3.69247511863473,2.31502798588281,0,0,0,0,0,0,2.79996068299654,0,5.27699384973046,0,0,0,2.31502798588281,0,0,0,0,0,0,0,0,0,0,0,0,0,0,4.38409925734413,0,0,0,0,0,0,0,0,0,0,0,0,0,0,0,0,0,0,0,0,0,0,0,1.57921470411084,0,0,0,0,0,0,0,0,0,0,0,0,0,0,0,0
"121","9","Unexposed","9.U","I","9UI9",0,0,5.40771906221837,0,0,0,0,7.8390732126887,0,0,0,0,0,0,0,0,0,0,0,0,5.5738629879989,0,0,0,0,0,6.20043490896475,0,4.04823980030202,0,0,0,0,0,0,0,0,0,0,0,0,0,0,0,0,0,0,0,0,0,0,0,0,0,0,0,0,0,0,0,0,0,0,0,0,0,0,0,0,0,0,0,0,0,0
"122","9","Unexposed","9.U","J","9UJ1",0,0,3.01653172388989,0,0,0,0,5.55763343082572,0,0,0,0,0,0,0,0,0,3.01653172388989,0,0,2.18462919421995,0,0,0,0,5.75999439259656,0,0,0,0,0,0,2.18462919421995,0,0,0,0,2.18462919421995,0,0,0,0,0,0,0,0,0,0,0,0,0,0,0,0,0,0,0,0,0,0,0,0,0,0,0,0,0,0,0,0,0,0,0,0,0
"123","9","Unexposed","9.U","L","9UL4",3.40181857127439,0,0,6.08715827173212,0,4.63943158966982,5.29563163975967,7.31192752807004,0,0,0,0,0,4.33190266226018,0,2.53223939716824,0,0,5.61019480460528,0,0,0,0,0,0,3.40181857127439,0,0,4.89278608427779,0,0,0,0,0,0,0,0,0,0,0,0,0,0,0,0,0,0,0,0,0,0,0,0,0,0,0,0,0,0,0,0,0,0,0,0,0,0,0,0,0,0,0,0,0,0
"124","9","Unexposed","9.U","S","9US7",1.67708070270959,0,0,3.8264786451085,0,2.431784574116,0,0,0,0,0,0,0,0,0,4.77471466604214,0,0,0,0,0,0,0,0,0,0,0,0,0,0,0,0,0,0,0,0,0,0,0,0,2.92474726018956,0,0,0,0,0,0,0,0,0,0,0,0,0,0,0,0,0,0,0,0,0,0,0,0,0,0,0,0,0,0,0,0,2.431784574116,0
"125","9","Unexposed","9.U","T","9UT6",0,0,0,0,0,0,0,0,0,0,0,0,0,0,0,0,0,0,0,0,0,0,0,0,0,0,0,0,0,0,0,0,0,0,0,0,0,0,0,0,0,0,0,0,0,0,0,0,0,0,0,0,0,0,0,0,0,0,0,0,0,0,0,0,0,0,0,0,0,0,0,0,0,0,0
"126","9","Unexposed","9.U","U","9UU10",5.57020873403113,0,7.65818775480033,0,5.61978735474555,6.58021160716548,0,0,0,0,0,0,4.6958236809245,6.5549457335696,0,5.71410856811541,0,6.50304649893922,5.41034921916257,0,0,0,0,0,0,0,0,0,0,0,0,0,2.58096278914657,0,0,0,0,0,0,0,5.16525759186864,0,0,0,0,0,0,0,0,0,0,0,0,0,4.49791149970224,0,0,0,0,0,0,0,0,0,0,0,0,0,0,0,0,0,0,0,0
"127","9","Unexposed","9.U","W","9UW2",2.5077946401987,0,0,0,0,0,0,6.88493364794976,0,0,0,0,0,0,0,0,0,0,0,0,0,0,0,0,0,0,0,0,3.13955135239879,0,0,0,0,0,4.78463484555752,0,0,0,0,0,0,0,0,0,0,0,0,0,0,0,0,0,0,0,0,0,0,0,0,0,0,0,0,0,0,0,0,0,0,0,0,0,0,0,0
"128","9","Unexposed","9.U","X","9UX8",6.26753902215199,0,0,6.32029715565061,0,0,4.49318639224464,0,0,0,0,0,0,0,0,0,0,0,0,0,0,0,0,0,0,0,0,0,0,0,0,0,0,0,0,0,0,0,0,0,0,0,0,0,0,0,0,0,0,0,0,0,0,0,0,0,0,0,0,0,0,0,0,0,0,0,0,0,0,0,0,0,0,0,0
