"","Block","Wind.Exposure","Plot_code","Genotype","plant_ID","OTU_26","OTU_35","OTU_37","OTU_55","OTU_72","OTU_80","OTU_67","OTU_64","OTU_85","OTU_83","OTU_99","OTU_96","OTU_122","OTU_116","OTU_121","OTU_177","OTU_158","OTU_176","OTU_157","OTU_178","OTU_313","OTU_270","OTU_219","OTU_282","OTU_1256","OTU_367","OTU_1003","OTU_371","OTU_1520","OTU_369","OTU_484","OTU_459","OTU_440","OTU_451","OTU_533","OTU_556","OTU_790","OTU_591","OTU_1013","OTU_609","OTU_554","OTU_594","OTU_641","OTU_628","OTU_771","OTU_716","OTU_859","OTU_996","OTU_846","OTU_850","OTU_836","OTU_1082","OTU_1378","OTU_817","OTU_957","OTU_977","OTU_1049","OTU_1037","OTU_1135","OTU_966","OTU_1080","OTU_1067","OTU_1079","OTU_908","OTU_959","OTU_1219","OTU_1357","OTU_1413","OTU_1165","OTU_1319","OTU_1145","OTU_1315","OTU_1404","OTU_1915","OTU_1498","OTU_1533","OTU_1552","OTU_1649","OTU_1800","OTU_1262","OTU_1409","OTU_1652","OTU_1874","OTU_1458","OTU_1662","OTU_1668","OTU_1841","OTU_1893","OTU_1997","OTU_1599","OTU_1602","OTU_1643","OTU_1747","OTU_1935","OTU_1986"
"1","10","Exposed","10.E","F","10EF3",7.1367453706898,0,0,8.4354847484358,6.85883259484588,3.2046381357303,0,8.90824865873133,1.90293258203984,8.62760883680806,0,0,6.71575048068265,0,0,3.2046381357303,0,0,0,0,5.65291862185164,0,0,0,0,0,0,0,0,0,0,0,0,0,0,0,0,0,0,0,0,0,0,0,0,0,0,0,0,0,0,0,0,0,0,0,0,0,0,0,0,0,0,0,0,0,0,0,0,0,0,0,0,0,0,0,0,0,0,0,0,0,0,0,0,0,0,0,0,0,0,0,0,0,0
"2","10","Exposed","10.E","I","10EI6",0,9.90910449738377,5.59785382389846,0,9.21404069628239,6.45871864850127,6.24980206873563,8.03270458752598,0,5.02770935034306,0,0,2.30817712462755,0,0,9.98983480119561,0,0,0,0,5.9138118284792,0,0,0,0,7.74442172057736,0,0,0,0,0,0,0,0,0,0,0,4.07127156493146,0,0,0,0,0,0,0,0,0,0,0,0,0,0,0,0,0,0,0,0,0,0,0,0,0,0,0,0,0,0,0,0,0,0,0,0,0,3.15463802354112,0,0,0,0,0,0,0,0,0,0,0,0,0,0,0,0,0,0,0
"3","10","Exposed","10.E","J","10EJ1",5.43191289686381,0,2.81231264185357,6.7739137334622,4.95979249677108,0,4.64940769269373,0,0,0,0,0,2.81231264185357,0,0,3.70577809626141,0,0,0,0,0,2.81231264185357,0,0,0,0,3.70577809626141,0,0,0,0,0,0,0,0,0,0,0,0,0,0,0,0,0,0,0,0,0,0,0,0,0,0,0,0,0,0,0,0,0,0,0,0,0,0,0,0,0,0,0,0,0,0,0,0,0,0,0,0,0,0,4.64940769269373,0,0,0,0,0,0,0,0,0,0,0,0,0
"4","10","Exposed","10.E","T","10ET5",6.87856187255003,8.11721018464439,0,5.35755200461809,4.39231742277876,7.99057674611338,4.14295795384204,10.0958365338518,3.4594316186373,0,0,0,0,2.11547721741994,0,0,0,0,0,3.4594316186373,0,0,0,0,0,0,0,0,0,0,0,0,0,0,0,0,0,0,0,0,0,0,0,0,0,0,0,0,0,0,0,0,0,0,0,0,0,0,0,0,0,0,0,0,0,0,0,0,0,0,0,0,0,0,0,0,0,0,0,0,0,0,0,0,0,0,0,0,0,0,0,0,0,0,0
"5","10","Exposed","10.E","U","10EU9",0,0,0,8.5829703552551,0,6.43725055584172,0,0,0,5.48622206090098,0,0,2.31732252021505,0,1.5811255435635,0,0,0,0,6.1440691265204,0,0,0,0,0,0,0,0,0,0,0,0,0,0,0,0,0,0,0,0,0,0,0,0,0,0,0,0,0,3.45419687036544,0,0,0,0,0,0,0,0,0,0,0,0,0,0,0,0,0,0,0,0,0,0,1.5811255435635,0,0,0,0,0,0,0,0,0,0,0,0,0,0,0,0,0,0,0,0,0,0
"6","10","Exposed","10.E","W","10EW2",7.42712559884976,12.2183387791936,0,9.84729556887493,2.26371993449525,0,4.01873435067164,8.92982654165948,5.28624590019676,0,0,0,3.63306428279956,0,5.28624590019676,6.19462579479259,0,0,0,0,8.50070937268754,0,0,0,0,0,0,0,0,0,0,0,0,0,0,0,0,0,0,0,0,0,0,0,0,0,0,0,0,0,0,0,0,0,0,0,0,0,0,0,0,0,0,0,2.26371993449525,0,0,0,0,0,0,0,0,0,0,0,0,0,0,0,0,0,0,0,0,0,0,0,0,0,0,0,0,0,0
"7","10","Exposed","10.E","X","10EX10",9.07808056428741,9.06041151669582,0,7.31192752807004,0,6.26036247269677,0,0,4.7716632149143,0,0,2.92199748799873,2.10080064078749,0,0,0,0,0,5.21661823689036,0,0,0,0,0,0,0,2.10080064078749,0,0,0,0,0,0,0,0,0,0,0,0,0,0,0,0,0,0,0,0,0,0,0,2.10080064078749,0,0,0,0,0,0,0,0,0,0,0,0,0,0,0,0,0,0,0,0,0,0,0,0,0,0,0,0,0,0,0,0,0,0,0,0,0,0,0,0,0,0,0,0
"8","10","Unexposed","10.U","F","10UF3",7.77799427872086,12.125215378414,0,0,4.15435010906423,0,4.45998258104265,0,0,0,0,5.2785470675411,3.23317655766845,0,4.15435010906423,0,3.23317655766845,0,0,2.37897783590632,0,0,0,0,0,0,0,0,0,0,0,0,0,0,0,0,0,0,0,0,0,0,0,0,0,0,0,0,0,0,2.37897783590632,0,0,0,0,0,0,0,0,0,0,0,2.37897783590632,0,0,0,0,0,0,0,0,0,0,0,0,0,0,0,0,0,0,0,0,0,0,0,0,0,0,0,0,0,0,0,0
"9","10","Unexposed","10.U","G","10UG4",6.83061677446285,0,0,0,0,0,0,0,0,0,0,0,0,0,0,0,0,0,0,0,0,0,0,0,0,0,0,0,0,0,0,0,0,0,0,0,0,0,0,0,0,0,0,0,0,0,0,0,0,0,0,0,0,0,0,0,0,0,0,0,0,0,0,0,0,0,0,0,0,0,0,0,0,0,0,0,0,0,0,0,0,0,0,0,0,0,0,0,0,0,0,0,0,0,0
"10","10","Unexposed","10.U","I","10UI6",8.64362595411061,0,0,2.65973026912313,0,0,0,0,0,0,2.65973026912313,0,0,0,0,4.47745687525317,0,0,0,5.75999439259656,0,0,0,0,0,2.65973026912313,0,0,0,0,0,0,0,0,0,0,0,0,0,0,0,0,0,0,0,0,0,0,0,0,0,2.65973026912313,0,0,0,0,0,0,0,0,0,0,0,0,0,0,0,0,0,0,0,0,0,0,0,0,0,0,0,0,0,0,0,0,0,0,0,0,0,0,0,0,0,0,0
"11","10","Unexposed","10.U","J","10UJ1",6.64117359184944,0,0,0,0,0,7.48273224217047,0,3.15463802354112,5.71103777549133,0,0,6.1728524047069,0,0,0,0,0,0,5.47502847368832,0,0,0,0,0,0,0,0,0,0,0,0,0,0,0,0,0,0,2.30817712462755,0,0,0,0,0,0,0,0,0,0,0,0,0,0,0,0,0,0,0,0,0,0,0,0,0,0,0,0,0,0,0,0,0,0,0,0,0,0,0,0,0,0,0,0,0,0,0,0,0,0,0,0,0,0,0,0
"12","10","Unexposed","10.U","L","10UL7",7.89048876559217,4.16008416446563,2.38388653607811,6.8445369381322,3.77169840131092,0,4.9324328073716,0,0,0,0,0,4.16008416446563,4.46578164055109,0,7.21606023228298,0,0,0,0,0,0,0,0,0,0,0,0,0,0,0,0,0,0,0,0,0,0,0,0,0,0,0,0,0,0,0,0,0,0,0,2.38388653607811,0,0,0,0,0,0,0,0,0,0,0,0,0,0,0,0,0,0,0,0,0,0,0,0,0,0,0,0,0,0,0,0,0,0,0,0,0,0,0,0,0,0,0
"13","10","Unexposed","10.U","S","10US8",8.71069883011617,4.05528243550119,2.29462074889163,2.29462074889163,9.33434312748961,0,0,0,0,7.52820989662271,0,0,4.82495874052852,0,0,2.29462074889163,0,0,0,3.66888498426625,0,0,0,0,0,0,0,0,0,0,0,0,0,0,0,0,0,0,0,0,0,0,0,0,0,0,0,0,0,0,0,0,0,0,0,0,0,0,0,0,0,0,0,0,0,0,0,0,0,0,0,0,0,0,0,0,0,0,0,0,0,0,0,0,0,0,0,0,0,0,0,0,0,0,0
"14","10","Unexposed","10.U","T","10UT5",8.03737535776324,6.30606168942834,0,2.29462074889163,0,3.66888498426625,0,8.59886669499002,2.29462074889163,0,0,0,5.45840661323654,0,0,5.32418054661874,6.30606168942834,0,0,6.30606168942834,2.29462074889163,0,0,0,0,0,0,0,0,0,0,0,0,0,0,0,0,0,0,0,0,0,0,0,0,4.35974956032233,0,0,0,0,0,0,0,0,0,0,0,0,0,0,0,0,0,0,0,0,0,0,0,0,0,0,0,0,0,0,0,0,0,0,0,0,0,0,0,0,0,0,0,0,0,0,0,0,0
"15","10","Unexposed","10.U","U","10UU9",10.3639504020755,7.07321362489116,0,1.79711573755277,3.74160047657389,0,4.19587769711878,0,0,0,0,0,0,0,0,6.60784298554658,0,0,0,0,0,0,0,0,0,0,0,0,0,0,0,0,0,0,0,0,0,0,0,0,0,0,0,0,0,0,0,0,0,0,0,0,0,0,0,0,0,0,0,0,0,0,0,0,0,0,0,0,0,0,0,0,0,0,0,0,0,0,0,0,2.57300969795939,0,0,0,0,0,0,0,0,0,0,0,0,0,0
"16","10","Unexposed","10.U","X","10UX10",0,9.57603862207001,2.25507312013111,8.57792754975168,4.56325024475866,0,0,0,0,6.02571416429019,0,0,0,0,0,7.05610086981098,0,0,0,2.25507312013111,0,0,0,0,0,0,2.25507312013111,0,0,0,0,0,0,0,0,0,0,0,0,0,0,0,0,0,0,0,0,0,0,0,0,0,0,0,0,0,0,0,0,0,0,0,0,0,0,0,0,2.25507312013111,0,0,0,0,0,0,0,0,0,0,0,0,0,0,0,0,0,0,0,0,0,0,0,0,0,0,0
"17","1","Exposed","1.E","F","1EF2",9.88911179858551,0,0,1.76472046947336,10.5869994922065,0,6.56262678416497,0,0,7.72813259040188,0,0,0,0,4.49714824085861,0,0,0,0,3.69937480202639,8.38514338989103,0,0,0,0,4.89612546050678,0,0,0,0,0,0,0,0,0,0,0,0,0,0,0,1.76472046947336,1.76472046947336,0,0,0,0,0,0,0,0,0,3.94377969444154,0,0,0,0,0,0,0,0,0,0,0,0,0,0,0,0,0,0,0,0,0,0,0,0,0,0,0,0,0,0,0,0,0,0,0,0,0,0,0,0,0,0
"18","1","Exposed","1.E","G","1EG10",6.39238530632381,0,2.30817712462755,2.30817712462755,4.84136855887518,8.09659537408738,4.62733922721683,0,2.30817712462755,5.59785382389846,5.9138118284792,0,6.1728524047069,0,3.68456153234682,0,0,0,6.32285442962057,6.24980206873563,4.62733922721683,0,0,0,0,0,2.30817712462755,3.15463802354112,0,0,0,0,0,0,0,0,0,0,3.15463802354112,0,0,0,0,2.30817712462755,3.15463802354112,2.30817712462755,0,0,0,0,0,0,0,2.30817712462755,0,0,0,0,0,0,0,0,0,0,0,0,0,2.30817712462755,0,0,0,0,0,0,0,0,0,0,0,0,0,0,0,0,0,0,0,0,0,0,0,0,0,0,0
"19","1","Exposed","1.E","I","1EI1",10.2407379441614,4.94723348296768,0,2.57896874452671,10.338215289865,0,0,0,0,0,0,0,0,0,0,0,0,0,0,0,5.51652326080925,0,0,0,4.38546537930759,0,0,0,0,0,0,0,0,0,0,0,0,0,0,0,0,0,0,0,0,0,0,0,0,0,0,0,0,0,0,0,0,0,0,0,0,0,0,0,0,0,0,0,0,0,0,0,0,0,0,0,0,0,0,0,0,0,0,0,0,0,0,0,0,0,0,0,0,0,0
"20","1","Exposed","1.E","J","1EJ7",7.25902680343795,13.6458576882367,2.03758958339308,0,0,2.85023537875095,4.0468359169076,0,3.36691947984776,0,0,0,0,0,4.50710518018993,2.03758958339308,0,0,6.81763914543594,3.36691947984776,0,0,0,0,0,0,2.85023537875095,0,0,0,0,0,0,2.85023537875095,0,0,0,0,0,0,0,0,0,0,0,0,0,0,0,0,2.03758958339308,0,0,0,0,0,0,0,0,0,5.00251803716943,0,0,0,0,2.03758958339308,0,0,0,0,0,0,0,0,0,0,0,0,0,0,0,0,0,0,0,0,0,0,0,0,0,0,0,0,0
"21","1","Exposed","1.E","L","1EL4",9.38002319270147,1.61041096997008,2.35241283013457,1.61041096997008,0,0,6.77912270497061,9.72970448424109,4.42853644484578,0,3.49402389838753,0,7.73131206062513,0,0,0,3.94239407702787,0,0,1.61041096997008,0,0,0,0,0,3.73555776139601,1.61041096997008,0,0,0,0,0,0,0,1.61041096997008,0,2.83999268669436,0,0,0,0,0,0,0,0,0,0,0,0,0,1.61041096997008,0,0,0,0,0,4.6803613287611,0,0,0,0,0,0,0,0,2.83999268669436,0,0,0,0,0,0,0,0,0,0,0,0,0,0,0,0,0,0,0,0,0,0,0,0,0,0,0,0,0
"22","1","Exposed","1.E","T","1ET5",8.23011688279655,0,0,0,5.22867827538644,3.96333910969929,0,0,0,0,0,0,0,0,0,0,0,0,0,3.05298445593173,0,0,0,0,0,0,0,0,0,0,0,0,0,0,0,0,0,0,0,0,3.05298445593173,0,0,0,0,0,0,0,0,0,0,0,0,0,0,0,0,0,0,0,0,0,0,0,0,0,0,0,0,0,0,0,0,0,0,0,0,0,0,0,0,0,0,0,0,0,0,0,0,0,0,0,0,0,3.96333910969929
"23","1","Exposed","1.E","U","1EU9",11.2517782570359,0,10.9920278950622,10.9568169162804,3.31158615066591,7.29691620687929,6.81515453262573,0,3.31158615066591,9.69155659718511,2.45003292063505,0,5.88351608723471,0,4.54358425948883,0,0,0,11.1505859682112,4.54358425948883,6.4964258261195,0,0,0,0,3.84728110647037,0,2.45003292063505,0,0,0,0,0,0,0,0,0,0,0,0,0,0,0,0,0,0,2.45003292063505,0,0,0,0,0,0,2.45003292063505,0,0,0,0,0,0,0,0,0,0,0,0,0,0,0,0,0,0,0,0,0,0,0,0,0,0,0,0,0,0,0,0,0,0,0,0,0,0,0,0,0
"24","1","Exposed","1.E","X","1EX6",8.86747442760669,6.89053252736263,7.18781108989006,10.9827258489432,5.21719561884828,8.41094530608225,6.58530246232249,0,0,0,6.00783273689563,5.03008036780422,5.78917216063496,0,2.46594492559597,2.46594492559597,0,0,5.53134617342607,6.19767258241173,0,0,3.32909111815555,0,0,0,0,0,0,0,0,0,0,0,0,0,0,0,0,0,0,0,0,0,0,0,0,0,0,0,2.46594492559597,0,0,0,0,0,0,0,0,0,0,0,0,0,0,0,0,0,0,0,0,0,0,0,0,0,0,0,0,0,0,0,0,0,0,0,0,0,0,0,0,0,0,3.32909111815555,0
"25","1","Unexposed","1.U","F","1UF2",11.6851394326137,0,8.71396697822306,3.56203610387165,0,8.4159130249971,3.18715141555291,0,5.27939098082839,0,10.08319180185,6.57885713807197,0,1.88857871733158,0,0,5.91789617543017,0,0,0,0,0,3.85932491235646,0,0,0,0,0,0,0,0,0,0,0,0,0,0,0,0,0,0,0,0,0,0,0,0,0,2.67928988326931,0,0,0,0,0,0,0,0,0,0,0,0,0,0,0,0,0,0,0,0,0,0,0,0,0,0,0,0,0,0,0,0,0,0,0,0,0,0,0,0,0,0,0,0,0,0
"26","1","Unexposed","1.U","G","1UG10",8.7860840530961,0,0,0,0,0,4.97594717971841,3.89243139287548,5.74501082272223,0,6.13446898562372,0,5.2098853425888,0,1.91459632461682,0,4.5336047609378,0,6.01595938476386,0,0,0,0,0,0,0,2.70932729934147,0,0,0,0,0,0,0,0,0,0,0,5.2098853425888,0,0,3.89243139287548,0,1.91459632461682,0,0,0,0,0,0,0,0,0,0,0,0,0,0,0,0,0,0,0,0,0,0,0,0,0,0,0,0,0,0,0,0,0,0,0,0,0,0,0,0,0,0,0,0,0,0,0,0,0,0,0
"27","1","Unexposed","1.U","I","1UI3",11.6539326647268,8.07069599067093,0,7.77384565986736,4.23703919730085,8.68549969811715,3.55019708256048,0,3.02553509210714,0,5.56768450928932,2.1926450779424,2.1926450779424,3.02553509210714,11.4987779887091,0,0,0,3.02553509210714,0,0,0,0,0,0,0,0,0,0,0,0,3.02553509210714,0,0,0,0,0,0,0,0,0,0,0,0,0,0,0,0,0,0,0,0,0,0,0,0,0,0,0,0,0,0,0,0,0,0,0,0,0,0,0,0,0,0,0,0,0,0,0,0,0,0,0,0,0,0,0,0,0,0,0,0,0,0,0
"28","1","Unexposed","1.U","I","1UI4",10.9689474078893,0,0,2.95970729405197,0,0,0,4.1658438246305,6.10426557533585,4.62812111855605,8.46573932555141,6.42199347444543,4.1658438246305,0,0,0,6.42199347444543,0,2.95970729405197,2.13416523832471,0,0,0,0,0,0,0,0,0,0,0,0,0,0,3.48149160564621,0,0,0,0,0,0,0,0,0,0,0,0,0,0,0,0,0,0,0,0,0,0,0,0,0,0,0,0,0,0,0,0,0,0,0,0,0,0,0,0,0,0,0,0,0,0,0,0,0,0,0,0,0,0,0,0,0,0,0,0
"29","1","Unexposed","1.U","J","1UJ9",13.5129407517623,4.45668025823762,4.95140687595081,7.235541339209,4.45668025823762,0,7.56698828598149,3.69777914561962,0,0,0,0,7.58958947886518,0,0,1.99783865871053,1.99783865871053,0,5.61188621989225,3.69777914561962,0,0,0,0,0,0,0,0,0,0,0,0,0,0,0,0,0,0,1.99783865871053,0,0,0,0,0,0,0,0,0,0,0,0,0,0,0,0,0,0,0,0,0,0,0,0,0,0,0,0,0,0,0,0,0,1.99783865871053,0,0,0,0,0,0,0,0,0,0,0,0,0,0,0,0,0,0,0,0,0,0
"30","1","Unexposed","1.U","S","1US7",10.627066715693,6.06293460820769,0,3.05607592440609,8.43004452082328,9.4977544956758,6.47256702082643,7.31774349447598,0,0,6.79124231680625,0,0,4.52049890811045,0,0,0,0,0,0,0,0,0,0,3.96662854200066,0,0,0,0,0,0,1.78199934778071,0,0,0,0,0,0,0,0,0,1.78199934778071,0,0,0,1.78199934778071,0,0,0,0,0,0,0,0,0,0,0,4.52049890811045,0,0,0,0,0,0,0,0,0,0,0,0,0,0,0,0,0,0,0,0,0,0,0,0,0,0,0,0,0,0,0,0,0,0,0,0,0
"31","1","Unexposed","1.U","T","1UT5",10.5847087657601,6.73935452035309,0,0,5.56396667232755,0,7.35909330937238,0,4.77930490123529,0,8.78073417389561,1.07213038778423,0,0,4.89073518546585,0,5.56396667232755,0,0,0,0,0,0,0,0,0,2.10688679965515,0,0,0,0,0,0,0,4.5267396997226,0,0,0,0,0,0,2.70325115609419,0,0,0,0,0,0,0,0,0,0,0,0,0,0,0,0,0,0,0,0,0,0,0,0,0,0,0,0,0,0,0,0,0,0,0,0,0,0,0,0,0,0,0,0,0,0,0,0,0,0,0,0,0
"32","1","Unexposed","1.U","X","1UX6",11.3904614989632,2.38388653607811,0,2.38388653607811,0,5.56722605385977,8.34826125960604,2.38388653607811,3.23860629216086,0,4.9324328073716,0,3.77169840131092,0,0,0,4.16008416446563,0,0,2.38388653607811,0,0,0,0,7.13175929974967,0,0,3.77169840131092,0,0,0,0,0,0,0,0,0,0,0,0,0,0,0,0,0,0,0,0,0,0,0,0,0,0,0,0,0,0,0,0,0,0,0,0,0,0,0,0,0,0,0,0,0,0,0,0,0,0,0,0,0,0,0,0,0,0,0,0,0,0,0,0,0,0,0
"33","2","Exposed","2.E","I","2EI3",8.18647372002823,6.52978736854076,0,5.27181440889414,6.76190862711049,3.55491887456388,7.19141746512652,7.29383006857266,5.05563230698124,8.80489431519611,0,0,0,4.80124767974527,0,0,0,12.1633419558986,0,0,0,0,0,0,0,0,0,0,0,0,0,0,0,0,0,0,0,0,0,0,0,0,0,0,0,2.67272948343797,0,0,0,0,2.67272948343797,0,0,0,0,0,0,0,0,0,0,0,2.67272948343797,0,0,0,0,0,0,0,0,0,0,0,0,0,0,0,0,0,0,0,0,0,0,0,0,0,0,0,0,0,0,0,0
"34","2","Exposed","2.E","J","2EJ9",10.5142588495572,5.75180152228973,0,0,9.58011358759404,3.94701870831383,5.75180152228973,8.37821147518418,10.8918129072758,0,0,0,4.89947312404604,3.40808473863708,5.61697289562378,0,3.94701870831383,0,0,6.73835213443717,0,0,0,0,7.55842071326867,3.40808473863708,0,0,0,0,0,0,0,0,2.53796502118399,0,0,0,0,0,0,0,0,0,0,0,0,0,0,0,0,0,0,0,0,0,0,0,0,0,0,0,0,0,0,0,0,0,0,0,0,0,0,0,0,0,0,0,0,0,0,0,0,0,0,0,0,0,0,0,0,0,0,0,0
"35","2","Exposed","2.E","S","2ES7",8.49641385362934,11.3231610784247,4.67103994296439,3.28410820582286,5.87509952869344,5.95858313353198,5.91744510910264,7.9307786844151,12.0362768987109,8.57126204139585,3.28410820582286,0,5.42485633118553,6.65320837383675,6.81874975539754,3.72658735892532,2.16880359054956,0,1.45851416548022,3.90554479789816,3.28410820582286,0,0,0,5.36491521407322,0,1.45851416548022,0,0,0,0,6.43736650879889,0,0,1.45851416548022,0,3.28410820582286,0,0,0,0,0,0,2.16880359054956,0,2.16880359054956,0,0,0,0,0,0,0,0,0,0,0,0,0,4.33847927115121,0,0,0,0,0,0,0,0,0,0,0,0,0,0,0,0,0,0,0,0,0,0,0,0,0,0,0,0,0,0,0,0,2.16880359054956,0,0
"36","2","Exposed","2.E","T","2ET5",8.05067007131255,4.8729216598241,0,0,2.51525352890975,0,3.38321521567151,7.15491361698242,5.7248355744693,0,0,0,0,4.31236926646252,0,0,0,0,0,0,0,0,0,0,0,5.7248355744693,7.67122393034824,0,0,0,0,0,0,0,0,0,0,0,0,0,0,0,0,0,0,0,0,0,0,0,0,5.08826322686915,0,0,0,0,0,0,0,0,0,0,0,0,0,0,0,2.51525352890975,0,0,0,0,0,0,0,0,4.61970091400494,0,0,0,0,0,0,0,0,0,0,3.92133572295412,0,0,0,0,0,0,0
"37","2","Exposed","2.E","U","2EU8",8.82284122094431,0,0,5.40205372755972,5.04919910312031,5.80853620030332,5.55064089562277,11.7876592349334,9.96391683801845,4.83405057656414,0,0,6.21712397247893,2.97832999636154,6.85398191709621,0,5.32159716357707,0,4.43577537846254,5.68534354290486,5.23638729039073,0,4.71311057985417,0,2.48211409312941,0,0,3.88376428594652,0,0,0,0,0,0,2.97832999636154,0,4.94563175545757,0,0,0,0,0,0,0,0,0,0,0,0,1.71965570904613,0,0,0,0,0,0,0,0,0,0,0,0,0,0,0,0,0,0,0,0,0,0,0,0,0,0,0,0,0,0,0,0,0,0,0,0,0,0,0,0,0,0,0,0,0
"38","2","Unexposed","2.U","G","2UG10",4.78083847727853,0,0,0,0,7.641513492138,4.78083847727853,3.83238707009799,6.44448014622015,5.34820052127854,0,0,3.83238707009799,6.44448014622015,0,0,0,0,0,2.93026737880716,4.78083847727853,0,0,0,0,0,0,0,0,0,0,0,0,0,0,0,0,0,0,0,0,0,0,0,0,0,0,0,0,0,0,0,0,0,0,0,0,0,0,0,0,0,0,0,0,0,0,0,0,0,0,0,0,0,0,0,0,0,0,0,0,0,0,0,0,0,0,0,0,0,0,0,0,0,0
"39","2","Unexposed","2.U","L","2UL4",9.33626122706364,0,0,3.68036160189526,0,3.92451772798672,6.80878545766405,0,9.37273130385059,6.01858493300885,0,0,0,4.75514011905098,1.75020609340653,0,3.01653172388989,0,0,1.75020609340653,0,0,0,0,0,0,0,0,0,0,0,0,0,0,0,0,2.5180648363314,0,0,0,0,1.75020609340653,0,0,0,1.75020609340653,0,0,0,0,0,0,0,0,0,0,0,0,0,0,0,0,0,0,0,0,0,0,0,0,0,0,1.75020609340653,0,0,0,0,0,0,0,0,0,0,0,0,0,0,0,0,0,0,0,0,0,0
"40","2","Unexposed","2.U","T","2UT8",7.91288933622996,0,4.7004397181411,5.80735492205761,6.04439411935846,5.35755200461809,6.9188632372746,0,8.13442632022093,9.31288295528436,0,0,2.58496250072116,4.95419631038688,6.14974711950468,0,0,0,0,4.39231742277876,3.4594316186373,0,0,0,4,2.58496250072116,0,0,0,0,0,0,0,0,0,0,0,0,0,0,0,0,0,0,0,0,0,0,0,2.58496250072116,0,0,0,0,2.58496250072116,0,0,0,0,0,0,0,0,0,0,0,0,0,0,0,0,0,0,0,0,0,0,0,0,0,0,0,0,0,0,0,0,0,4,0,0,0,0,0,0
"41","2","Unexposed","2.U","U","2UU7",7.23840473932508,0,3.4594316186373,0,0,0,4.39231742277877,0,5.93073733756289,3.4594316186373,0,0,0,3.4594316186373,0,0,0,0,0,0,0,0,0,0,0,0,0,0,0,0,0,0,0,0,0,0,0,0,0,0,0,0,0,0,0,0,0,0,0,0,0,0,0,0,0,0,0,0,0,0,0,0,0,0,0,0,0,0,0,0,0,0,0,0,0,0,0,0,0,0,0,0,0,0,0,0,0,0,0,0,0,0,0,0,0
"42","2","Unexposed","2.U","X","2UX5",9.37500341874008,0,0,6.39013331928836,5.9489157173668,0,5.49821559855322,0,7.23046502688288,5.31012316009295,0,0,0,4.13541876945631,4.52978644096093,0,0,0,0,4.13541876945631,0,0,0,0,3.59092816755755,2.70594736231395,0,0,0,0,0,0,0,0,0,0,0,0,0,0,0,0,0,0,0,0,0,0,0,0,0,0,0,0,0,0,0,0,0,0,0,0,0,0,0,0,0,0,0,0,0,0,0,0,0,0,0,0,0,0,0,0,0,0,0,0,0,0,0,0,0,0,0,0,0
"43","3","Exposed","3.E","F","3EF2",7.53176415093691,3.19848772596331,1.60643738362987,7.71141889509771,8.70797305838619,10.2906337537419,8.79689225471369,0,7.57881835078432,3.19848772596331,8.70797305838619,9.72030546646231,5.38887129751412,6.09770902161585,6.77326395672535,0,6.22148333825434,0,5.52324123599681,0,0,3.93686671937418,0,0,0,0,0,0,0,0,0,0,0,0,0,0,0,0,0,0,0,0,0,0,5.16046952464661,0,0,0,0,0,0,0,0,0,0,0,0,0,0,0,0,0,0,0,0,0,0,0,0,0,0,0,0,0,0,0,0,0,0,0,0,0,0,0,0,0,0,0,0,0,0,0,0,0,0
"44","3","Exposed","3.E","J","3EJ8",4.66198380343914,0,2.82355115047563,10.2879894907049,4.82556295402304,2.82355115047563,3.33892938140502,0,0,0,3.33892938140502,5.54203219047577,4.01770534402479,6.0846872475995,0,7.3406888813587,0,0,0,0,0,0,0,0,0,0,2.01418161554093,0,0,0,0,0,0,0,0,0,0,0,0,0,0,0,0,0,0,0,0,0,0,0,0,0,0,0,0,0,0,0,0,0,0,0,0,0,0,0,0,0,0,0,0,0,0,0,0,0,0,0,0,0,0,0,0,0,0,0,0,0,0,0,0,0,0,0,0
"45","3","Exposed","3.E","U","3EU5",6.5261954672198,0,0,5.62740397210412,5.54176403049874,5.13701301373787,6.91478119439878,0,3.63180408123597,3.25504875089991,6.33578478222887,2.74373160334846,7.07578005336108,7.80233684729098,0,0,4.57240602944827,0,0,0,5.70824384115435,0,0,0,0,4.38839758599459,1.94448473902113,3.25504875089991,0,0,0,0,0,4.17744083442419,0,0,0,0,0,0,0,0,0,0,0,0,0,0,3.63180408123597,0,0,0,0,0,0,0,0,0,0,0,0,0,0,0,0,0,0,0,0,0,0,0,0,0,0,0,0,0,0,0,0,0,0,0,0,0,0,0,0,0,0,0,0,0,0
"46","3","Exposed","3.E","X","3EX6",4.88613203544172,0,1.53841991478413,0,4.02131050624541,7.02816919004702,5.28892098899905,7.50741711957875,7.08998635954442,0,8.42566550441689,6.30551893518362,2.26589405997304,6.40615437832286,0,4.02131050624541,4.79007693062577,0,0,3.63558857379113,0,0,0,0,0,0,0,0,0,0,0,0,0,0,3.63558857379113,0,0,0,0,0,0,0,0,0,3.10752846430445,0,0,0,4.02131050624541,0,0,0,0,0,0,0,0,0,0,0,0,0,0,0,0,0,0,0,0,0,0,0,0,0,3.39558513661267,0,0,0,0,0,0,0,0,0,0,0,0,0,0,0,0,0,0,0,0
"47","3","Unexposed","3.U","G","3UG10",7.98680363587581,0,0,7.42474161694798,6.43311389876941,8.6551200603486,5.94247276371057,0,2.18862844012072,0,2.18862844012072,0,5.32718101989284,3.5454935582975,0,0,3.5454935582975,0,4.23216910585051,3.02102441109121,4.23216910585051,7.74498940929469,0,0,0,3.02102441109121,0,0,0,0,0,0,0,0,2.18862844012072,0,0,0,0,0,0,0,0,0,3.02102441109121,0,0,0,0,0,0,0,0,0,0,0,0,0,0,0,0,0,0,0,0,0,0,0,0,0,0,0,0,0,0,0,0,0,0,0,0,0,0,0,0,0,0,0,0,0,0,0,0,0,0
"48","3","Unexposed","3.U","L","3UL3",0,0,2.07922669115058,0,0,11.9846366635338,2.89755273102918,0,4.34729988459568,0,7.57986334606349,7.71889188252249,2.07922669115058,0,0,0,6.03377821390928,0,0,0,0,0,0,9.11012543850231,0,0,0,0,0,0,0,0,0,0,0,0,0,0,0,0,0,0,0,0,0,0,0,0,0,0,0,0,0,0,0,0,0,0,0,0,0,0,0,0,0,0,0,0,0,0,0,0,0,0,0,0,0,0,0,0,0,0,0,0,3.41649109642034,0,0,0,0,0,0,0,0,0,0
"49","3","Unexposed","3.U","L","3UL4",8.76145487612179,0,0,0,4.61769370255403,1.49138838540896,8.93167963165866,0,5.74244369420427,0,9.42541357129115,8.37730485192374,4.61769370255403,7.82940102808486,4.11306266448664,0,7.09665786945047,0,0,0,0,4.387330570109,0,4.72040537087332,2.2088881569867,0,1.49138838540896,0,0,7.3579344287531,0,0,0,3.77411859258367,2.2088881569867,0,0,0,0,3.95352168094232,0,0,0,0,0,0,0,0,0,0,0,0,0,4.11306266448664,0,0,0,0,0,0,0,0,0,0,0,0,0,2.2088881569867,0,0,0,0,0,0,0,0,0,0,0,0,0,0,0,0,0,0,0,0,0,0,0,0,0,0,0
"50","3","Unexposed","3.U","T","3UT9",6.34575845812108,8.06030671808959,1.91459632461682,1.91459632461682,3.59458824819444,0,6.69339042322734,0,1.91459632461682,0,5.2098853425888,0,0,4.5336047609378,0,0,2.70932729934147,0,1.91459632461682,1.91459632461682,0,0,0,0,0,0,1.91459632461682,0,0,0,0,0,0,0,0,0,0,0,0,0,0,0,0,0,0,0,0,0,0,0,0,0,0,0,0,0,0,0,0,0,0,0,0,0,0,1.91459632461682,0,0,0,0,0,0,0,0,0,0,0,0,0,0,0,0,0,0,0,0,0,0,0,0,0,0,0,0,0
"51","3","Unexposed","3.U","U","3UU6",6.97727992349992,0,0,0,8.21457475915368,9.19605202915767,0,0,0,0,0,3.82353484911304,2.92199748799873,2.92199748799873,0,0,0,0,0,0,0,0,0,8.30738058795775,0,0,0,0,0,0,0,0,0,0,0,0,0,0,0,0,0,0,0,0,0,0,0,0,0,0,0,0,0,0,0,0,0,0,0,0,0,0,0,0,0,0,0,0,0,0,0,0,0,0,0,0,0,0,0,0,0,0,0,0,0,0,0,0,0,0,0,0,0,0,0
"52","3","Unexposed","3.U","W","3UW1",5.35755200461809,8.7714894695006,0,0,8.83605035505807,6.6582114827518,4.64385618977473,5.61470984411521,4.08746284125034,4.64385618977473,3.70043971814109,7.86418614465428,3.70043971814109,4.85798099512757,0,0,3.16992500144231,0,0,0,5.61470984411521,0,2.32192809488736,6.71424551766613,0,0,0,0,0,0,0,0,0,3.16992500144231,0,0,0,0,0,3.16992500144231,0,0,0,0,0,0,5.49185309632968,0,0,0,0,0,0,0,0,0,0,0,0,0,0,0,0,0,0,0,3.70043971814109,0,0,0,0,0,0,0,0,0,0,3.70043971814109,0,0,0,0,0,0,0,0,0,0,0,0,0,0,0,0,0
"53","4","Exposed","4.E","F","4EF2",6.87657654851667,0,0,0,4.35173260754857,0,0,0,0,0,0,0,0,0,0,3.42071654840817,0,0,0,0,0,0,0,0,8.45333057605196,0,0,0,0,0,0,0,0,0,0,0,0,0,0,0,0,0,0,0,0,0,0,0,0,0,0,0,0,0,0,0,0,0,0,0,0,0,0,0,0,0,0,0,0,0,0,0,0,0,0,0,0,0,3.42071654840817,0,0,0,0,0,0,0,0,0,0,0,0,0,0,0,0
"54","4","Exposed","4.E","I","4EI5",10.5659527957033,2.39377837990704,0,6.56402783767387,0,0,0,0,0,0,4.47745687525317,0,4.94426035485409,0,0,0,0,0,0,0,0,0,0,0,0,0,0,0,0,0,0,0,0,0,0,0,0,0,0,0,0,0,0,0,0,0,0,0,0,0,0,0,0,3.24954216950568,0,0,0,0,0,0,0,0,0,0,0,0,0,0,0,0,0,0,0,0,0,0,0,0,0,0,0,0,0,0,0,0,0,0,0,0,0,0,0,0,0
"55","4","Exposed","4.E","L","4EL3",9.02513956227851,0,0,5.35755200461809,0,0,0,0,0,0,0,0,2.93859945533586,0,0,0,0,0,0,2.93859945533586,0,3.84130225398095,0,0,2.93859945533586,0,0,0,0,0,0,0,0,0,0,0,0,0,0,0,0,0,0,0,0,0,0,0,0,0,0,0,0,0,0,0,0,0,0,0,0,0,2.93859945533586,0,0,0,0,0,0,0,0,0,0,0,0,0,0,0,0,0,0,0,0,0,0,0,0,0,0,0,0,0,0,0,0
"56","4","Exposed","4.E","T","4ET9",6.29288953771763,9.27669872074347,5.89669340146152,9.81471317561844,9.72126367786199,6.3308793845782,5.94648421649143,4.92070789295616,3.22777200487185,0,7.16248613790739,5.89669340146152,6.57201438135017,6.93473954223965,0,4.7062322861128,5.27265418404622,0,0,0,0,0,0,0,6.17252166056161,0,0,0,0,0,0,0,0,0,0,0,0,0,0,0,0,0,0,0,0,0,0,0,0,0,0,0,0,0,0,0,0,0,0,0,0,0,0,0,0,0,0,0,0,0,0,0,0,0,0,0,0,0,0,0,0,0,0,0,0,0,0,0,0,0,0,0,0,0,0
"57","4","Exposed","4.E","U","4EU8",8.23785505261342,0,0,0,0,0,0,0,0,0,3.30005891492678,0,3.30005891492678,0,0,0,0,0,0,0,0,0,0,0,0,0,0,0,0,0,0,0,0,0,0,0,0,0,0,0,0,0,0,0,0,0,0,0,0,0,0,0,0,0,0,0,0,0,0,0,0,0,0,0,0,0,0,0,0,0,0,0,0,0,0,0,0,0,0,0,0,0,0,0,0,0,0,0,0,0,0,0,0,0,0
"58","4","Exposed","4.E","W","4EW1",6.55299448154144,5.29467096189969,2.69253452005575,4.12047160335188,3.57639657670675,0,0,0,0,5.07839145197637,0,0,0,2.69253452005575,0,0,0,0,0,0,0,0,0,0,0,0,0,0,0,0,0,0,0,0,0,0,0,0,0,0,0,0,0,0,0,0,0,0,0,0,2.69253452005575,0,0,0,0,0,0,0,0,0,0,0,0,0,0,0,4.82387184010066,0,0,0,0,0,0,0,0,0,0,3.57639657670675,0,0,0,0,0,0,0,0,0,0,0,0,0,0,0,0,0
"59","4","Exposed","4.E","X","4EX7",8.39827954956266,0,2.02080582987211,2.83110866990727,0,0,9.41565133096045,0,5.88518326914759,5.45330210236529,7.74864423037276,7.80891007019701,6.58197217207334,6.67125701011586,0,0,5.72758744168368,0,0,0,0,0,0,0,0,0,0,2.83110866990727,0,0,0,0,0,0,0,0,0,0,0,0,0,0,0,0,0,0,0,0,0,0,0,0,0,0,0,0,0,0,0,0,0,0,0,0,0,0,0,0,0,0,0,0,0,0,0,0,0,0,0,0,0,0,0,0,0,0,0,0,0,0,0,0,0,0,0
"60","4","Unexposed","4.U","F","4UF1",9.1254706189161,0,1.46983988451743,7.61242818138929,6.42552228387058,5.3196921007973,6.16584081064889,0,3.5384722384777,0,6.33353138973653,4.95830889880718,0,4.87374352566583,0,0,7.04410392624858,0,0,0,4.08144219593093,0,0,0,0,0,4.47501599346547,0,0,0,0,0,0,0,0,0,0,0,0,0,0,0,0,0,0,0,0,0,1.46983988451743,0,1.46983988451743,1.46983988451743,0,0,0,0,0,0,0,0,0,0,0,0,0,0,0,0,0,0,0,0,0,0,0,0,0,0,0,0,0,0,0,0,0,0,0,0,0,0,0,0,0,0,0
"61","4","Unexposed","4.U","G","4UG10",7.83249302461562,4.13792692963043,0,8.52418387283573,0,3.79858239378779,5.66719666474602,0,0,5.86283747893916,2.70819945539804,3.35404195412755,3.35404195412755,3.59336700272891,0,5.2441399896479,0,0,0,0,4.41245657431735,0,0,0,0,0,0,0,0,0,0,0,0,4.13792692963043,0,0,0,0,0,0,0,0,0,0,0,0,0,0,0,0,0,0,0,0,0,0,0,0,0,0,0,0,0,0,0,0,0,0,0,0,0,0,0,0,0,0,0,0,0,0,0,0,0,0,0,0,0,0,0,0,0,0,0,0,0
"62","4","Unexposed","4.U","I","4UI5",7.18518516682033,5.01122725542326,0,7.46582145564378,0,0,0,0,3.66888498426625,3.1395513523988,4.05528243550119,0,4.82495874052852,6.37558251249051,0,5.01122725542326,2.29462074889163,0,0,0,0,5.17617314910749,0,0,0,0,3.66888498426625,0,0,0,0,0,0,3.1395513523988,0,0,0,0,0,0,0,0,0,0,0,0,0,0,0,0,0,0,0,0,0,0,0,0,0,0,0,0,0,0,0,0,0,0,0,0,0,0,0,0,0,0,0,0,0,0,0,0,0,0,0,3.66888498426625,0,0,0,0,0,0,0,0,0
"63","4","Unexposed","4.U","L","4UL3",8.9612641650142,9.06850270469946,1.83353885386126,8.71943270186493,4.03426990208475,1.83353885386126,7.17582140875112,0,5.70824384115435,4.73557772004196,4.42712478157758,4.2440283352839,5.30237529746596,7.17582140875112,0,5.90627392749018,5.7773185483028,0,0,0,0,0,0,0,0,0,0,0,0,0,0,0,0,0,0,0,0,0,0,0,0,0,0,0,0,0,0,0,0,0,1.83353885386126,0,0,0,0,1.83353885386126,0,0,0,0,0,0,0,0,0,0,0,0,0,0,0,0,0,0,0,0,0,0,0,0,0,0,0,0,0,0,0,0,0,0,0,0,0,0,0
"64","4","Unexposed","4.U","S","4US9",2.96826378515855,2.14174970538801,2.14174970538801,8.1853828694881,9.52787059539905,0,6.54148650703299,2.14174970538801,0,5.39079256101385,0,2.96826378515855,4.17511308421263,0,0,5.13461905685656,0,0,0,0,2.96826378515855,3.4904299421731,0,0,0,0,0,0,0,0,0,4.63753982432764,0,0,0,0,0,0,3.4904299421731,0,0,0,0,0,0,0,0,0,0,0,0,0,0,0,0,0,0,0,0,0,0,0,0,0,0,0,0,0,0,0,0,0,0,0,0,0,0,0,2.96826378515855,0,0,0,0,0,0,0,0,0,0,0,0,0,0,0,0
"65","4","Unexposed","4.U","T","4UT8",10.8936922279724,12.3416283247562,4.96823041950661,8.74068366262651,6.00295704250652,0,5.53774786230033,3.10026412347343,3.10026412347343,0,0,0,4.71438429839259,0,0,7.5918528619817,3.10026412347343,0,0,0,3.47261905086962,0,0,0,0,3.10026412347343,0,0,0,0,0,0,0,4.84688328624424,0,0,0,0,0,0,2.59705557270918,0,0,0,0,0,0,0,0,0,0,0,0,0,0,0,0,0,0,0,0,0,0,0,0,0,0,0,0,0,0,0,0,0,0,0,0,0,0,0,0,0,0,0,0,0,0,0,0,0,0,0,0,0,0
"66","4","Unexposed","4.U","U","4UU7",5.88662977394619,3.02553509210714,0,5.61350759817823,4.42008911846206,1.0146467759644,1.60445867634695,0,0,2.6092918300829,0,0,0,0,0,3.34818616122205,3.72736482388393,0,2.6092918300829,0,0,0,0,0,0,0,3.93411206434354,0,0,0,0,0,0,3.34818616122205,0,5.78349941735164,0,0,2.6092918300829,0,0,0,0,0,0,0,0,0,0,0,0,0,0,0,0,0,0,0,0,0,0,0,0,0,0,0,0,0,0,0,0,0,0,0,0,0,0,0,0,0,0,0,0,0,0,0,0,0,0,0,0,0,0,0,0
"67","4","Unexposed","4.U","W","4UW2",6.8062253581851,4.79875724586057,5.67495337065665,6.8062253581851,4.88862345764723,0,7.67902680589592,0,0,5.26929816789039,3.02779722102158,11.388439982022,4.37002449853752,5.45725972456368,0,5.81905939856277,6.1080755434985,0,6.41072628726064,0,0,0,0,0,0,0,0,0,0,0,0,0,0,0,0,0,0,0,0,0,0,0,0,0,0,0,0,0,2.6705517446666,0,0,1.4797007398546,0,0,1.4797007398546,0,0,0,0,0,0,0,0,0,0,0,0,0,0,0,0,0,0,0,0,0,0,0,0,0,0,0,0,0,0,0,2.6705517446666,0,0,0,0,0,0,0,0
"68","5","Exposed","5.E","F","5EF2",5.94273861330721,8.74062941510501,0,10.1939961192324,5.9796117878983,7.09117425971241,8.55153071234058,0,8.11930462599278,7.48658526024087,9.03585852190556,3.60246837942113,6.87334614393976,8.41012047750386,0,0,5.10599189219037,0,0,0,0,0,4.08096176359888,0,0,0,0,0,0,0,0,0,0,0,0,0,4.63722479129205,0,0,0,0,0,0,0,0,0,0,0,0,0,0,0,0,0,0,0,0,0,0,0,0,0,0,0,0,0,0,0,0,0,0,0,0,0,0,0,0,0,0,0,0,0,0,0,0,0,0,0,0,0,0,0,0,0,0
"69","5","Exposed","5.E","J","5EJ6",5.23961224523158,4.58427138931111,0,7.276338359752,4.71629715456295,4.94883711016444,7.56609779133776,0,4.27730076243884,0,8.00097131562337,4.43893521175172,5.97885836462115,6.738053423731,3.64319272917858,0,4.58427138931111,0,0,0,0,0,0,0,0,3.64319272917858,0,0,0,0,0,0,0,0,0,0,0,0,0,0,0,0,0,0,0,0,0,0,0,0,0,0,0,0,0,0,0,0,0,0,0,0,0,0,0,0,0,0,0,0,0,0,0,0,0,0,0,0,0,0,0,0,0,0,0,0,0,0,0,0,0,0,0,0,0
"70","5","Exposed","5.E","T","5ET8",5.70824384115435,9.40740093236977,0,7.32682637181168,6.48089662051884,8.44533914704236,0,0,0,0,2.74373160334846,3.63180408123597,4.17744083442419,0,0,4.38839758599459,3.25504875089991,0,0,0,0,0,0,0,0,0,5.54176403049874,0,0,0,0,0,0,0,0,0,0,0,0,0,0,0,0,0,0,0,0,0,0,0,0,0,0,0,0,0,0,0,0,0,0,0,0,0,0,0,0,0,0,0,0,0,0,0,0,0,0,0,0,0,0,0,0,0,0,0,0,0,0,0,0,0,0,0,0
"71","5","Exposed","5.E","X","5EX5",1.86059694333458,8.96106884514679,0,3.82353484911304,8.31931559183585,7.57344787892895,3.1529519228386,1.86059694333458,1.86059694333458,5.74501082272223,3.52685954615759,0,0,6.17097921781432,0,3.52685954615759,0,0,0,0,0,0,0,0,0,0,6.17097921781432,0,0,0,0,0,0,0,0,0,0,0,0,0,0,1.86059694333458,0,0,0,0,0,0,0,0,0,0,0,0,0,0,0,0,0,0,0,0,0,0,0,1.86059694333458,0,0,0,0,0,0,0,0,0,0,0,0,0,0,0,0,0,0,0,0,0,0,0,0,0,0,0,0,0
"72","5","Unexposed","5.U","F","5UF2",6.7066448676678,10.2382811874167,2.15324626029568,4.18914291698646,5.28284877564543,0,0,0,0,3.88685284237198,0,0,3.88685284237198,0,7.00659208664607,0,2.15324626029568,0,0,2.15324626029568,0,0,0,0,0,0,2.15324626029568,2.15324626029568,0,0,0,0,0,0,0,0,0,0,0,0,4.83724729636818,0,0,0,0,0,0,0,0,0,0,0,0,0,0,0,0,0,0,0,0,0,0,0,0,0,0,0,0,0,0,0,0,0,0,0,0,0,0,0,0,0,0,0,0,0,0,0,0,0,0,0,0,0,0
"73","5","Unexposed","5.U","J","5UJ4",9.44868991880849,0,0,3.84130225398094,2.4447848426729,0,0,0,0,2.4447848426729,0,0,2.4447848426729,5.00500068105837,0,0,2.4447848426729,0,0,7.71348198494606,0,0,0,0,0,0,0,0,0,0,0,0,0,0,0,0,0,0,0,0,0,0,0,3.30580842952409,0,0,0,0,0,0,0,0,0,0,0,0,0,0,0,0,0,0,0,0,0,0,0,0,0,0,0,0,0,0,0,0,0,0,0,0,0,0,0,0,0,0,0,0,0,0,0,0,0,0,0
"74","5","Unexposed","5.U","L","5UL6",9.58300272450242,6.5145252100963,0,0,9.49001871884055,0,0,0,0,0,0,0,2.65973026912313,6.33605543194146,2.65973026912313,0,0,0,0,0,0,0,0,0,0,0,0,0,0,0,0,0,0,2.65973026912313,0,0,0,0,0,0,0,3.54080817111492,0,0,0,0,0,0,0,0,0,0,0,0,0,0,0,0,0,0,0,0,0,0,0,0,0,0,0,0,0,0,0,0,0,0,0,0,0,0,0,0,0,0,0,0,0,0,0,0,0,0,0,0,0
"75","5","Unexposed","5.U","S","5US7",7.08622881924294,4.29312406623999,0,0,7.03598187954226,0,0,0,2.49854774890369,0,0,0,0,0,0,0,2.49854774890369,0,3.36489813385292,0,0,0,0,0,0,0,0,0,0,0,0,0,0,0,0,0,0,0,0,0,0,0,0,0,0,0,0,0,0,0,0,2.49854774890369,0,0,0,0,0,0,0,0,0,0,0,0,0,0,0,0,0,0,0,0,0,0,0,0,0,0,0,0,0,0,0,0,0,0,0,0,0,0,0,0,0,0,0
"76","5","Unexposed","5.U","W","5UW1",8.60449872296645,2.29911821197928,0,5.58672942689535,3.14455828128389,10.4999044939136,8.27986089684055,0,0,10.2158184699501,0,0,5.32968643450836,3.67408839119414,0,0,0,0,0,2.29911821197928,0,0,3.14455828128389,0,0,0,0,2.29911821197928,0,0,0,0,0,0,0,0,0,0,0,0,0,0,0,0,0,0,0,0,0,0,0,0,0,0,0,0,0,0,0,0,0,0,0,0,0,0,0,0,0,0,0,0,0,0,0,0,0,0,0,0,0,0,0,0,0,0,0,0,0,0,0,0,0,0,0
"77","6","Exposed","6.E","J","6EJ4",9.1856650922732,10.5799478784312,0,10.0607404641229,8.46208648604628,7.19036739481256,6.30418205417159,7.76476225009858,0,6.15643040063923,0,0,3.29148698132323,0,0,0,2.10323015710866,0,0,0,0,7.51898813214727,0,0,0,0,0,1.67708070270959,7.43902027529615,0,0,0,0,0,0,0,0,0,0,0,0,0,0,0,0,0,0,0,0,3.44494660698779,0,0,0,0,0,0,0,0,0,0,0,0,0,0,0,0,0,0,0,0,0,0,0,0,0,0,0,0,0,0,0,0,0,0,0,0,0,0,0,0,0,0,0,0,0
"78","6","Exposed","6.E","T","6ET7",3.24679858092986,9.35986144810391,8.80367868833701,2.88155240021586,5.12805727766912,6.19351228167679,9.01380716695599,11.8850543181999,4.16873332454569,11.5440651257678,0,3.5380055907698,1.64299828164205,0,4.72670628373275,7.82051775524233,0,0,0,1.64299828164205,0,0,4.6061202956718,0,0,3.98750239700405,0,2.391296045716,0,0,0,0,0,2.391296045716,0,0,0,0,0,0,3.98750239700405,0,0,0,0,0,0,0,0,0,0,0,0,0,0,0,0,0,0,0,0,0,0,0,0,0,0,0,0,0,0,0,0,0,0,0,0,0,0,0,0,0,0,0,0,0,0,0,0,0,0,0,0,0,0
"79","6","Unexposed","6.U","F","6UF1",9.50833500915722,7.71119304986683,3.54784304516046,12.0023242886143,6.02616094982107,2.66620975975427,10.134419456373,0,0,9.57053558152562,0,0,6.43565354976379,6.95413409173281,0,0,0,0,0,0,0,0,6.68094707499575,0,0,0,0,6.52213566326572,0,0,0,0,0,0,0,0,0,0,0,0,0,0,0,0,0,0,0,0,0,0,0,0,0,0,0,0,0,0,0,0,0,0,2.66620975975427,0,0,0,0,0,0,0,0,0,0,0,0,0,0,0,0,0,0,0,0,0,0,0,0,0,0,0,0,0,0,0,0
"80","6","Unexposed","6.U","I","6UI9",10.3280366097894,0,6.45658189825524,7.20659035284303,4.24519685955414,6.72506516643443,6.06324974680551,0,5.42344934670344,5.42344934670344,0,0,5.31911771930298,9.84574356138315,1.99783865871053,0,4.95140687595081,0,3.31933409651237,2.8048845532333,0,0,0,0,0,0,1.99783865871053,0,0,0,0,0,0,0,0,0,0,0,0,0,0,0,0,0,0,0,0,0,0,0,0,0,0,0,0,0,0,0,0,0,0,0,0,0,0,0,0,0,0,0,0,0,0,0,0,0,0,0,0,0,0,0,0,0,0,0,0,0,0,0,0,0,0,0,0
"81","6","Unexposed","6.U","L","6UL5",12.3233682323559,5.32218386920607,4.69056767304572,6.6981751221504,5.55763343082572,6.6981751221504,7.22820464705572,0,8.57149716002304,6.64804517304257,0,0,5.18828194435154,0,0,3.01653172388989,6.64804517304257,0,0,3.92451772798672,0,0,4.69056767304572,0,0,0,0,0,0,0,0,0,0,0,0,0,0,0,0,0,0,0,0,0,0,0,0,0,0,0,0,0,0,0,0,0,0,0,0,0,0,0,0,0,0,0,0,0,2.18462919421995,0,0,0,0,0,0,0,0,0,0,0,0,0,0,0,0,0,0,0,0,0,0,0,0,0,0
"82","6","Unexposed","6.U","S","6US8",10.1105426274998,0,3.87148525947732,5.73532523578495,7.21652541430445,6.20412648557998,4.82133915149331,0,0,7.0777867819013,0,0,5.96263314753552,4.07972719247074,6.01427413098212,1.71049338280502,1.71049338280502,0,6.15895388362131,3.62803122261304,0,0,0,0,0,0,0,0,0,0,0,0,0,0,0,0,0,0,0,0,0,0,0,0,0,0,0,0,0,0,0,0,0,0,0,0,0,0,0,0,0,0,0,0,0,0,0,0,0,0,0,0,0,0,0,0,0,0,0,0,0,0,0,0,0,0,0,0,0,0,0,0,0,0,0
"83","6","Unexposed","6.U","W","6UW2",11.1177982301972,6.33353138973653,4.22489808951976,9.18151510358475,2.4395643012756,8.03376406995581,7.11028119143154,0,5.35131061465047,6.80244487839633,0,0,6.55336594080922,4.22489808951976,3.30005891492677,5.35131061465047,5.63437738154676,0,0,0,0,0,4.53131244690484,0,0,0,0,5.63437738154676,0,0,0,0,0,4.99880257701726,0,0,0,0,0,0,0,0,0,0,0,0,0,0,0,0,0,0,0,0,0,0,0,0,0,0,0,0,0,0,0,0,0,0,0,0,0,0,0,0,0,0,0,0,0,0,0,0,0,0,0,0,0,0,0,0,0,0,0,0,0
"84","7","Exposed","7.E","I","7EI9",9.30207247389981,6.60938052344156,0,7.08165686012033,0,0,7.21002665991064,0,0,0,0,0,6.17848701494574,0,0,0,0,0,0,0,0,0,0,0,0,6.09226856602025,0,0,0,0,0,0,0,0,0,0,0,0,0,0,0,0,0,0,0,0,5.42682852768344,0,0,0,0,0,0,0,0,0,0,0,0,0,0,0,0,0,0,0,0,0,0,0,0,0,0,0,0,0,0,0,0,0,0,0,0,0,0,0,0,0,0,3.23317655766845,0,0,0,0,0
"85","7","Exposed","7.E","J","7EJ5",7.47689082777207,6.48496671074444,0,8.7176764230664,10.0705043340727,0,8.46118707824252,0,0,0,0,0,1.94753258010587,5.35755200461809,0,0,4.57634937041645,0,0,0,0,0,0,0,0,0,0,0,0,0,0,0,3.25873426840017,0,0,0,1.94753258010587,0,0,0,0,0,0,0,0,0,0,0,0,0,0,0,0,0,0,0,0,0,0,0,0,0,1.94753258010587,0,0,0,0,0,0,0,0,0,0,0,0,0,0,0,0,0,0,0,0,0,0,0,0,0,0,0,0,0,0,0,0
"86","7","Exposed","7.E","L","7EL4",9.25717352269807,0,0,10.2954906703136,5.17598420833678,0,9.51312941407104,0,0,4.58678293634553,0,0,8.02455206029033,5.88708211452834,0,0,0,0,0,0,0,0,0,0,0,0,0,0,0,0,0,0,0,0,0,0,0,0,0,0,0,0,0,0,0,0,0,0,0,0,0,0,0,0,0,0,0,0,0,0,0,0,0,0,0,0,0,0,0,0,0,0,0,0,0,1.14543043952156,0,0,0,0,0,0,0,0,0,0,0,0,0,0,0,0,0,0,0
"87","7","Exposed","7.E","T","7ET7",7.04046869909641,8.55572764049841,3.0225259657015,7.06626819281164,8.42224458856133,6.51193102562356,6.87516015938862,0,3.39248059588767,0,0,0,1.75501441617639,0,0,0,5.37086339635745,0,0,0,0,0,0,0,0,0,0,0,0,0,0,0,0,0,0,0,0,0,0,0,0,0,0,0,0,0,0,0,0,0,0,0,0,0,0,0,0,0,0,0,0,0,0,0,0,1.75501441617639,0,0,0,0,0,0,0,0,0,0,0,0,0,0,0,0,0,0,0,0,0,0,0,0,0,0,0,0,0
"88","7","Exposed","7.E","U","7EU3",10.0065004389592,4.52978644096093,0,6.48216726280893,7.17638669545942,3.59092816755755,3.59092816755755,0,0,4.52978644096093,0,0,5.49821559855322,0,0,0,0,0,0,0,5.9489157173668,4.52978644096093,0,0,0,0,0,0,0,0,0,0,0,0,0,0,0,0,0,2.70594736231395,0,0,0,0,0,0,0,0,0,0,0,3.59092816755755,0,0,0,0,0,0,0,0,0,0,0,0,0,0,0,0,0,0,0,0,0,0,0,0,0,0,3.59092816755755,0,0,0,0,0,0,0,0,0,0,0,0,0,0,0,0
"89","7","Exposed","7.E","W","7EW1",9.15465466414748,0,0,8.12146571164272,0,6.86025823313308,9.76794465261235,0,2.99653387505006,8.95604793258315,0,0,6.7476189129899,0,0,0,2.64052886982837,0,0,3.2818471093212,6.34481486715141,0,0,0,0,0,0,0,0,0,0,0,0,0,0,0,0,0,0,4.33608394497886,0,0,0,0,0,0,0,5.09418594898607,0,0,0,0,0,0,0,0,0,0,0,0,0,0,0,0,0,0,0,0,3.51994494095447,0,0,0,0,0,0,0,0,0,0,0,0,0,0,0,0,0,0,0,0,0,0,0,0,0,0
"90","7","Exposed","7.E","X","7EX8",11.6869891507441,0,0,5.02473624061057,7.41703317420004,0,3.96005818297133,7.12256416646389,0,0,0,0,3.42071654840817,6.34157819552167,0,3.04990140413507,2.54951366471687,0,3.71544559679332,1.77702384608796,0,0,0,0,0,3.96005818297133,0,0,0,0,7.67865995923557,0,0,0,0,0,0,4.16914663884405,0,5.12848240924357,0,0,0,0,0,0,0,0,0,0,1.77702384608796,0,0,0,0,0,0,0,0,0,0,0,0,0,0,0,0,0,0,0,0,0,1.77702384608796,2.54951366471687,0,0,0,0,0,0,0,0,0,0,0,0,0,0,0,0,0,0,0,0,0
"91","7","Unexposed","7.U","F","7UF2",10.4457908360481,7.02421623742082,0,0,6.77258950389693,9.0389189892923,3.22239242133645,0,0,7.19803570819926,0,0,3.75488750216347,1.62449086490779,7.99529606677863,0,0,0,0,0,1.62449086490779,0,0,0,0,0,0,3.22239242133645,0,0,0,0,6.85278957160245,0,0,0,0,0,0,0,5.01122725542326,3.51306958223937,0,0,0,0,0,0,0,0,0,0,0,0,0,0,0,0,0,0,0,0,0,0,0,0,0,0,0,0,0,0,0,0,0,0,0,0,0,0,0,0,0,0,0,0,0,0,0,0,0,0,0,0,0
"92","7","Unexposed","7.U","G","7UG10",1.54384664693366,10.1894127720809,0,5.55388303217193,3.11483928018165,7.82688935424785,4.33321533816491,11.0984077673961,0,0,4.02907033960834,1.54384664693366,0,0,0,0,0,0,0,3.64319272917858,0,0,0,0,0,0,0,0,0,0,0,0,0,0,0,3.11483928018165,0,0,0,0,0,0,5.66699595485868,0,0,0,0,0,0,0,0,0,0,0,0,0,0,0,0,0,0,0,0,0,0,0,0,0,0,0,0,0,0,0,0,2.27244656375834,0,0,0,0,0,0,0,0,0,0,0,0,0,0,0,0,0,0,0
"93","7","Unexposed","7.U","I","7UI9",5.85479454317133,11.4667820243757,0,6.07362126859537,8.18040412839136,3.92770776101859,0,8.51541958904738,0,6.34994411466594,0,0,0,0,2.52088396098715,2.52088396098715,0,0,0,0,0,0,0,0,0,0,0,0,0,0,0,0,0,0,0,0,0,0,0,0,0,0,0,0,0,0,0,0,0,0,0,2.52088396098715,0,0,0,0,0,0,0,0,0,0,0,0,0,0,0,0,0,0,0,0,0,0,0,0,0,0,0,0,0,0,0,0,0,0,0,0,0,0,0,0,0,0,0
"94","7","Unexposed","7.U","J","7UJ3",8.53763397958095,0,0,2.06863235396027,2.88553070370357,0,0,0,3.4039036411484,0,0,0,0,0,0,0,0,0,0,0,0,0,0,0,0,0,2.06863235396027,0,0,0,0,0,0,0,0,0,0,0,0,0,0,0,0,0,0,0,0,0,0,0,0,0,0,0,0,0,0,0,0,0,0,0,0,0,0,0,0,0,0,0,0,0,0,0,0,0,0,0,0,0,0,0,0,0,0,0,0,0,0,0,0,0,0,0,0
"95","7","Unexposed","7.U","L","7UL5",8.59806392061939,10.4557117162709,14.9139473938378,4.98526572853028,0,9.46458959696328,2.02413690588151,0,0,0,0,0,4.49008183147748,0,7.6576417585526,5.24068892153753,2.48574289575315,0,4.38809654486779,0,0,0,0,0,0,3.11581759610286,0,0,0,0,0,0,0,0,0,0,2.48574289575315,0,0,0,0,0,0,0,0,0,0,0,0,0,0,0,0,0,0,0,0,1.34126981718837,0,0,0,0,0,0,0,0,0,0,0,0,0,0,0,0,0,0,0,0,0,0,0,0,0,0,0,0,0,0,0,0,0,0,0,0,0
"96","7","Unexposed","7.U","T","7UT7",10.826895011535,0,7.75331772206887,8.88921299919001,0,2.12290614753698,0,6.75998869027843,0,0,0,0,4.40150952167325,0,4.40150952167325,2.12290614753698,2.12290614753698,0,0,2.12290614753698,3.46820716297531,0,0,0,0,0,0,0,0,0,0,0,0,0,0,0,0,0,0,0,0,0,0,0,0,0,0,0,0,0,0,0,0,0,0,0,0,0,0,0,0,0,0,0,0,0,0,0,0,0,0,0,2.12290614753698,0,0,0,0,0,0,3.85028124696562,0,0,0,0,0,0,0,0,0,0,0,0,0,0,0
"97","7","Unexposed","7.U","U","7UU6",8.73873567363088,0,0,6.13026410847607,6.99084683785635,0,0,0,0,6.08037341646402,0,0,3.39558513661267,0,3.02553509210714,4.88613203544172,4.76502951258408,0,0,5.53101006264043,6.6582114827518,0,0,0,0,0,0,0,0,0,0,0,0,0,0,0,0,0,0,0,0,2.52654581449584,0,0,0,0,0,0,0,0,0,0,0,0,0,0,0,0,0,0,0,0,0,0,3.93411206434354,0,0,1.75742969672592,0,0,0,0,0,0,0,0,0,0,0,0,1.75742969672592,0,0,0,0,0,0,0,0,0,0,0,0,0,0
"98","7","Unexposed","7.U","W","7UW1",6.08416888586232,0,0,1.87727182893046,0,0,0,0,0,0,0,0,0,0,5.26427951083368,0,0,0,0,0,0,0,0,0,0,0,0,0,0,0,0,0,5.048129858726,0,0,0,0,0,0,0,0,0,0,0,0,0,0,0,0,0,0,0,0,0,0,0,0,0,0,0,0,0,0,0,0,0,0,0,0,0,0,0,0,0,0,0,0,0,0,0,0,0,0,0,0,0,0,0,0,0,0,0,0,0,0
"99","8","Exposed","8.E","F","8EF1",3.58122124079596,11.1747922058395,1.49986045865648,10.2509500588058,6.28137276745294,0,6.61312110621679,1.49986045865648,6.61312110621679,3.96580538425245,0,0,6.17588361405216,7.40250158126364,0,0,7.49312730969993,0,0,4.39983343373944,6.10101299797115,0,0,0,0,0,0,0,0,0,0,0,0,0,3.05530226595198,0,0,0,0,3.3420949873328,0,0,0,0,0,3.05530226595198,0,0,0,0,0,0,0,0,0,3.96580538425245,0,0,0,0,0,0,0,0,0,0,0,0,0,0,0,0,0,0,0,0,0,0,0,0,0,0,0,0,0,0,0,0,0,0,0,0,0,0,0
"100","8","Exposed","8.E","I","8EI8",7.4835425395663,5.29040940841228,0,0,3.77735284306814,0,9.83291682582166,0,3.24406142348135,0,0,0,7.13781609233767,0,5.12508506527042,0,4.4716063325834,0,0,4.9383336432594,0,0,3.24406142348135,0,0,0,0,4.1658438246305,0,4.4716063325834,0,0,0,0,0,0,0,0,0,0,0,0,0,0,0,0,0,0,0,0,0,0,0,0,0,0,0,0,0,0,0,0,0,0,0,0,0,0,0,0,0,0,0,0,0,0,0,0,0,0,0,0,0,0,0,0,0,0,0,0,0,0,0,0,0
"101","8","Exposed","8.E","J","8EJ3",8.98643055187927,1.2505434616506,1.91020332964936,7.43807484295121,8.68178365945339,5.40528820524509,8.72944494448612,1.2505434616506,0,5.66263768542871,0,0,3.4134820327768,0,1.2505434616506,4.90523137168683,3.21348136742905,0,0,0,0,0,5.94695667692434,0,0,0,4.34414282870289,5.20406514259292,0,0,0,0,0,0,0,0,0,0,0,0,0,0,0,0,0,0,0,0,0,0,1.2505434616506,0,0,0,0,0,0,0,0,0,0,0,0,0,0,1.2505434616506,0,0,0,0,0,0,0,0,0,0,0,0,0,0,0,0,0,0,0,0,0,0,0,0,0,0,0,0,0
"102","8","Exposed","8.E","L","8EL7",10.5376424994755,10.3410923505486,0,9.60306812751051,4.35173260754856,5.76548325004697,8.41280618489528,0,0,0,0,0,8.45333057605196,3.96005818297133,0,4.6594590692209,9.46124101485313,0,0,0,0,0,9.41068803686623,0,0,0,0,0,0,0,0,0,0,0,0,0,0,0,0,0,0,0,0,0,0,0,0,0,0,0,0,0,0,0,0,0,0,0,0,0,0,0,0,0,0,0,0,0,0,0,0,0,0,4.35173260754856,0,0,0,0,0,0,0,0,0,0,0,0,0,0,0,0,0,0,0,0,0
"103","8","Exposed","8.E","S","8ES4",4.66138224235974,4.66138224235974,0,6.06549093416022,0,0,4.66138224235974,0,0,5.29257727115495,0,0,6.56605403817109,0,0,0,0,0,0,0,0,0,3.89616418901546,0,0,0,0,0,0,0,0,0,0,0,0,0,0,0,0,0,0,0,0,0,0,0,0,0,0,0,0,0,0,0,0,0,0,0,0,0,0,0,0,3.51306958223937,0,0,0,0,0,0,0,0,0,0,0,0,0,0,0,0,0,0,0,0,0,0,0,0,0,0,0,0,0,0,0
"104","8","Exposed","8.E","W","8EW2",8.98938421519235,0,0,10.2218731126163,5.12169617250871,5.30915228046013,4.90619347308184,0,2.5437230032557,0,0,0,5.99552821439924,6.80878545766405,0,2.5437230032557,5.62378431949924,0,0,6.29084248726255,0,0,3.41438395678029,0,0,3.41438395678029,0,0,0,0,0,0,0,0,0,0,0,0,0,0,0,0,0,0,0,2.5437230032557,0,0,0,0,0,0,0,0,0,0,0,0,0,0,0,0,0,0,0,0,0,0,0,0,0,0,0,0,0,0,0,0,0,0,0,0,0,0,0,0,0,0,0,0,0,0,0,0,0
"105","8","Exposed","8.E","X","8EX9",7.15054787922835,0,0,0,0,4.13729943136648,7.61486254742313,0,0,0,0,0,4.44273705740796,0,3.74933396908788,0,0,0,0,0,0,0,0,0,0,0,0,0,0,0,0,0,0,0,0,0,0,0,0,0,0,0,0,0,0,0,0,0,0,0,0,0,0,0,0,0,0,0,0,0,0,0,0,0,0,0,0,0,0,0,0,3.21703759728043,0,0,0,0,0,0,0,0,0,0,0,0,0,0,0,0,0,0,0,0,0,0,0
"106","8","Unexposed","8.U","F","8UF3",10.8519830807942,0,0,0,5.10934188083875,0,8.98201099145913,0,0,8.25047927668557,0,0,5.02933607310395,0,0,3.07874466636533,2.24012952607853,0,0,4.75866367263136,0,0,0,0,0,0,0,0,0,0,0,0,0,0,0,0,0,0,2.71953222571551,0,0,0,0,0,0,0,0,0,0,0,0,0,0,0,0,0,0,0,0,0,0,0,1.51712317170536,0,0,0,0,1.51712317170536,0,3.81099639935151,0,0,0,0,0,0,0,0,0,0,0,0,0,0,0,0,0,0,0,0,0,0,0,0,0
"107","8","Unexposed","8.U","I","8UI9",7.38222754525365,9.20197611391616,0,0,3.46600726831132,0,9.85428108308052,0,0,8.21666056480554,0,0,4.39920545229137,0,6.0515163893705,0,0,0,0,0,0,2.59099132287058,0,0,0,0,0,0,0,0,0,0,0,0,2.59099132287058,0,0,0,0,0,0,2.59099132287058,0,0,0,0,0,0,0,0,0,0,0,0,0,0,0,0,0,0,0,0,0,0,0,0,0,0,0,0,0,0,0,0,0,0,0,0,0,0,0,0,0,0,0,0,0,0,0,0,0,0,0,0,0
"108","8","Unexposed","8.U","S","8US8",5.21085779021384,3.32322723503899,0,0,0,0,4.24929499699706,0,0,0,0,0,0,0,0,0,0,0,0,0,0,0,0,0,0,0,0,0,0,0,0,0,0,0,0,0,0,0,0,0,0,0,0,0,0,0,0,0,0,0,0,0,0,0,0,0,0,0,0,0,0,0,0,0,0,0,0,0,0,0,0,0,0,0,0,0,0,0,0,0,0,0,0,0,0,0,0,0,0,0,0,0,0,0,0
"109","8","Unexposed","8.U","T","8UT5",11.3625331585277,9.89758863445773,4.709138014362,7.56741801736243,2.0512516997237,0,7.05610086981098,2.0512516997237,0,0,0,0,5.68129366987738,0,0,0,3.76326457273815,0,0,0,0,0,0,0,0,0,0,0,0,0,0,0,0,0,0,0,0,0,0,0,0,0,0,0,0,0,0,0,0,0,0,0,0,0,0,0,0,0,0,0,0,0,0,0,0,0,0,2.0512516997237,0,0,0,0,0,0,0,0,0,0,0,0,0,0,0,0,0,0,0,0,0,0,0,0,0,0,0
"110","8","Unexposed","8.U","U","8UU7",10.4605029720543,6.44637032653567,0,8.05184960049776,9.70448007496718,0,4.18914291698646,0,6.78392022113369,2.75427319726133,0,0,5.1490462717664,0,0,0,6.24246233893742,0,0,7.33913328839657,0,0,0,0,0,0,2.75427319726133,0,0,0,0,0,0,0,0,0,0,0,0,0,0,2.75427319726133,0,0,0,0,0,0,0,0,0,0,2.75427319726133,3.64319272917858,0,0,0,0,0,0,0,0,0,4.18914291698646,3.64319272917858,0,0,0,0,0,0,0,0,0,0,0,0,0,0,0,0,0,0,0,0,0,0,0,0,0,0,3.64319272917858,0,0,0
"111","8","Unexposed","8.U","W","8UW1",9.06252854738919,11.2504364981919,0,5.5738629879989,0,0,9.32976729712096,10.2753586067505,0,0,0,0,2.62792129042715,7.90292958720346,0,0,0,0,0,0,0,0,0,0,0,0,0,0,0,0,0,0,0,0,0,0,0,0,0,0,0,0,0,0,0,0,0,0,0,0,0,0,0,0,0,0,0,0,0,0,0,0,0,0,0,0,0,0,0,0,0,0,0,0,0,0,0,0,0,0,0,0,0,0,0,0,0,0,0,0,0,0,0,0,0
"112","8","Unexposed","8.U","X","8UX10",0,0,0,0,0,0,5.37644808406183,0,0,0,0,0,0,5.78277689933694,0,0,0,0,0,0,0,0,0,0,0,0,0,0,0,0,0,0,0,0,0,0,0,0,0,0,0,0,0,0,0,0,0,0,0,0,0,0,0,0,0,0,0,0,0,0,0,0,0,0,0,0,0,0,0,0,0,0,0,0,0,0,0,0,0,0,0,0,0,0,0,0,0,0,0,0,0,0,0,0,0
"113","9","Exposed","9.E","F","9EF3",0,6.65293094158735,0,5.90786625857951,8.61523939058963,4.28171193537566,7.06437985949365,0,0,0,0,0,0,0,0,0,0,0,2.22959927365109,0,0,3.97820914128827,0,0,0,0,0,0,0,0,0,0,0,0,0,0,0,0,0,0,0,0,0,0,0,0,0,0,0,0,0,0,0,0,0,0,0,0,5.37817886000906,0,0,0,0,0,0,0,0,0,0,0,0,0,0,0,0,0,0,0,0,0,0,0,0,0,0,0,0,0,0,0,0,0,0,0,0
"114","9","Exposed","9.E","G","9EG5",0,3.60563470385165,7.88042149371498,7.71126160625317,6.61226792273043,10.6460994207551,6.08829228279807,0,2.24012952607853,3.81099639935151,0,0,6.27333112320119,4.29439827582655,0,6.12724745450132,0,0,0,0,0,3.99073518594831,0,0,0,0,0,4.29439827582655,0,0,0,0,0,4.15054152387372,0,0,0,0,0,0,0,0,0,0,0,0,0,0,0,0,0,0,0,0,0,0,0,0,0,0,0,0,1.51712317170536,0,0,0,0,0,0,0,0,0,0,0,0,0,0,0,0,0,0,0,0,0,0,0,0,0,0,0,0,0,0,0,0
"115","9","Exposed","9.E","S","9ES9",1.42411679318971,4.88847677590306,0,11.5504180531039,5.04380520413816,8.29522395017183,7.71255594865392,0,4.61876861762124,4.61876861762124,0,0,6.26223724235405,3.47261905086962,0,0,0,0,0,0,0,0,7.61681490209755,0,0,1.42411679318971,0,0,0,0,0,0,0,0,0,0,0,0,0,0,0,0,0,0,0,0,0,0,0,0,0,0,0,0,0,0,0,0,0,0,0,0,0,0,0,0,0,0,0,0,0,0,0,0,0,0,0,0,0,0,0,0,0,0,0,0,0,0,0,0,0,0,0,0,0
"116","9","Exposed","9.E","U","9EU10",4.17744083442419,10.6534601017152,0,0,6.77164935564928,9.00512067665358,8.86228854080676,0,2.74373160334846,6.11636617859224,0,0,0,0,0,4.88215531106128,0,0,0,0,8.07042296787501,0,4.73557772004196,0,0,5.70824384115435,0,0,0,0,0,0,0,0,0,0,0,5.62740397210412,0,0,0,0,0,0,0,0,0,0,0,0,0,0,0,0,0,0,0,0,0,0,0,0,0,0,0,0,0,0,0,0,0,0,0,0,0,0,0,0,0,0,1.94448473902113,0,0,0,0,0,0,0,0,0,0,0,0,0,0
"117","9","Exposed","9.E","W","9EW1",4.47900081588246,12.1774712147248,0,8.6642997903013,9.55051386514042,8.9751089597805,8.43116495664341,0,0,5.24775725380559,0,0,6.16244778039666,4.15511317816779,5.44628590611869,4.91398953431124,0,0,0,0,0,2.72364181511555,2.45530878860708,0,0,0,1.08479647341909,5.77641090176933,0,0,0,0,0,0,4.243152631881,0,0,0,0,0,2.94980708630464,0,0,0,0,0,0,0,0,0,1.08479647341909,0,0,0,0,0,0,0,0,0,0,0,0,0,0,0,0,0,0,0,0,0,0,0,0,0,0,0,0,0,0,0,0,0,0,0,0,0,0,0,0,0,0,0,0
"118","9","Exposed","9.E","X","9EX8",10.2974844466513,3.73830080485003,0,8.99134187476208,6.12480513783045,5.60344972809904,6.73903940830732,0,0,5.49479034107498,0,0,4.35052219231649,8.49500898306173,0,4.58060919499473,0,0,0,0,0,0,0,0,0,0,0,2.65329057552458,0,0,0,0,0,0,0,0,0,4.86881983345083,0,0,0,0,0,0,0,0,0,0,0,0,0,0,0,0,0,0,0,0,0,0,0,0,0,0,0,0,0,0,0,0,0,0,0,0,0,0,0,0,0,0,0,0,0,0,0,0,0,0,0,0,0,0,0,0,0
"119","9","Unexposed","9.U","F","9UF3",10.949007535811,6.01338389718517,0,0,10.9117204867772,0,7.33170270254763,0,0,6.36001920494727,0,0,6.54079081924687,0,0,0,3.58073791485943,0,0,5.55620350773973,0,0,2.92199748799873,0,0,0,0,0,0,0,0,5.55620350773973,0,0,0,0,0,0,0,0,0,0,0,0,0,0,0,0,0,0,1.67490462603396,0,0,0,0,0,0,0,0,0,0,0,0,0,0,0,0,0,0,0,0,3.28864350317529,0,0,0,0,0,0,0,0,0,0,3.28864350317529,0,0,0,0,0,0,0,0,0,0,0,0
"120","9","Unexposed","9.U","G","9UG5",8.09468897990791,1.57921470411084,0,0,9.44876288706324,0,6.49925945466943,1.57921470411084,3.45158802352383,3.8988372530966,0,0,8.03032159696828,0,7.80518935742841,0,0,0,0,7.91621782012235,0,0,2.79996068299654,0,0,0,0,1.57921470411084,0,0,0,0,0,0,0,0,0,0,3.69247511863473,0,0,1.57921470411084,0,0,0,3.16225617253632,0,0,0,0,0,0,4.07934163275662,0,4.38409925734413,3.16225617253632,0,0,0,0,0,4.239752724288,0,0,0,0,0,0,0,0,0,0,0,0,0,0,0,0,0,0,0,0,0,0,0,0,0,0,0,0,0,0,0,0,0
"121","9","Unexposed","9.U","I","9UI9",11.3396683048916,6.63583557475526,0,0,0,0,0,0,0,5.00396569344945,0,0,0,0,0,0,4.04823980030202,0,0,0,0,0,0,0,0,0,0,0,0,0,0,0,0,0,0,0,0,0,0,0,0,0,0,0,0,0,0,0,0,0,0,0,0,0,0,0,0,0,0,0,0,0,0,0,0,0,0,0,0,0,0,0,0,0,0,0,0,0,0,0,0,0,0,0,0,0,0,0,0,0,0,0,0,0,0
"122","9","Unexposed","9.U","J","9UJ1",10.2786059760702,10.4529713825282,0,0,9.8721672897528,0,5.85143895113203,0,5.44470653534578,0,0,0,7.53447535831637,0,0,0,0,0,0,6.5961104370669,0,0,4.69056767304572,0,0,0,2.18462919421995,0,0,0,0,0,0,0,0,0,0,0,0,3.01653172388989,0,2.18462919421995,0,0,0,0,0,0,0,0,0,0,0,0,0,0,0,0,0,0,0,0,0,3.54080817111492,0,0,0,0,0,0,0,0,0,0,0,0,0,0,0,0,0,0,0,0,0,0,0,0,0,0,0,0,0,0,0
"123","9","Unexposed","9.U","L","9UL4",11.2132292447318,0,0,0,7.02443718231592,0,0,0,0,0,0,0,0,0,0,0,0,0,0,5.10822430177014,0,0,0,0,0,0,0,0,0,0,0,0,0,0,0,0,0,0,0,0,0,0,0,0,0,0,0,0,0,0,0,0,0,0,0,0,0,0,0,0,0,0,0,0,0,0,0,0,0,0,0,0,0,0,0,0,0,0,0,0,0,0,0,0,0,0,0,0,0,0,0,0,0,0,0
"124","9","Unexposed","9.U","S","9US7",9.21530630871691,7.88365035387426,0,0,8.2904239987704,0,6.82130091837016,0,5.55930354554969,2.92474726018956,0,0,3.58364074612491,0,0,0,1.67708070270959,0,0,4.52218270639088,0,0,0,0,0,0,3.58364074612491,0,0,4.88613203544172,0,0,0,0,0,0,0,0,0,0,0,0,0,0,0,1.67708070270959,0,0,0,1.67708070270959,0,0,0,0,2.92474726018956,0,0,0,0,0,0,0,1.67708070270959,0,0,0,0,0,0,0,0,0,0,0,0,0,0,0,0,0,0,0,0,0,0,0,0,0,0,0,0,0,0,0,0
"125","9","Unexposed","9.U","T","9UT6",12.6628195624858,0,0,0,8.18884194141364,2.79383723760097,10.2948422801483,0,3.98520851480646,8.78191419029668,0,0,5.59925068084223,0,0,0,0,0,0,0,0,0,0,0,0,0,1.9881789689115,0,0,0,0,0,0,0,0,0,0,0,0,0,0,0,4.93892514638896,0,0,0,0,0,0,0,0,0,0,0,0,0,0,0,0,0,0,0,1.9881789689115,0,0,0,0,0,0,0,4.23297951901199,0,0,0,0,0,0,0,0,0,0,0,0,0,0,0,0,0,0,0,0,0,0,0,0
"126","9","Unexposed","9.U","U","9UU10",10.2070913630686,0,0,1.41203875564901,6.03966599464061,8.18009088226621,4.13842914851307,0,0,0,0,0,6.74567153249869,0,3.83683673918495,0,4.2684662272262,0,0,7.6099333932727,0,0,0,0,0,0,0,0,0,0,0,0,0,0,0,0,0,0,0,0,0,0,0,4.6958236809245,0,0,0,0,0,0,0,0,0,0,0,0,0,0,0,0,0,0,0,0,0,0,0,0,0,0,0,0,0,0,0,0,0,0,0,0,0,0,0,0,0,0,0,0,0,0,0,0,0,0,0
"127","9","Unexposed","9.U","W","9UW2",12.026825989452,8.56057167123656,0,0,0,0,5.20701432017753,3.91288933622996,0,3.91288933622996,0,0,7.09737376899022,0,2.5077946401987,0,0,0,0,6.12412131182919,0,8.21856323619027,0,0,0,0,0,0,0,0,0,0,0,0,0,0,2.85798099512757,0,0,0,0,3.91288933622996,0,2.85798099512757,0,0,0,0,0,0,1.35755200461808,0,0,0,0,0,0,0,0,0,0,0,0,0,0,0,0,0,0,0,0,0,0,0,0,0,0,0,0,0,0,0,0,0,0,0,0,0,0,0,2.04439411935845,0,0,0,0
"128","9","Unexposed","9.U","X","9UX8",11.1822776739219,6.34596993375812,0,0,10.2206836566757,6.7629336585831,0,0,4.74550433682429,0,0,0,3.93990377965539,0,3.26428440684373,0,0,0,0,5.14703333873053,0,0,0,0,0,0,0,0,0,0,0,0,0,0,0,0,0,0,3.79830792273753,0,0,0,0,0,0,0,0,0,0,0,0,0,0,0,0,0,0,1.28375600367424,0,0,0,0,0,0,0,0,0,0,0,0,0,0,0,0,0,0,0,0,0,0,0,0,0,0,0,0,0,0,0,0,0,0,0,0,0
